Country,Code,Year,Life expectancy (years),"Money per person (GDP, US dollars)",Population (people)
Afghanistan,AFG,1952,29.0,1189.0,7987784
Afghanistan,AFG,1953,29.5,1240.0,8096703
Afghanistan,AFG,1954,29.7,1245.0,8207954
Afghanistan,AFG,1955,30.4,1246.0,8326981
Afghanistan,AFG,1956,30.8,1278.0,8454303
Afghanistan,AFG,1957,31.3,1253.0,8588340
Afghanistan,AFG,1958,31.8,1298.0,8723412
Afghanistan,AFG,1959,32.3,1307.0,8869270
Afghanistan,AFG,1960,32.8,1326.0,9035048
Afghanistan,AFG,1961,33.3,1309.0,9214082
Afghanistan,AFG,1962,33.8,1302.0,9404410
Afghanistan,AFG,1963,34.2,1298.0,9604491
Afghanistan,AFG,1964,34.7,1291.0,9814317
Afghanistan,AFG,1965,35.1,1290.0,10036003
Afghanistan,AFG,1966,35.6,1272.0,10266397
Afghanistan,AFG,1967,36.0,1277.0,10505961
Afghanistan,AFG,1968,36.5,1290.0,10756924
Afghanistan,AFG,1969,37.0,1278.0,11017417
Afghanistan,AFG,1970,37.5,1272.0,11290134
Afghanistan,AFG,1971,37.9,1237.0,11567672
Afghanistan,AFG,1972,38.4,1007.0,11853698
Afghanistan,AFG,1973,39.0,1011.0,12158000
Afghanistan,AFG,1974,39.5,1039.0,12469127
Afghanistan,AFG,1975,40.0,1074.0,12773966
Afghanistan,AFG,1976,40.5,1105.0,13059861
Afghanistan,AFG,1977,41.1,1022.0,13340758
Afghanistan,AFG,1978,40.1,1070.0,13611444
Afghanistan,AFG,1979,38.8,1023.0,13655575
Afghanistan,AFG,1980,39.3,1019.0,13169313
Afghanistan,AFG,1981,39.4,1144.0,11937586
Afghanistan,AFG,1982,36.1,1270.0,10991380
Afghanistan,AFG,1983,36.5,1347.0,10917985
Afghanistan,AFG,1984,31.5,1337.0,11190222
Afghanistan,AFG,1985,32.1,1304.0,11426855
Afghanistan,AFG,1986,38.4,1344.0,11420074
Afghanistan,AFG,1987,38.8,1211.0,11387822
Afghanistan,AFG,1988,43.2,1101.0,11523299
Afghanistan,AFG,1989,44.5,999.0,11874089
Afghanistan,AFG,1990,45.1,963.0,12045664
Afghanistan,AFG,1991,45.5,881.2,12238879
Afghanistan,AFG,1992,46.6,843.9,13278983
Afghanistan,AFG,1993,51.0,578.4,14943175
Afghanistan,AFG,1994,51.0,428.4,16250800
Afghanistan,AFG,1995,52.1,632.9,17065837
Afghanistan,AFG,1996,52.8,600.2,17763266
Afghanistan,AFG,1997,53.2,570.6,18452100
Afghanistan,AFG,1998,52.5,545.0,19159996
Afghanistan,AFG,1999,54.5,518.7,19887792
Afghanistan,AFG,2000,55.0,502.4,20130334
Afghanistan,AFG,2001,55.5,489.7,20284303
Afghanistan,AFG,2002,56.2,796.8,21378123
Afghanistan,AFG,2003,57.2,842.8,22733053
Afghanistan,AFG,2004,57.8,869.0,23560656
Afghanistan,AFG,2005,58.2,964.4,24404575
Afghanistan,AFG,2006,58.6,1057.1,25424100
Afghanistan,AFG,2007,59.0,1260.0,25909852
Afghanistan,AFG,2008,59.7,1319.6,26482631
Afghanistan,AFG,2009,60.2,1557.3,27466102
Afghanistan,AFG,2010,60.7,1627.7,28284088
Afghanistan,AFG,2011,61.3,1792.0,29347708
Afghanistan,AFG,2012,61.7,1945.0,30560036
Afghanistan,AFG,2013,62.2,2025.0,31622709
Afghanistan,AFG,2014,62.3,2022.0,32792528
Afghanistan,AFG,2015,62.3,1928.0,33831767
Afghanistan,AFG,2016,62.6,1931.2,34700613
Afghanistan,AFG,2017,62.4,1909.7,35688941
Afghanistan,AFG,2018,62.4,1888.8,36743040
Afghanistan,AFG,2019,62.9,2031.7,37856125
Afghanistan,AFG,2020,61.5,1928.5,39068977
Afghanistan,AFG,2021,60.4,1485.5,40000410
Afghanistan,AFG,2022,65.6,1358.0,40578847
Albania,ALB,1952,46.3,1667.0,1308368
Albania,ALB,1953,47.4,1736.0,1343581
Albania,ALB,1954,48.4,1785.0,1381088
Albania,ALB,1955,49.6,1882.0,1418855
Albania,ALB,1956,50.8,1902.0,1456823
Albania,ALB,1957,52.3,2023.0,1497954
Albania,ALB,1958,53.7,2114.0,1543982
Albania,ALB,1959,55.1,2201.0,1595021
Albania,ALB,1960,56.4,2313.0,1649393
Albania,ALB,1961,57.5,2332.0,1698801
Albania,ALB,1962,58.5,2409.0,1743739
Albania,ALB,1963,59.5,2491.0,1791289
Albania,ALB,1964,60.4,2576.0,1841445
Albania,ALB,1965,61.3,2670.0,1894317
Albania,ALB,1966,62.1,2770.0,1950049
Albania,ALB,1967,63.0,2876.0,2008524
Albania,ALB,1968,63.8,2979.0,2068848
Albania,ALB,1969,64.5,3080.0,2126885
Albania,ALB,1970,65.2,3194.0,2181226
Albania,ALB,1971,65.9,3322.0,2234995
Albania,ALB,1972,66.5,3451.0,2289265
Albania,ALB,1973,67.1,3623.0,2344108
Albania,ALB,1974,67.6,3637.0,2399397
Albania,ALB,1975,68.1,3649.0,2454861
Albania,ALB,1976,68.6,3665.0,2510579
Albania,ALB,1977,69.0,3681.0,2566603
Albania,ALB,1978,69.4,3696.0,2624620
Albania,ALB,1979,69.6,3716.0,2681393
Albania,ALB,1980,69.9,3741.0,2735424
Albania,ALB,1981,70.1,3762.0,2790413
Albania,ALB,1982,70.4,3783.0,2846910
Albania,ALB,1983,70.7,3805.0,2905128
Albania,ALB,1984,71.0,3826.0,2964961
Albania,ALB,1985,71.3,3846.0,3026245
Albania,ALB,1986,71.7,3870.0,3087658
Albania,ALB,1987,72.0,3894.0,3148843
Albania,ALB,1988,72.2,3920.0,3212924
Albania,ALB,1989,72.5,3948.0,3260369
Albania,ALB,1990,72.7,3983.0,3277965
Albania,ALB,1991,73.0,2942.1,3282608
Albania,ALB,1992,73.3,2841.8,3282506
Albania,ALB,1993,73.6,3137.0,3277831
Albania,ALB,1994,73.8,3399.7,3269417
Albania,ALB,1995,74.0,3666.7,3258573
Albania,ALB,1996,74.1,3965.7,3245680
Albania,ALB,1997,73.4,3527.0,3229665
Albania,ALB,1998,74.4,3873.4,3210134
Albania,ALB,1999,74.6,4432.0,3188598
Albania,ALB,2000,74.8,4808.5,3166147
Albania,ALB,2001,75.1,5285.8,3147943
Albania,ALB,2002,75.3,5609.0,3134095
Albania,ALB,2003,75.6,6004.6,3118093
Albania,ALB,2004,76.0,6419.9,3098662
Albania,ALB,2005,76.4,6858.5,3076156
Albania,ALB,2006,77.0,7347.3,3050805
Albania,ALB,2007,77.7,7866.2,3022887
Albania,ALB,2008,78.2,8522.1,2992933
Albania,ALB,2009,78.5,8859.5,2961487
Albania,ALB,2010,78.4,9223.0,2928731
Albania,ALB,2011,78.3,9484.0,2911499
Albania,ALB,2012,78.1,9634.3,2910003
Albania,ALB,2013,78.0,9748.7,2907571
Albania,ALB,2014,78.0,9942.3,2903748
Albania,ALB,2015,78.4,10192.5,2898634
Albania,ALB,2016,78.6,10547.3,2897868
Albania,ALB,2017,78.9,10958.3,2898245
Albania,ALB,2018,79.2,11426.9,2894229
Albania,ALB,2019,79.5,11715.3,2885011
Albania,ALB,2020,77.8,11372.5,2871950
Albania,ALB,2021,76.8,12455.9,2849641
Albania,ALB,2022,78.8,12978.1,2827614
Algeria,DZA,1952,43.5,2193.0,9521212
Algeria,DZA,1953,43.6,2182.0,9772644
Algeria,DZA,1954,40.6,2291.0,10014393
Algeria,DZA,1955,40.9,2303.0,10247429
Algeria,DZA,1956,40.9,2475.0,10482183
Algeria,DZA,1957,40.9,2699.0,10717503
Algeria,DZA,1958,40.9,2740.0,10953641
Algeria,DZA,1959,40.9,3178.0,11189621
Algeria,DZA,1960,40.8,3328.0,11424930
Algeria,DZA,1961,40.8,2868.0,11628877
Algeria,DZA,1962,39.5,2284.0,11800768
Algeria,DZA,1963,43.1,2818.0,11982121
Algeria,DZA,1964,43.0,2879.0,12179807
Algeria,DZA,1965,42.8,2981.0,12365979
Algeria,DZA,1966,42.7,2750.0,12590068
Algeria,DZA,1967,42.7,2907.0,12876115
Algeria,DZA,1968,42.8,3151.0,13172615
Algeria,DZA,1969,43.0,3355.0,13475959
Algeria,DZA,1970,43.3,3585.0,13783722
Algeria,DZA,1971,43.8,3188.0,14098937
Algeria,DZA,1972,44.4,3746.0,14427075
Algeria,DZA,1973,45.1,3757.0,14771150
Algeria,DZA,1974,46.0,3870.0,15133508
Algeria,DZA,1975,46.9,4020.0,15678603
Algeria,DZA,1976,48.0,4157.0,16409171
Algeria,DZA,1977,49.2,4398.0,17015988
Algeria,DZA,1978,50.6,4812.0,17506977
Algeria,DZA,1979,52.4,5088.0,18036655
Algeria,DZA,1980,54.5,5024.0,18607175
Algeria,DZA,1981,57.4,4991.0,19220708
Algeria,DZA,1982,59.6,5145.0,19872353
Algeria,DZA,1983,61.3,5243.0,20558120
Algeria,DZA,1984,62.7,5361.0,21271969
Algeria,DZA,1985,64.2,5469.0,22008542
Algeria,DZA,1986,65.3,5262.0,22745501
Algeria,DZA,1987,66.1,5088.0,23443627
Algeria,DZA,1988,66.9,4850.0,24109538
Algeria,DZA,1989,67.5,4889.0,24754488
Algeria,DZA,1990,67.7,4697.0,25375815
Algeria,DZA,1991,67.7,4708.2,25987937
Algeria,DZA,1992,67.7,4850.2,26628570
Algeria,DZA,1993,67.8,4816.9,27277042
Algeria,DZA,1994,67.3,4857.0,27887277
Algeria,DZA,1995,67.7,5142.4,28470194
Algeria,DZA,1996,68.2,5451.6,29033045
Algeria,DZA,1997,68.9,5638.5,29579299
Algeria,DZA,1998,69.3,6069.8,30054135
Algeria,DZA,1999,70.1,6421.5,30474360
Algeria,DZA,2000,70.6,6834.6,30903894
Algeria,DZA,2001,71.0,7218.2,31331226
Algeria,DZA,2002,71.6,7814.8,31750832
Algeria,DZA,2003,71.9,8590.2,32175813
Algeria,DZA,2004,72.5,9182.3,32628286
Algeria,DZA,2005,72.8,9969.6,33109258
Algeria,DZA,2006,73.1,10385.8,33623505
Algeria,DZA,2007,73.3,10974.7,34189420
Algeria,DZA,2008,73.6,11475.0,34816963
Algeria,DZA,2009,73.9,11907.0,35490442
Algeria,DZA,2010,74.1,12587.7,36188237
Algeria,DZA,2011,74.4,13204.0,36903374
Algeria,DZA,2012,74.6,13392.9,37646165
Algeria,DZA,2013,74.8,13508.3,38414176
Algeria,DZA,2014,75.0,13760.4,39205035
Algeria,DZA,2015,75.2,14007.9,40019528
Algeria,DZA,2016,75.3,14198.3,40850719
Algeria,DZA,2017,75.4,14149.9,41689302
Algeria,DZA,2018,75.6,14083.8,42505033
Algeria,DZA,2019,75.7,14000.3,43294551
Algeria,DZA,2020,73.3,13086.3,44042094
Algeria,DZA,2021,75.2,13337.3,44761099
Algeria,DZA,2022,76.1,13506.4,45477391
American Samoa,ASM,1952,60.2,,19576
American Samoa,ASM,1953,60.8,,19691
American Samoa,ASM,1954,61.3,,19782
American Samoa,ASM,1955,61.8,,19877
American Samoa,ASM,1956,62.3,,19960
American Samoa,ASM,1957,62.9,,19983
American Samoa,ASM,1958,63.6,,19950
American Samoa,ASM,1959,64.3,,19931
American Samoa,ASM,1960,65.1,,20159
American Samoa,ASM,1961,65.6,,20686
American Samoa,ASM,1962,66.0,,21317
American Samoa,ASM,1963,66.2,,21992
American Samoa,ASM,1964,66.1,,22692
American Samoa,ASM,1965,66.0,,23429
American Samoa,ASM,1966,58.3,,24157
American Samoa,ASM,1967,65.8,,24891
American Samoa,ASM,1968,65.8,,25629
American Samoa,ASM,1969,66.0,,26393
American Samoa,ASM,1970,66.4,,27052
American Samoa,ASM,1971,66.8,,27556
American Samoa,ASM,1972,67.2,,28019
American Samoa,ASM,1973,67.6,,28465
American Samoa,ASM,1974,68.0,,28896
American Samoa,ASM,1975,68.3,,29407
American Samoa,ASM,1976,68.5,,29981
American Samoa,ASM,1977,68.7,,30543
American Samoa,ASM,1978,68.9,,31098
American Samoa,ASM,1979,69.1,,31632
American Samoa,ASM,1980,69.4,,32427
American Samoa,ASM,1981,69.7,,33606
American Samoa,ASM,1982,70.0,,34937
American Samoa,ASM,1983,70.2,,36291
American Samoa,ASM,1984,70.3,,37690
American Samoa,ASM,1985,70.5,,39128
American Samoa,ASM,1986,70.7,,40588
American Samoa,ASM,1987,70.8,,42095
American Samoa,ASM,1988,70.9,,43634
American Samoa,ASM,1989,70.9,,45207
American Samoa,ASM,1990,71.1,,46659
American Samoa,ASM,1991,71.3,,47903
American Samoa,ASM,1992,71.5,,49054
American Samoa,ASM,1993,71.5,,50178
American Samoa,ASM,1994,71.6,,51273
American Samoa,ASM,1995,71.6,,52339
American Samoa,ASM,1996,71.6,,53378
American Samoa,ASM,1997,71.6,,54385
American Samoa,ASM,1998,71.5,,55354
American Samoa,ASM,1999,71.5,,56267
American Samoa,ASM,2000,71.4,,56877
American Samoa,ASM,2001,71.6,,57072
American Samoa,ASM,2002,71.8,,57081
American Samoa,ASM,2003,71.7,,56988
American Samoa,ASM,2004,72.3,,56841
American Samoa,ASM,2005,72.4,,56638
American Samoa,ASM,2006,72.4,,56391
American Samoa,ASM,2007,72.4,,56134
American Samoa,ASM,2008,72.4,,55848
American Samoa,ASM,2009,70.8,,55542
American Samoa,ASM,2010,72.6,,55246
American Samoa,ASM,2011,72.7,,54917
American Samoa,ASM,2012,72.7,,54506
American Samoa,ASM,2013,72.8,,54026
American Samoa,ASM,2014,72.7,,53489
American Samoa,ASM,2015,72.7,,52896
American Samoa,ASM,2016,72.6,,52260
American Samoa,ASM,2017,72.8,,51605
American Samoa,ASM,2018,72.8,,50927
American Samoa,ASM,2019,72.8,,50230
American Samoa,ASM,2020,72.7,,49779
American Samoa,ASM,2021,72.7,,49249
American Samoa,ASM,2022,72.8,,48365
Andorra,AND,1952,67.9,,5474
Andorra,AND,1953,68.6,,5346
Andorra,AND,1954,69.3,,5623
Andorra,AND,1955,69.8,,6187
Andorra,AND,1956,70.2,,6788
Andorra,AND,1957,70.6,,7420
Andorra,AND,1958,71.2,,8090
Andorra,AND,1959,71.6,,8794
Andorra,AND,1960,72.1,,9532
Andorra,AND,1961,72.6,,10307
Andorra,AND,1962,73.0,,11107
Andorra,AND,1963,73.3,,11936
Andorra,AND,1964,73.6,,12787
Andorra,AND,1965,73.9,,13656
Andorra,AND,1966,74.0,,14649
Andorra,AND,1967,74.1,,15860
Andorra,AND,1968,74.2,,17201
Andorra,AND,1969,74.3,,18581
Andorra,AND,1970,74.5,,19999
Andorra,AND,1971,74.6,,21466
Andorra,AND,1972,74.9,,22978
Andorra,AND,1973,75.1,,24544
Andorra,AND,1974,75.3,,26153
Andorra,AND,1975,75.6,,27799
Andorra,AND,1976,75.9,,29457
Andorra,AND,1977,76.2,,31125
Andorra,AND,1978,76.5,,32758
Andorra,AND,1979,76.8,,34326
Andorra,AND,1980,77.1,,35802
Andorra,AND,1981,77.4,,37194
Andorra,AND,1982,77.6,,38785
Andorra,AND,1983,77.8,,40586
Andorra,AND,1984,77.9,,42291
Andorra,AND,1985,78.0,,43845
Andorra,AND,1986,78.1,,45758
Andorra,AND,1987,78.2,,47677
Andorra,AND,1988,78.4,,49441
Andorra,AND,1989,78.6,,50638
Andorra,AND,1990,79.0,,52616
Andorra,AND,1991,79.3,,56691
Andorra,AND,1992,79.8,,60217
Andorra,AND,1993,80.2,,63293
Andorra,AND,1994,80.6,,64631
Andorra,AND,1995,80.8,,63936
Andorra,AND,1996,81.0,,64006
Andorra,AND,1997,81.1,,64722
Andorra,AND,1998,81.3,,65400
Andorra,AND,1999,81.6,,65732
Andorra,AND,2000,81.9,,65703
Andorra,AND,2001,82.2,,65874
Andorra,AND,2002,82.4,,66528
Andorra,AND,2003,82.7,,69507
Andorra,AND,2004,82.8,,74342
Andorra,AND,2005,83.1,,77436
Andorra,AND,2006,83.4,,79609
Andorra,AND,2007,83.6,,81901
Andorra,AND,2008,83.9,,83513
Andorra,AND,2009,84.1,,83907
Andorra,AND,2010,84.2,,80727
Andorra,AND,2011,84.3,,77801
Andorra,AND,2012,84.3,,76858
Andorra,AND,2013,84.4,,75220
Andorra,AND,2014,84.5,,73755
Andorra,AND,2015,84.5,,72195
Andorra,AND,2016,84.5,,72197
Andorra,AND,2017,84.4,,73780
Andorra,AND,2018,84.2,,75181
Andorra,AND,2019,84.1,,76492
Andorra,AND,2020,79.4,,77397
Andorra,AND,2021,82.3,,78379
Andorra,AND,2022,84.0,,79722
Angola,AGO,1952,36.2,1755.0,4651693
Angola,AGO,1953,36.4,1795.0,4706357
Angola,AGO,1954,36.6,1720.0,4766716
Angola,AGO,1955,36.9,1830.0,4832775
Angola,AGO,1956,37.1,1769.0,4904275
Angola,AGO,1957,37.3,1908.0,4980650
Angola,AGO,1958,37.5,1978.0,5061137
Angola,AGO,1959,37.7,1953.0,5145107
Angola,AGO,1960,37.9,1997.0,5231664
Angola,AGO,1961,36.9,2225.0,5301584
Angola,AGO,1962,37.2,2128.0,5354315
Angola,AGO,1963,37.4,2200.0,5408334
Angola,AGO,1964,37.7,2407.0,5464186
Angola,AGO,1965,38.0,2544.0,5521982
Angola,AGO,1966,38.3,2646.0,5581391
Angola,AGO,1967,38.6,2753.0,5641810
Angola,AGO,1968,39.0,2665.0,5702706
Angola,AGO,1969,39.3,2695.0,5763693
Angola,AGO,1970,39.7,2818.0,5852790
Angola,AGO,1971,40.1,2754.0,5991114
Angola,AGO,1972,40.5,2729.0,6174269
Angola,AGO,1973,40.9,2852.0,6388534
Angola,AGO,1974,41.3,2727.0,6613368
Angola,AGO,1975,40.8,1710.0,6842952
Angola,AGO,1976,40.8,1521.0,7074668
Angola,AGO,1977,41.2,1500.0,7317837
Angola,AGO,1978,41.6,1530.0,7576742
Angola,AGO,1979,41.9,1527.0,7847207
Angola,AGO,1980,42.2,1532.0,8133867
Angola,AGO,1981,42.6,1471.0,8435605
Angola,AGO,1982,42.9,1374.0,8751653
Angola,AGO,1983,42.0,1288.0,9082985
Angola,AGO,1984,42.2,1259.0,9425921
Angola,AGO,1985,42.5,1242.0,9779125
Angola,AGO,1986,42.7,1106.0,10139459
Angola,AGO,1987,40.8,1211.0,10497863
Angola,AGO,1988,41.5,1360.0,10861299
Angola,AGO,1989,41.7,1360.0,11238562
Angola,AGO,1990,41.9,1384.0,11626361
Angola,AGO,1991,43.8,1437.1,12023532
Angola,AGO,1992,42.3,1389.3,12423717
Angola,AGO,1993,42.2,1080.5,12827136
Angola,AGO,1994,43.6,1120.8,13249763
Angola,AGO,1995,46.1,1319.2,13699780
Angola,AGO,1996,46.4,1534.0,14170973
Angola,AGO,1997,46.7,1687.3,14660419
Angola,AGO,1998,45.5,1811.2,15159378
Angola,AGO,1999,45.8,1899.4,15667235
Angola,AGO,2000,46.5,2013.6,16194873
Angola,AGO,2001,47.0,2162.5,16747204
Angola,AGO,2002,47.9,2522.7,17327701
Angola,AGO,2003,50.2,2711.9,17943718
Angola,AGO,2004,51.1,3064.3,18600426
Angola,AGO,2005,52.1,3708.8,19291160
Angola,AGO,2006,53.0,4592.3,20015281
Angola,AGO,2007,54.2,5773.5,20778570
Angola,AGO,2008,55.3,6743.7,21578656
Angola,AGO,2009,56.2,7087.6,22414775
Angola,AGO,2010,57.2,7520.7,23294822
Angola,AGO,2011,58.1,8016.0,24218358
Angola,AGO,2012,58.9,8376.9,25177398
Angola,AGO,2013,59.7,8463.9,26165616
Angola,AGO,2014,60.4,8548.3,27160767
Angola,AGO,2015,61.0,8319.6,28157802
Angola,AGO,2016,61.6,7819.1,29183072
Angola,AGO,2017,62.1,7535.6,30234836
Angola,AGO,2018,62.6,7180.4,31297160
Angola,AGO,2019,63.1,6887.0,32375633
Angola,AGO,2020,63.1,6279.9,33451139
Angola,AGO,2021,63.0,6137.0,34532427
Angola,AGO,2022,64.2,6118.9,35635028
Anguilla,AIA,1952,56.1,,5389
Anguilla,AIA,1953,56.6,,5522
Anguilla,AIA,1954,57.1,,5668
Anguilla,AIA,1955,57.6,,5763
Anguilla,AIA,1956,58.2,,5802
Anguilla,AIA,1957,58.7,,5823
Anguilla,AIA,1958,59.3,,5819
Anguilla,AIA,1959,59.8,,5800
Anguilla,AIA,1960,58.8,,5801
Anguilla,AIA,1961,60.9,,5846
Anguilla,AIA,1962,61.4,,5899
Anguilla,AIA,1963,61.9,,5943
Anguilla,AIA,1964,62.4,,5994
Anguilla,AIA,1965,62.9,,6040
Anguilla,AIA,1966,63.3,,6095
Anguilla,AIA,1967,63.7,,6150
Anguilla,AIA,1968,64.1,,6207
Anguilla,AIA,1969,64.5,,6257
Anguilla,AIA,1970,65.0,,6324
Anguilla,AIA,1971,65.5,,6376
Anguilla,AIA,1972,65.9,,6427
Anguilla,AIA,1973,66.2,,6466
Anguilla,AIA,1974,66.6,,6502
Anguilla,AIA,1975,67.1,,6519
Anguilla,AIA,1976,67.4,,6545
Anguilla,AIA,1977,67.8,,6567
Anguilla,AIA,1978,68.2,,6587
Anguilla,AIA,1979,68.6,,6602
Anguilla,AIA,1980,68.9,,6612
Anguilla,AIA,1981,69.3,,6628
Anguilla,AIA,1982,69.6,,6653
Anguilla,AIA,1983,69.9,,6672
Anguilla,AIA,1984,70.2,,6764
Anguilla,AIA,1985,70.4,,6978
Anguilla,AIA,1986,70.8,,7245
Anguilla,AIA,1987,71.1,,7519
Anguilla,AIA,1988,71.4,,7807
Anguilla,AIA,1989,71.8,,8116
Anguilla,AIA,1990,72.1,,8422
Anguilla,AIA,1991,72.4,,8728
Anguilla,AIA,1992,72.8,,9005
Anguilla,AIA,1993,73.1,,9252
Anguilla,AIA,1994,73.4,,9489
Anguilla,AIA,1995,73.7,,9738
Anguilla,AIA,1996,74.0,,10000
Anguilla,AIA,1997,74.3,,10278
Anguilla,AIA,1998,74.6,,10557
Anguilla,AIA,1999,74.9,,10864
Anguilla,AIA,2000,75.1,,11196
Anguilla,AIA,2001,75.4,,11497
Anguilla,AIA,2002,75.7,,11714
Anguilla,AIA,2003,75.9,,11903
Anguilla,AIA,2004,76.1,,12092
Anguilla,AIA,2005,76.3,,12290
Anguilla,AIA,2006,76.6,,12493
Anguilla,AIA,2007,76.8,,12697
Anguilla,AIA,2008,76.9,,12911
Anguilla,AIA,2009,77.0,,13138
Anguilla,AIA,2010,77.2,,13372
Anguilla,AIA,2011,77.3,,13593
Anguilla,AIA,2012,77.4,,13401
Anguilla,AIA,2013,77.6,,13272
Anguilla,AIA,2014,77.7,,13748
Anguilla,AIA,2015,77.7,,14235
Anguilla,AIA,2016,77.9,,14344
Anguilla,AIA,2017,77.2,,14450
Anguilla,AIA,2018,78.2,,14747
Anguilla,AIA,2019,78.4,,14845
Anguilla,AIA,2020,78.7,,14864
Anguilla,AIA,2021,78.4,,14503
Anguilla,AIA,2022,79.1,,14202
Antigua and Barbuda,ATG,1952,59.0,,47416
Antigua and Barbuda,ATG,1953,59.4,,48400
Antigua and Barbuda,ATG,1954,59.8,,49392
Antigua and Barbuda,ATG,1955,60.2,,50395
Antigua and Barbuda,ATG,1956,60.7,,51400
Antigua and Barbuda,ATG,1957,61.1,,52426
Antigua and Barbuda,ATG,1958,61.6,,53473
Antigua and Barbuda,ATG,1959,62.1,,54549
Antigua and Barbuda,ATG,1960,62.6,,55621
Antigua and Barbuda,ATG,1961,63.3,,56554
Antigua and Barbuda,ATG,1962,64.0,,57351
Antigua and Barbuda,ATG,1963,64.7,,58157
Antigua and Barbuda,ATG,1964,65.4,,59035
Antigua and Barbuda,ATG,1965,66.2,,59987
Antigua and Barbuda,ATG,1966,66.9,,60911
Antigua and Barbuda,ATG,1967,67.6,,61857
Antigua and Barbuda,ATG,1968,68.2,,62832
Antigua and Barbuda,ATG,1969,68.8,,63832
Antigua and Barbuda,ATG,1970,69.4,,64549
Antigua and Barbuda,ATG,1971,69.9,,64747
Antigua and Barbuda,ATG,1972,70.3,,64631
Antigua and Barbuda,ATG,1973,70.7,,64362
Antigua and Barbuda,ATG,1974,71.1,,64074
Antigua and Barbuda,ATG,1975,71.4,,63856
Antigua and Barbuda,ATG,1976,71.8,,63779
Antigua and Barbuda,ATG,1977,72.1,,63882
Antigua and Barbuda,ATG,1978,72.5,,64055
Antigua and Barbuda,ATG,1979,72.8,,64297
Antigua and Barbuda,ATG,1980,73.1,,64531
Antigua and Barbuda,ATG,1981,73.3,,64686
Antigua and Barbuda,ATG,1982,73.5,,64802
Antigua and Barbuda,ATG,1983,73.7,,64952
Antigua and Barbuda,ATG,1984,73.8,,64899
Antigua and Barbuda,ATG,1985,73.9,,64606
Antigua and Barbuda,ATG,1986,73.9,,64292
Antigua and Barbuda,ATG,1987,73.9,,63964
Antigua and Barbuda,ATG,1988,73.8,,63641
Antigua and Barbuda,ATG,1989,73.6,,63346
Antigua and Barbuda,ATG,1990,73.6,,63087
Antigua and Barbuda,ATG,1991,73.5,,63406
Antigua and Barbuda,ATG,1992,73.4,,64422
Antigua and Barbuda,ATG,1993,73.4,,65601
Antigua and Barbuda,ATG,1994,73.5,,66860
Antigua and Barbuda,ATG,1995,73.6,,68210
Antigua and Barbuda,ATG,1996,73.8,,69629
Antigua and Barbuda,ATG,1997,74.0,,71071
Antigua and Barbuda,ATG,1998,74.2,,72430
Antigua and Barbuda,ATG,1999,74.5,,73681
Antigua and Barbuda,ATG,2000,74.8,,74929
Antigua and Barbuda,ATG,2001,75.1,,76082
Antigua and Barbuda,ATG,2002,75.2,,77049
Antigua and Barbuda,ATG,2003,75.3,,77896
Antigua and Barbuda,ATG,2004,75.3,,78734
Antigua and Barbuda,ATG,2005,75.4,,79628
Antigua and Barbuda,ATG,2006,75.5,,80619
Antigua and Barbuda,ATG,2007,75.7,,81716
Antigua and Barbuda,ATG,2008,76.1,,82926
Antigua and Barbuda,ATG,2009,76.4,,84193
Antigua and Barbuda,ATG,2010,76.7,,85337
Antigua and Barbuda,ATG,2011,77.0,,86350
Antigua and Barbuda,ATG,2012,77.1,,87275
Antigua and Barbuda,ATG,2013,77.0,,88074
Antigua and Barbuda,ATG,2014,76.9,,88784
Antigua and Barbuda,ATG,2015,76.9,,89421
Antigua and Barbuda,ATG,2016,77.0,,89980
Antigua and Barbuda,ATG,2017,77.0,,90483
Antigua and Barbuda,ATG,2018,77.1,,90942
Antigua and Barbuda,ATG,2019,77.2,,91377
Antigua and Barbuda,ATG,2020,77.2,,91864
Antigua and Barbuda,ATG,2021,77.2,,92358
Antigua and Barbuda,ATG,2022,77.5,,92850
Argentina,ARG,1952,62.5,7519.0,17698882
Argentina,ARG,1953,62.5,7769.0,18041299
Argentina,ARG,1954,63.1,7938.0,18381211
Argentina,ARG,1955,62.7,8348.0,18716036
Argentina,ARG,1956,63.6,8424.0,19049973
Argentina,ARG,1957,63.2,8705.0,19383045
Argentina,ARG,1958,64.2,9083.0,19714264
Argentina,ARG,1959,64.1,8354.0,20049604
Argentina,ARG,1960,64.2,8861.0,20386055
Argentina,ARG,1961,64.6,9344.0,20726280
Argentina,ARG,1962,64.6,9049.0,21072543
Argentina,ARG,1963,64.9,8695.0,21421702
Argentina,ARG,1964,64.8,9446.0,21769451
Argentina,ARG,1965,65.1,10155.0,22112634
Argentina,ARG,1966,65.4,10076.0,22453898
Argentina,ARG,1967,65.5,10200.0,22799063
Argentina,ARG,1968,65.2,10485.0,23150580
Argentina,ARG,1969,65.1,11217.0,23508716
Argentina,ARG,1970,65.6,11639.0,23878330
Argentina,ARG,1971,65.6,12003.0,24257212
Argentina,ARG,1972,66.0,12170.0,24644332
Argentina,ARG,1973,66.2,12691.0,25046007
Argentina,ARG,1974,66.4,13284.0,25461352
Argentina,ARG,1975,67.0,12946.0,25874106
Argentina,ARG,1976,67.0,12696.0,26282282
Argentina,ARG,1977,67.6,13236.0,26701815
Argentina,ARG,1978,68.0,12444.0,27132162
Argentina,ARG,1979,68.4,13114.0,27568894
Argentina,ARG,1980,68.6,13080.0,28011597
Argentina,ARG,1981,68.9,12125.0,28463956
Argentina,ARG,1982,69.0,11550.0,28924268
Argentina,ARG,1983,69.3,11775.0,29391334
Argentina,ARG,1984,69.4,11837.0,29863090
Argentina,ARG,1985,69.9,10895.0,30336448
Argentina,ARG,1986,70.3,11515.0,30811982
Argentina,ARG,1987,70.7,11633.0,31291764
Argentina,ARG,1988,71.1,11244.0,31780534
Argentina,ARG,1989,71.5,10393.0,32270958
Argentina,ARG,1990,71.6,10254.0,32755907
Argentina,ARG,1991,72.0,11224.0,33230293
Argentina,ARG,1992,72.1,12267.1,33693532
Argentina,ARG,1993,72.3,12926.8,34152719
Argentina,ARG,1994,72.7,13571.4,34613492
Argentina,ARG,1995,72.9,13086.0,35070016
Argentina,ARG,1996,73.1,13715.2,35513795
Argentina,ARG,1997,73.4,14722.6,35947790
Argentina,ARG,1998,73.4,15186.0,36372862
Argentina,ARG,1999,73.7,14577.8,36794687
Argentina,ARG,2000,73.9,14368.9,37213986
Argentina,ARG,2001,74.2,13652.0,37624817
Argentina,ARG,2002,74.3,12094.8,38029345
Argentina,ARG,2003,74.3,13088.6,38424283
Argentina,ARG,2004,74.9,14183.2,38815915
Argentina,ARG,2005,75.2,15344.2,39216786
Argentina,ARG,2006,75.3,16490.5,39622113
Argentina,ARG,2007,74.8,17891.9,40016767
Argentina,ARG,2008,75.4,18520.3,40424151
Argentina,ARG,2009,75.6,17329.0,40854832
Argentina,ARG,2010,75.7,18980.0,41288694
Argentina,ARG,2011,76.1,20003.0,41730655
Argentina,ARG,2012,75.8,19574.0,42161718
Argentina,ARG,2013,75.8,19821.6,42582453
Argentina,ARG,2014,76.3,19112.2,43024071
Argentina,ARG,2015,76.6,19423.7,43477011
Argentina,ARG,2016,76.1,18819.6,43900312
Argentina,ARG,2017,76.5,19150.5,44288898
Argentina,ARG,2018,76.8,18460.9,44654876
Argentina,ARG,2019,76.8,17912.6,44973469
Argentina,ARG,2020,75.9,15975.8,45191960
Argentina,ARG,2021,73.9,17470.7,45312282
Argentina,ARG,2022,75.8,18292.3,45407904
Armenia,ARM,1952,55.5,,1454108
Armenia,ARM,1953,56.0,,1493580
Armenia,ARM,1954,56.4,,1535981
Armenia,ARM,1955,56.9,,1581511
Armenia,ARM,1956,57.4,,1630823
Armenia,ARM,1957,57.8,,1684147
Armenia,ARM,1958,58.2,,1740888
Armenia,ARM,1959,58.7,,1801014
Armenia,ARM,1960,59.1,,1863710
Armenia,ARM,1961,59.6,,1927488
Armenia,ARM,1962,60.0,,1991686
Armenia,ARM,1963,60.4,,2056024
Armenia,ARM,1964,60.8,,2120135
Armenia,ARM,1965,61.2,,2183635
Armenia,ARM,1966,61.6,,2246162
Armenia,ARM,1967,61.9,,2307497
Armenia,ARM,1968,62.2,,2367326
Armenia,ARM,1969,62.5,,2424034
Armenia,ARM,1970,62.8,,2475628
Armenia,ARM,1971,63.0,,2525348
Armenia,ARM,1972,63.2,,2577081
Armenia,ARM,1973,63.5,9806.0,2630860
Armenia,ARM,1974,63.7,,2686442
Armenia,ARM,1975,63.9,,2743665
Armenia,ARM,1976,64.1,,2818168
Armenia,ARM,1977,64.4,,2912833
Armenia,ARM,1978,64.7,,3012808
Armenia,ARM,1979,65.0,,3078505
Armenia,ARM,1980,65.4,9291.0,3107418
Armenia,ARM,1981,65.7,9548.0,3135354
Armenia,ARM,1982,66.1,9809.0,3163145
Armenia,ARM,1983,66.5,9865.0,3191549
Armenia,ARM,1984,66.8,10181.0,3224549
Armenia,ARM,1985,67.1,10485.0,3260438
Armenia,ARM,1986,67.4,10394.0,3294857
Armenia,ARM,1987,67.6,9789.0,3328525
Armenia,ARM,1988,52.7,9301.0,3355123
Armenia,ARM,1989,67.7,10525.0,3443095
Armenia,ARM,1990,67.7,9669.0,3552130
Armenia,ARM,1991,67.8,8141.7,3613978
Armenia,ARM,1992,67.9,4699.6,3571870
Armenia,ARM,1993,68.1,4130.1,3453339
Armenia,ARM,1994,68.4,4393.0,3364620
Armenia,ARM,1995,68.8,4703.1,3307586
Armenia,ARM,1996,69.2,4811.5,3278738
Armenia,ARM,1997,69.6,4836.0,3246292
Armenia,ARM,1998,70.0,4994.1,3208399
Armenia,ARM,1999,70.4,5000.5,3167282
Armenia,ARM,2000,70.8,5139.8,3125630
Armenia,ARM,2001,71.2,5457.5,3084350
Armenia,ARM,2002,71.5,6082.1,3055636
Armenia,ARM,2003,71.7,6743.2,3038976
Armenia,ARM,2004,71.9,7229.6,3022544
Armenia,ARM,2005,72.1,8007.0,3006360
Armenia,ARM,2006,72.2,8798.8,2990371
Armenia,ARM,2007,72.4,9713.2,2974825
Armenia,ARM,2008,72.5,10080.8,2959996
Armenia,ARM,2009,72.7,8399.1,2945518
Armenia,ARM,2010,72.9,8330.8,2931083
Armenia,ARM,2011,73.2,8465.0,2923269
Armenia,ARM,2012,73.4,9076.4,2922529
Armenia,ARM,2013,73.7,9395.1,2922526
Armenia,ARM,2014,74.0,9745.1,2922433
Armenia,ARM,2015,74.2,10076.4,2921179
Armenia,ARM,2016,74.5,10113.1,2918796
Armenia,ARM,2017,74.7,10895.0,2914966
Armenia,ARM,2018,75.0,11490.4,2909971
Armenia,ARM,2019,75.2,12399.2,2903975
Armenia,ARM,2020,68.9,11546.2,2890893
Armenia,ARM,2021,72.6,12242.5,2870339
Armenia,ARM,2022,74.6,13837.6,2880880
Aruba,ABW,1952,59.4,,45052
Aruba,ABW,1953,60.1,,46269
Aruba,ABW,1954,60.8,,47516
Aruba,ABW,1955,61.5,,48786
Aruba,ABW,1956,62.0,,50084
Aruba,ABW,1957,62.6,,51383
Aruba,ABW,1958,63.2,,52687
Aruba,ABW,1959,63.6,,54003
Aruba,ABW,1960,64.0,,54938
Aruba,ABW,1961,64.2,,55599
Aruba,ABW,1962,64.6,,56337
Aruba,ABW,1963,64.9,,57019
Aruba,ABW,1964,65.3,,57637
Aruba,ABW,1965,65.6,,58208
Aruba,ABW,1966,66.1,,58709
Aruba,ABW,1967,66.4,,59012
Aruba,ABW,1968,66.7,,59086
Aruba,ABW,1969,67.1,,59070
Aruba,ABW,1970,67.4,,58967
Aruba,ABW,1971,67.8,,58798
Aruba,ABW,1972,68.3,,58913
Aruba,ABW,1973,68.9,,59456
Aruba,ABW,1974,69.3,,60144
Aruba,ABW,1975,69.6,,60825
Aruba,ABW,1976,69.8,,61292
Aruba,ABW,1977,70.1,,61532
Aruba,ABW,1978,70.3,,61733
Aruba,ABW,1979,70.5,,61914
Aruba,ABW,1980,70.8,,62051
Aruba,ABW,1981,71.3,,62279
Aruba,ABW,1982,71.5,,62676
Aruba,ABW,1983,71.6,,63114
Aruba,ABW,1984,71.7,,63484
Aruba,ABW,1985,71.8,,63674
Aruba,ABW,1986,71.8,,63640
Aruba,ABW,1987,72.4,,63419
Aruba,ABW,1988,72.5,,63221
Aruba,ABW,1989,72.5,,63413
Aruba,ABW,1990,72.5,,64452
Aruba,ABW,1991,72.6,,66564
Aruba,ABW,1992,72.7,,68889
Aruba,ABW,1993,72.8,,71091
Aruba,ABW,1994,72.8,,73475
Aruba,ABW,1995,72.8,,75930
Aruba,ABW,1996,72.9,,78497
Aruba,ABW,1997,72.9,,81123
Aruba,ABW,1998,72.9,,83788
Aruba,ABW,1999,72.9,,86483
Aruba,ABW,2000,72.9,,88772
Aruba,ABW,2001,73.0,,90320
Aruba,ABW,2002,73.1,,91393
Aruba,ABW,2003,73.2,,92324
Aruba,ABW,2004,73.2,,93223
Aruba,ABW,2005,73.4,,94239
Aruba,ABW,2006,73.5,,95403
Aruba,ABW,2007,73.6,,96604
Aruba,ABW,2008,73.8,,97815
Aruba,ABW,2009,74.0,,99040
Aruba,ABW,2010,74.3,,100127
Aruba,ABW,2011,74.6,,100995
Aruba,ABW,2012,74.8,,101774
Aruba,ABW,2013,75.1,,102570
Aruba,ABW,2014,75.3,,103381
Aruba,ABW,2015,75.4,,104200
Aruba,ABW,2016,75.5,,104989
Aruba,ABW,2017,75.6,,105737
Aruba,ABW,2018,75.9,,106447
Aruba,ABW,2019,76.0,,107089
Aruba,ABW,2020,75.4,,107411
Aruba,ABW,2021,73.7,,107565
Aruba,ABW,2022,76.2,,107792
Australia,AUS,1952,69.1,11824.0,8630707
Australia,AUS,1953,69.7,11963.0,8816085
Australia,AUS,1954,69.9,12419.0,8999384
Australia,AUS,1955,70.2,12795.0,9205189
Australia,AUS,1956,70.0,12924.0,9424660
Australia,AUS,1957,70.3,12895.0,9638773
Australia,AUS,1958,70.9,13238.0,9847636
Australia,AUS,1959,70.4,13753.0,10060033
Australia,AUS,1960,70.9,14013.0,10280815
Australia,AUS,1961,71.1,13793.0,10500441
Australia,AUS,1962,70.9,14389.0,10707235
Australia,AUS,1963,71.0,14983.0,10913270
Australia,AUS,1964,70.6,15699.0,11128257
Australia,AUS,1965,70.8,16182.0,11357479
Australia,AUS,1966,70.7,16324.0,11592485
Australia,AUS,1967,71.0,17108.0,11810521
Australia,AUS,1968,70.7,17770.0,12030009
Australia,AUS,1969,71.1,18428.0,12272387
Australia,AUS,1970,70.7,19166.0,12599414
Australia,AUS,1971,71.5,19590.0,12997963
Australia,AUS,1972,71.8,19772.0,13304897
Australia,AUS,1973,72.1,20527.0,13518689
Australia,AUS,1974,71.8,20698.0,13719499
Australia,AUS,1975,72.8,20993.0,13893988
Australia,AUS,1976,72.8,21613.0,14046758
Australia,AUS,1977,73.5,21592.0,14203511
Australia,AUS,1978,73.7,21948.0,14367099
Australia,AUS,1979,74.3,22826.0,14533034
Australia,AUS,1980,74.6,22972.0,14721345
Australia,AUS,1981,74.8,23368.0,14949210
Australia,AUS,1982,74.7,22972.0,15192484
Australia,AUS,1983,75.4,22697.0,15414891
Australia,AUS,1984,75.5,24009.0,15620653
Australia,AUS,1985,75.4,24927.0,15835743
Australia,AUS,1986,76.1,25116.0,16069631
Australia,AUS,1987,76.1,25971.0,16322272
Australia,AUS,1988,76.3,26702.0,16594104
Australia,AUS,1989,76.2,27407.0,16869362
Australia,AUS,1990,77.0,27373.0,17126304
Australia,AUS,1991,77.5,26861.3,17353191
Australia,AUS,1992,77.5,27560.2,17549286
Australia,AUS,1993,78.0,28622.5,17722905
Australia,AUS,1994,77.9,29844.2,17897433
Australia,AUS,1995,78.3,30690.1,18095340
Australia,AUS,1996,78.3,31740.5,18305305
Australia,AUS,1997,78.6,32858.0,18504911
Australia,AUS,1998,79.0,34337.1,18701710
Australia,AUS,1999,79.3,35551.0,18909980
Australia,AUS,2000,79.6,36603.0,19132472
Australia,AUS,2001,80.0,37276.0,19365438
Australia,AUS,2002,80.1,38567.1,19595356
Australia,AUS,2003,80.4,39523.7,19819449
Australia,AUS,2004,80.7,40887.7,20046679
Australia,AUS,2005,81.1,41904.4,20294490
Australia,AUS,2006,81.3,42651.0,20590566
Australia,AUS,2007,81.2,44033.6,20954545
Australia,AUS,2008,81.4,44421.6,21370595
Australia,AUS,2009,81.7,44686.5,21783014
Australia,AUS,2010,82.0,45400.2,22141583
Australia,AUS,2011,82.1,46132.0,22479779
Australia,AUS,2012,82.3,47045.1,22852648
Australia,AUS,2013,82.6,47261.0,23236271
Australia,AUS,2014,82.5,47753.8,23595599
Australia,AUS,2015,82.6,48145.5,23947997
Australia,AUS,2016,82.8,48675.1,24329963
Australia,AUS,2017,82.7,49001.9,24731044
Australia,AUS,2018,83.3,49614.4,25119700
Australia,AUS,2019,83.2,49814.7,25482714
Australia,AUS,2020,83.7,48268.9,25743787
Australia,AUS,2021,83.6,50704.9,25956417
Australia,AUS,2022,82.8,52049.4,26200987
Austria,AUT,1952,66.7,6323.0,6927254
Austria,AUT,1953,67.3,6594.0,6932083
Austria,AUT,1954,67.3,7261.0,6939893
Austria,AUT,1955,67.6,8054.0,6946659
Austria,AUT,1956,67.7,8603.0,6952266
Austria,AUT,1957,67.4,9111.0,6965838
Austria,AUT,1958,68.5,9416.0,6987345
Austria,AUT,1959,68.4,9645.0,7014270
Austria,AUT,1960,68.7,10391.0,7047274
Austria,AUT,1961,69.7,10882.0,7086060
Austria,AUT,1962,69.5,11078.0,7129581
Austria,AUT,1963,69.7,11454.0,7175502
Austria,AUT,1964,70.1,12062.0,7223392
Austria,AUT,1965,69.9,12328.0,7270413
Austria,AUT,1966,70.2,12930.0,7321524
Austria,AUT,1967,70.1,13225.0,7376293
Austria,AUT,1968,70.3,13742.0,7414627
Austria,AUT,1969,70.0,14555.0,7440306
Austria,AUT,1970,70.1,15537.0,7466320
Austria,AUT,1971,70.3,16259.0,7499635
Austria,AUT,1972,70.6,17169.0,7543263
Austria,AUT,1973,71.2,17908.0,7585107
Austria,AUT,1974,71.2,18583.0,7597963
Austria,AUT,1975,71.3,18564.0,7577833
Austria,AUT,1976,71.8,19448.0,7564457
Austria,AUT,1977,72.1,20350.0,7567332
Austria,AUT,1978,72.2,20293.0,7561203
Austria,AUT,1979,72.5,21436.0,7548345
Austria,AUT,1980,72.7,21932.0,7548407
Austria,AUT,1981,73.0,21866.0,7567550
Austria,AUT,1982,73.1,22254.0,7573078
Austria,AUT,1983,73.2,22944.0,7561166
Austria,AUT,1984,73.8,23016.0,7560715
Austria,AUT,1985,74.0,23514.0,7564310
Austria,AUT,1986,74.5,24039.0,7569397
Austria,AUT,1987,74.9,24409.0,7574314
Austria,AUT,1988,75.4,25112.0,7585346
Austria,AUT,1989,75.5,26078.0,7620405
Austria,AUT,1990,75.7,26930.0,7679627
Austria,AUT,1991,75.8,27689.8,7757140
Austria,AUT,1992,76.0,28072.4,7842715
Austria,AUT,1993,76.2,28101.2,7907492
Austria,AUT,1994,76.5,28780.8,7938157
Austria,AUT,1995,76.8,29621.7,7950322
Austria,AUT,1996,77.0,30413.2,7960917
Austria,AUT,1997,77.4,31173.0,7969804
Austria,AUT,1998,77.8,32376.3,7978465
Austria,AUT,1999,78.0,33608.3,7993894
Austria,AUT,2000,78.2,34796.3,8012929
Austria,AUT,2001,78.7,35272.2,8042233
Austria,AUT,2002,78.8,35823.6,8081640
Austria,AUT,2003,78.8,36063.1,8122604
Austria,AUT,2004,79.4,36957.1,8173496
Austria,AUT,2005,79.5,37642.8,8229204
Austria,AUT,2006,80.0,38866.8,8269901
Austria,AUT,2007,80.2,40305.3,8296948
Austria,AUT,2008,80.4,40964.8,8323250
Austria,AUT,2009,80.2,39463.7,8345073
Austria,AUT,2010,80.5,40288.3,8365087
Austria,AUT,2011,80.8,41446.0,8393272
Austria,AUT,2012,80.8,41540.9,8431599
Austria,AUT,2013,81.1,41301.9,8481411
Austria,AUT,2014,81.4,41250.5,8547812
Austria,AUT,2015,81.2,41255.7,8644037
Austria,AUT,2016,81.6,41545.5,8737920
Austria,AUT,2017,81.6,42216.9,8798779
Austria,AUT,2018,81.7,43032.2,8841653
Austria,AUT,2019,81.9,43488.7,8880876
Austria,AUT,2020,81.8,40503.0,8921402
Austria,AUT,2021,81.8,42184.7,8967053
Austria,AUT,2022,81.3,43792.9,9064678
Azerbaijan,AZE,1952,47.0,,3247007
Azerbaijan,AZE,1953,47.4,,3312610
Azerbaijan,AZE,1954,47.8,,3384707
Azerbaijan,AZE,1955,48.3,,3464090
Azerbaijan,AZE,1956,48.8,,3551389
Azerbaijan,AZE,1957,49.2,,3646865
Azerbaijan,AZE,1958,49.7,,3750701
Azerbaijan,AZE,1959,50.3,,3862828
Azerbaijan,AZE,1960,50.9,,3982711
Azerbaijan,AZE,1961,51.4,,4108981
Azerbaijan,AZE,1962,52.1,,4239411
Azerbaijan,AZE,1963,52.7,,4372047
Azerbaijan,AZE,1964,53.3,,4503659
Azerbaijan,AZE,1965,53.9,,4630315
Azerbaijan,AZE,1966,54.5,,4751910
Azerbaijan,AZE,1967,55.0,,4867309
Azerbaijan,AZE,1968,55.6,,4976488
Azerbaijan,AZE,1969,56.1,,5081769
Azerbaijan,AZE,1970,56.6,,5183827
Azerbaijan,AZE,1971,57.0,,5283502
Azerbaijan,AZE,1972,57.5,,5380920
Azerbaijan,AZE,1973,57.9,7068.0,5476614
Azerbaijan,AZE,1974,58.3,,5572229
Azerbaijan,AZE,1975,58.7,,5669260
Azerbaijan,AZE,1976,59.5,,5791042
Azerbaijan,AZE,1977,60.0,,5937643
Azerbaijan,AZE,1978,60.5,,6075081
Azerbaijan,AZE,1979,60.9,,6187137
Azerbaijan,AZE,1980,61.4,7165.0,6284707
Azerbaijan,AZE,1981,61.9,7490.0,6385607
Azerbaijan,AZE,1982,62.2,7831.0,6491433
Azerbaijan,AZE,1983,62.5,8010.0,6602330
Azerbaijan,AZE,1984,62.1,8360.0,6706289
Azerbaijan,AZE,1985,62.7,8558.0,6799823
Azerbaijan,AZE,1986,62.6,8663.0,6891349
Azerbaijan,AZE,1987,62.8,8995.0,6977658
Azerbaijan,AZE,1988,62.7,9328.0,7081404
Azerbaijan,AZE,1989,62.9,8421.0,7167583
Azerbaijan,AZE,1990,62.8,7394.0,7231084
Azerbaijan,AZE,1991,62.5,7319.1,7314317
Azerbaijan,AZE,1992,60.8,5639.0,7405781
Azerbaijan,AZE,1993,61.4,4315.4,7504119
Azerbaijan,AZE,1994,60.3,3453.4,7608894
Azerbaijan,AZE,1995,61.9,2999.3,7719283
Azerbaijan,AZE,1996,62.7,3074.2,7830981
Azerbaijan,AZE,1997,63.0,3347.6,7936220
Azerbaijan,AZE,1998,63.7,3550.4,8025808
Azerbaijan,AZE,1999,64.7,3959.8,8100472
Azerbaijan,AZE,2000,65.4,4214.9,8174784
Azerbaijan,AZE,2001,66.0,4498.8,8251776
Azerbaijan,AZE,2002,66.8,4880.4,8326141
Azerbaijan,AZE,2003,67.0,5408.5,8400528
Azerbaijan,AZE,2004,67.5,5971.5,8489874
Azerbaijan,AZE,2005,67.7,7553.6,8597248
Azerbaijan,AZE,2006,68.5,10160.3,8711380
Azerbaijan,AZE,2007,68.7,12699.5,8828313
Azerbaijan,AZE,2008,69.4,14072.6,8942637
Azerbaijan,AZE,2009,69.9,15384.3,9046336
Azerbaijan,AZE,2010,70.3,16153.8,9146852
Azerbaijan,AZE,2011,70.6,16176.0,9256156
Azerbaijan,AZE,2012,71.1,16364.5,9376179
Azerbaijan,AZE,2013,71.5,17146.2,9504417
Azerbaijan,AZE,2014,71.9,17451.1,9631136
Azerbaijan,AZE,2015,72.3,17463.8,9752859
Azerbaijan,AZE,2016,72.6,16770.8,9868434
Azerbaijan,AZE,2017,72.7,16647.0,9968510
Azerbaijan,AZE,2018,73.0,16753.2,10039782
Azerbaijan,AZE,2019,73.3,17029.9,10110483
Azerbaijan,AZE,2020,70.3,16189.5,10181736
Azerbaijan,AZE,2021,71.0,16971.7,10234372
Azerbaijan,AZE,2022,74.1,17682.9,10295307
Bahamas,BHS,1952,59.6,,86175
Bahamas,BHS,1953,60.0,,88255
Bahamas,BHS,1954,60.3,,90840
Bahamas,BHS,1955,60.7,,93933
Bahamas,BHS,1956,61.0,,97520
Bahamas,BHS,1957,61.4,,101549
Bahamas,BHS,1958,61.7,,106007
Bahamas,BHS,1959,62.1,,110929
Bahamas,BHS,1960,62.5,,116328
Bahamas,BHS,1961,62.8,,122211
Bahamas,BHS,1962,63.2,,128507
Bahamas,BHS,1963,63.5,,135099
Bahamas,BHS,1964,63.9,,141538
Bahamas,BHS,1965,64.3,,147969
Bahamas,BHS,1966,64.6,,154884
Bahamas,BHS,1967,65.0,,162279
Bahamas,BHS,1968,65.4,,170102
Bahamas,BHS,1969,65.8,,177993
Bahamas,BHS,1970,66.2,,184995
Bahamas,BHS,1971,66.5,,190869
Bahamas,BHS,1972,66.8,,196060
Bahamas,BHS,1973,67.1,,200800
Bahamas,BHS,1974,67.6,,205357
Bahamas,BHS,1975,68.1,,209897
Bahamas,BHS,1976,68.5,,214517
Bahamas,BHS,1977,68.8,,219169
Bahamas,BHS,1978,68.9,,223770
Bahamas,BHS,1979,69.0,,228244
Bahamas,BHS,1980,69.1,,232540
Bahamas,BHS,1981,69.4,,236626
Bahamas,BHS,1982,69.7,,240624
Bahamas,BHS,1983,70.0,,244718
Bahamas,BHS,1984,70.2,,248879
Bahamas,BHS,1985,70.3,,253169
Bahamas,BHS,1986,70.3,,257547
Bahamas,BHS,1987,70.4,,261947
Bahamas,BHS,1988,70.5,,266457
Bahamas,BHS,1989,70.7,,271187
Bahamas,BHS,1990,70.9,,275954
Bahamas,BHS,1991,71.2,,280745
Bahamas,BHS,1992,71.3,,285938
Bahamas,BHS,1993,71.4,,291350
Bahamas,BHS,1994,71.4,,296519
Bahamas,BHS,1995,71.4,,301471
Bahamas,BHS,1996,71.5,,306281
Bahamas,BHS,1997,71.6,,310914
Bahamas,BHS,1998,71.8,,315376
Bahamas,BHS,1999,72.1,,319623
Bahamas,BHS,2000,72.5,,323846
Bahamas,BHS,2001,72.8,,327847
Bahamas,BHS,2002,73.0,,331625
Bahamas,BHS,2003,73.2,,335625
Bahamas,BHS,2004,73.2,,339794
Bahamas,BHS,2005,73.4,,343905
Bahamas,BHS,2006,73.5,,348386
Bahamas,BHS,2007,73.5,,353343
Bahamas,BHS,2008,73.4,,358133
Bahamas,BHS,2009,73.5,,362806
Bahamas,BHS,2010,73.4,,367482
Bahamas,BHS,2011,73.6,,371738
Bahamas,BHS,2012,73.7,,375474
Bahamas,BHS,2013,73.9,,378957
Bahamas,BHS,2014,74.0,,382312
Bahamas,BHS,2015,73.8,,385355
Bahamas,BHS,2016,74.0,,388060
Bahamas,BHS,2017,74.0,,390496
Bahamas,BHS,2018,74.1,,392718
Bahamas,BHS,2019,71.4,,394684
Bahamas,BHS,2020,73.0,,395874
Bahamas,BHS,2021,70.8,,396381
Bahamas,BHS,2022,74.5,,397542
Bahrain,BHR,1952,39.9,3614.0,124466
Bahrain,BHR,1953,40.7,3747.0,128386
Bahrain,BHR,1954,41.6,3883.0,132575
Bahrain,BHR,1955,42.8,4014.0,137080
Bahrain,BHR,1956,44.1,4141.0,141931
Bahrain,BHR,1957,45.7,4262.0,147163
Bahrain,BHR,1958,47.3,4366.0,152823
Bahrain,BHR,1959,49.0,4457.0,158935
Bahrain,BHR,1960,50.6,4532.0,165490
Bahrain,BHR,1961,52.3,4594.0,172358
Bahrain,BHR,1962,53.9,4672.0,179361
Bahrain,BHR,1963,55.4,4772.0,186512
Bahrain,BHR,1964,56.9,4898.0,193830
Bahrain,BHR,1965,58.4,5058.0,200877
Bahrain,BHR,1966,59.7,5233.0,207550
Bahrain,BHR,1967,61.0,5423.0,214198
Bahrain,BHR,1968,62.3,5611.0,219347
Bahrain,BHR,1969,63.4,5812.0,222480
Bahrain,BHR,1970,64.4,6038.0,224817
Bahrain,BHR,1971,65.3,6349.0,230744
Bahrain,BHR,1972,66.1,6692.0,242129
Bahrain,BHR,1973,66.9,6975.0,255334
Bahrain,BHR,1974,67.6,7291.0,269047
Bahrain,BHR,1975,68.3,6252.0,283251
Bahrain,BHR,1976,68.9,6875.0,297871
Bahrain,BHR,1977,69.4,7084.0,312825
Bahrain,BHR,1978,69.9,7037.0,328059
Bahrain,BHR,1979,70.3,6730.0,343461
Bahrain,BHR,1980,70.7,6994.0,358990
Bahrain,BHR,1981,71.0,6875.0,373534
Bahrain,BHR,1982,71.4,7036.0,386992
Bahrain,BHR,1983,71.6,7240.0,400721
Bahrain,BHR,1984,71.9,7264.0,415164
Bahrain,BHR,1985,72.1,6972.0,430365
Bahrain,BHR,1986,72.3,6880.0,446290
Bahrain,BHR,1987,72.4,6786.0,462862
Bahrain,BHR,1988,72.5,6802.0,479931
Bahrain,BHR,1989,72.5,6751.0,497329
Bahrain,BHR,1990,72.6,6542.0,514799
Bahrain,BHR,1991,72.7,7060.0,531883
Bahrain,BHR,1992,72.8,7993.9,547753
Bahrain,BHR,1993,72.9,9102.1,562820
Bahrain,BHR,1994,73.1,9935.0,577960
Bahrain,BHR,1995,73.4,10695.4,593230
Bahrain,BHR,1996,73.6,11640.8,608593
Bahrain,BHR,1997,73.9,12528.4,624019
Bahrain,BHR,1998,74.1,13776.0,639391
Bahrain,BHR,1999,74.4,15263.8,654622
Bahrain,BHR,2000,74.7,17021.7,669589
Bahrain,BHR,2001,74.9,18153.0,699964
Bahrain,BHR,2002,75.2,19487.8,752205
Bahrain,BHR,2003,75.5,21391.6,811276
Bahrain,BHR,2004,75.8,23389.6,871446
Bahrain,BHR,2005,76.1,25230.9,932618
Bahrain,BHR,2006,76.5,26840.1,994626
Bahrain,BHR,2007,77.0,28884.7,1057419
Bahrain,BHR,2008,77.5,30612.5,1120718
Bahrain,BHR,2009,78.0,31729.6,1183616
Bahrain,BHR,2010,78.6,34057.7,1213248
Bahrain,BHR,2011,79.1,36372.0,1206733
Bahrain,BHR,2012,79.6,36711.4,1216307
Bahrain,BHR,2013,80.0,37704.2,1257206
Bahrain,BHR,2014,80.2,38364.8,1312857
Bahrain,BHR,2015,80.3,38369.7,1369656
Bahrain,BHR,2016,80.4,38805.4,1429609
Bahrain,BHR,2017,80.4,39553.2,1482003
Bahrain,BHR,2018,80.4,39501.2,1497634
Bahrain,BHR,2019,80.5,39499.7,1485675
Bahrain,BHR,2020,78.7,36890.5,1483081
Bahrain,BHR,2021,78.1,37323.1,1501762
Bahrain,BHR,2022,81.0,38651.6,1533460
Bangladesh,BGD,1952,38.8,874.0,42893013
Bangladesh,BGD,1953,39.4,872.0,43791390
Bangladesh,BGD,1954,40.4,872.0,44741299
Bangladesh,BGD,1955,41.1,810.0,45767686
Bangladesh,BGD,1956,41.6,878.0,46854418
Bangladesh,BGD,1957,42.6,845.0,48004664
Bangladesh,BGD,1958,43.1,813.0,49184052
Bangladesh,BGD,1959,43.7,838.0,50441766
Bangladesh,BGD,1960,44.0,869.0,51828663
Bangladesh,BGD,1961,44.9,899.0,53310344
Bangladesh,BGD,1962,45.8,877.0,54881154
Bangladesh,BGD,1963,45.7,947.0,56504406
Bangladesh,BGD,1964,46.8,939.0,58178372
Bangladesh,BGD,1965,46.0,969.0,59902522
Bangladesh,BGD,1966,47.6,963.0,61669811
Bangladesh,BGD,1967,48.1,921.0,63510933
Bangladesh,BGD,1968,48.4,987.0,65408278
Bangladesh,BGD,1969,48.7,980.0,67294130
Bangladesh,BGD,1970,42.7,1004.0,69058898
Bangladesh,BGD,1971,26.5,934.0,70276757
Bangladesh,BGD,1972,49.6,807.0,71641525
Bangladesh,BGD,1973,49.9,792.0,73722297
Bangladesh,BGD,1974,49.6,872.0,75839352
Bangladesh,BGD,1975,50.6,843.0,77854352
Bangladesh,BGD,1976,51.0,862.0,79855318
Bangladesh,BGD,1977,51.3,843.0,81867267
Bangladesh,BGD,1978,51.6,878.0,83889660
Bangladesh,BGD,1979,52.0,894.0,85935070
Bangladesh,BGD,1980,52.3,875.0,88016435
Bangladesh,BGD,1981,52.6,878.0,90303104
Bangladesh,BGD,1982,53.0,869.0,92814506
Bangladesh,BGD,1983,53.4,891.0,95335162
Bangladesh,BGD,1984,53.8,918.0,97814965
Bangladesh,BGD,1985,53.9,925.0,100253825
Bangladesh,BGD,1986,54.6,944.0,102635569
Bangladesh,BGD,1987,54.9,960.0,104959291
Bangladesh,BGD,1988,55.2,964.0,107216011
Bangladesh,BGD,1989,55.5,966.0,109433805
Bangladesh,BGD,1990,55.8,1006.0,111633722
Bangladesh,BGD,1991,53.8,1031.4,113787112
Bangladesh,BGD,1992,56.6,1062.5,115952198
Bangladesh,BGD,1993,57.1,1095.7,118132363
Bangladesh,BGD,1994,57.6,1136.4,120343183
Bangladesh,BGD,1995,58.2,1183.0,122600372
Bangladesh,BGD,1996,58.9,1234.1,124862185
Bangladesh,BGD,1997,59.7,1291.5,127198070
Bangladesh,BGD,1998,60.4,1348.1,129622332
Bangladesh,BGD,1999,61.2,1413.0,132108065
Bangladesh,BGD,2000,62.0,1485.3,134544303
Bangladesh,BGD,2001,62.8,1551.2,136805810
Bangladesh,BGD,2002,63.6,1621.3,138933659
Bangladesh,BGD,2003,64.3,1710.7,140970355
Bangladesh,BGD,2004,64.9,1812.6,142902857
Bangladesh,BGD,2005,65.5,1925.6,144715789
Bangladesh,BGD,2006,66.0,2057.7,146405983
Bangladesh,BGD,2007,66.5,2194.4,147989282
Bangladesh,BGD,2008,67.0,2321.1,149474264
Bangladesh,BGD,2009,67.5,2448.9,150873716
Bangladesh,BGD,2010,68.0,2599.2,152201978
Bangladesh,BGD,2011,68.5,2772.0,153591074
Bangladesh,BGD,2012,69.0,2914.0,155070110
Bangladesh,BGD,2013,69.5,3057.5,156532134
Bangladesh,BGD,2014,70.0,3216.9,157964931
Bangladesh,BGD,2015,70.5,3402.3,159383179
Bangladesh,BGD,2016,71.1,3598.5,160811934
Bangladesh,BGD,2017,71.6,3808.9,162186146
Bangladesh,BGD,2018,72.1,4056.6,163523109
Bangladesh,BGD,2019,72.6,4242.8,164913060
Bangladesh,BGD,2020,71.4,4419.0,166298024
Bangladesh,BGD,2021,71.1,4684.0,167658855
Bangladesh,BGD,2022,74.3,4925.7,169384891
Barbados,BRB,1952,55.9,3655.0,216517
Barbados,BRB,1953,57.0,3803.0,219244
Barbados,BRB,1954,58.3,3947.0,221568
Barbados,BRB,1955,59.0,4133.0,223296
Barbados,BRB,1956,60.5,4390.0,224519
Barbados,BRB,1957,61.7,4646.0,225803
Barbados,BRB,1958,62.4,4855.0,227266
Barbados,BRB,1959,63.3,5053.0,228789
Barbados,BRB,1960,64.1,5316.0,230901
Barbados,BRB,1961,65.0,5683.0,233155
Barbados,BRB,1962,65.7,5923.0,235236
Barbados,BRB,1963,66.2,6033.0,237566
Barbados,BRB,1964,66.7,6355.0,239969
Barbados,BRB,1965,67.2,6468.0,242421
Barbados,BRB,1966,67.7,6873.0,245010
Barbados,BRB,1967,67.9,7492.0,247099
Barbados,BRB,1968,68.2,8429.0,248554
Barbados,BRB,1969,68.5,9247.0,249447
Barbados,BRB,1970,68.5,10197.0,249398
Barbados,BRB,1971,68.8,10514.0,249177
Barbados,BRB,1972,69.1,10567.0,249666
Barbados,BRB,1973,69.1,10635.0,250330
Barbados,BRB,1974,69.4,10080.0,250786
Barbados,BRB,1975,69.8,9825.0,251188
Barbados,BRB,1976,70.1,10222.0,251454
Barbados,BRB,1977,70.6,10541.0,251630
Barbados,BRB,1978,71.1,11014.0,251566
Barbados,BRB,1979,71.5,11837.0,251277
Barbados,BRB,1980,72.1,12318.0,251533
Barbados,BRB,1981,72.6,12065.0,252274
Barbados,BRB,1982,72.9,11424.0,253098
Barbados,BRB,1983,73.2,11419.0,253993
Barbados,BRB,1984,73.3,11772.0,254930
Barbados,BRB,1985,73.3,11848.0,255831
Barbados,BRB,1986,73.4,12404.0,256628
Barbados,BRB,1987,73.5,12683.0,257288
Barbados,BRB,1988,73.4,13087.0,257768
Barbados,BRB,1989,73.4,13498.0,258113
Barbados,BRB,1990,73.5,12994.0,258583
Barbados,BRB,1991,73.5,12298.5,259382
Barbados,BRB,1992,73.6,11427.3,260272
Barbados,BRB,1993,73.7,11343.6,261036
Barbados,BRB,1994,73.8,11405.6,261625
Barbados,BRB,1995,73.9,11473.9,262046
Barbados,BRB,1996,74.1,11760.8,262290
Barbados,BRB,1997,74.0,12124.5,262405
Barbados,BRB,1998,74.5,12384.8,262434
Barbados,BRB,1999,74.6,12237.9,262521
Barbados,BRB,2000,74.6,12600.0,262071
Barbados,BRB,2001,74.7,12112.2,262429
Barbados,BRB,2002,74.8,12025.5,264155
Barbados,BRB,2003,74.9,12094.8,265789
Barbados,BRB,2004,75.1,12078.7,267297
Barbados,BRB,2005,75.0,12379.4,268717
Barbados,BRB,2006,75.0,12889.9,270011
Barbados,BRB,2007,75.3,12917.4,271298
Barbados,BRB,2008,75.3,12786.1,272719
Barbados,BRB,2009,75.5,12094.3,274137
Barbados,BRB,2010,75.5,11954.3,275251
Barbados,BRB,2011,75.6,11870.0,276150
Barbados,BRB,2012,75.7,11860.0,276949
Barbados,BRB,2013,75.8,11809.0,277669
Barbados,BRB,2014,75.9,11780.0,278355
Barbados,BRB,2015,76.1,11849.0,278999
Barbados,BRB,2016,76.2,12124.7,279604
Barbados,BRB,2017,76.2,12157.3,280177
Barbados,BRB,2018,76.4,12029.7,280719
Barbados,BRB,2019,76.5,12040.3,281216
Barbados,BRB,2020,76.6,10487.4,281706
Barbados,BRB,2021,76.6,10386.5,282157
Barbados,BRB,2022,75.7,11545.8,282324
Belarus,BLR,1952,60.5,,7264611
Belarus,BLR,1953,61.5,,7350643
Belarus,BLR,1954,62.5,,7448883
Belarus,BLR,1955,63.5,,7560678
Belarus,BLR,1956,64.5,,7682876
Belarus,BLR,1957,65.4,,7811337
Belarus,BLR,1958,66.6,,7944094
Belarus,BLR,1959,68.0,,8081319
Belarus,BLR,1960,69.3,,8208003
Belarus,BLR,1961,70.0,,8320428
Belarus,BLR,1962,70.5,,8424480
Belarus,BLR,1963,70.8,,8517706
Belarus,BLR,1964,71.3,,8602840
Belarus,BLR,1965,71.6,,8679938
Belarus,BLR,1966,71.8,,8752970
Belarus,BLR,1967,71.9,,8823252
Belarus,BLR,1968,71.9,,8891333
Belarus,BLR,1969,71.7,,8954603
Belarus,BLR,1970,71.7,,9014901
Belarus,BLR,1971,71.6,,9079747
Belarus,BLR,1972,71.8,,9144638
Belarus,BLR,1973,71.7,8341.0,9205707
Belarus,BLR,1974,71.7,,9265673
Belarus,BLR,1975,71.4,,9324290
Belarus,BLR,1976,71.2,,9380093
Belarus,BLR,1977,71.1,,9434946
Belarus,BLR,1978,70.9,,9485806
Belarus,BLR,1979,70.8,,9537697
Belarus,BLR,1980,70.7,9487.0,9603173
Belarus,BLR,1981,70.8,9844.0,9678048
Belarus,BLR,1982,70.8,10217.0,9748285
Belarus,BLR,1983,70.7,10667.0,9815555
Belarus,BLR,1984,70.8,10957.0,9881698
Belarus,BLR,1985,71.2,11000.0,9944184
Belarus,BLR,1986,71.7,11230.0,10004289
Belarus,BLR,1987,71.9,11297.0,10057608
Belarus,BLR,1988,71.7,11198.0,10107636
Belarus,BLR,1989,71.5,11893.0,10158779
Belarus,BLR,1990,71.1,11467.0,10186258
Belarus,BLR,1991,70.7,11170.8,10193889
Belarus,BLR,1992,70.1,9960.8,10217561
Belarus,BLR,1993,69.5,9077.4,10241320
Belarus,BLR,1994,69.0,7932.0,10230193
Belarus,BLR,1995,68.8,6993.6,10197466
Belarus,BLR,1996,68.6,7128.4,10164025
Belarus,BLR,1997,68.5,7885.0,10122365
Belarus,BLR,1998,68.3,8482.0,10080579
Belarus,BLR,1999,68.4,8689.7,10039221
Belarus,BLR,2000,68.5,9111.0,9991310
Belarus,BLR,2001,68.4,9462.4,9938068
Belarus,BLR,2002,68.3,9870.3,9873451
Belarus,BLR,2003,68.4,10493.0,9803175
Belarus,BLR,2004,68.7,11615.7,9735089
Belarus,BLR,2005,69.0,12629.6,9667833
Belarus,BLR,2006,69.4,13792.6,9608041
Belarus,BLR,2007,70.0,14857.0,9563135
Belarus,BLR,2008,70.3,16224.0,9529357
Belarus,BLR,2009,70.4,16088.7,9507334
Belarus,BLR,2010,70.5,17172.5,9490752
Belarus,BLR,2011,71.1,17918.0,9472738
Belarus,BLR,2012,71.8,18245.0,9463075
Belarus,BLR,2013,72.7,18456.4,9464454
Belarus,BLR,2014,73.2,18805.2,9472704
Belarus,BLR,2015,73.8,18122.9,9487289
Belarus,BLR,2016,74.2,17702.0,9499066
Belarus,BLR,2017,74.4,18193.3,9495793
Belarus,BLR,2018,74.3,18809.5,9480031
Belarus,BLR,2019,74.3,19130.4,9435415
Belarus,BLR,2020,72.3,19053.2,9350943
Belarus,BLR,2021,72.2,19541.9,9251368
Belarus,BLR,2022,74.4,18699.8,9173240
Belgium,BEL,1952,68.0,9035.0,8696639
Belgium,BEL,1953,68.4,9274.0,8741858
Belgium,BEL,1954,68.6,9610.0,8788383
Belgium,BEL,1955,68.5,10010.0,8835492
Belgium,BEL,1956,68.8,10237.0,8882161
Belgium,BEL,1957,69.2,10353.0,8931862
Belgium,BEL,1958,69.9,10268.0,8986120
Belgium,BEL,1959,70.3,10533.0,9045745
Belgium,BEL,1960,69.6,11081.0,9102172
Belgium,BEL,1961,70.5,11561.0,9158208
Belgium,BEL,1962,70.2,12087.0,9217669
Belgium,BEL,1963,70.0,12532.0,9275198
Belgium,BEL,1964,70.7,13295.0,9337681
Belgium,BEL,1965,70.6,13643.0,9399851
Belgium,BEL,1966,70.6,13989.0,9455000
Belgium,BEL,1967,70.9,14461.0,9505919
Belgium,BEL,1968,70.6,15009.0,9549702
Belgium,BEL,1969,70.7,15969.0,9589190
Belgium,BEL,1970,70.9,16914.0,9630508
Belgium,BEL,1971,71.1,17486.0,9666524
Belgium,BEL,1972,71.4,18336.0,9694853
Belgium,BEL,1973,71.6,19399.0,9718032
Belgium,BEL,1974,72.0,20153.0,9735809
Belgium,BEL,1975,72.0,19831.0,9748472
Belgium,BEL,1976,72.1,20916.0,9758905
Belgium,BEL,1977,72.8,21025.0,9774018
Belgium,BEL,1978,72.7,21605.0,9791812
Belgium,BEL,1979,73.2,22094.0,9811367
Belgium,BEL,1980,73.2,23060.0,9833093
Belgium,BEL,1981,73.7,22760.0,9850674
Belgium,BEL,1982,73.9,23071.0,9862329
Belgium,BEL,1983,73.9,23071.0,9869136
Belgium,BEL,1984,74.4,23644.0,9874586
Belgium,BEL,1985,74.5,23873.0,9880338
Belgium,BEL,1986,74.7,24221.0,9886981
Belgium,BEL,1987,75.3,24772.0,9899150
Belgium,BEL,1988,75.6,25905.0,9916566
Belgium,BEL,1989,75.6,26690.0,9936575
Belgium,BEL,1990,76.1,27412.0,9960968
Belgium,BEL,1991,76.2,27848.3,9998962
Belgium,BEL,1992,76.4,28199.6,10045988
Belgium,BEL,1993,76.4,27857.2,10084932
Belgium,BEL,1994,76.7,28706.5,10116005
Belgium,BEL,1995,76.8,29370.1,10137264
Belgium,BEL,1996,77.2,29820.3,10156972
Belgium,BEL,1997,77.4,30894.3,10181465
Belgium,BEL,1998,77.5,31480.7,10203185
Belgium,BEL,1999,77.6,32571.7,10226681
Belgium,BEL,2000,77.8,33719.8,10251719
Belgium,BEL,2001,78.1,33923.3,10287005
Belgium,BEL,2002,78.2,34419.7,10332975
Belgium,BEL,2003,78.3,34588.5,10376262
Belgium,BEL,2004,79.0,35740.4,10421298
Belgium,BEL,2005,79.1,36338.4,10478883
Belgium,BEL,2006,79.4,37051.9,10548445
Belgium,BEL,2007,79.5,38082.9,10625488
Belgium,BEL,2008,79.6,38117.3,10709711
Belgium,BEL,2009,79.8,36998.6,10812936
Belgium,BEL,2010,80.0,37739.3,10936619
Belgium,BEL,2011,80.4,38130.0,11038624
Belgium,BEL,2012,80.3,38173.2,11107522
Belgium,BEL,2013,80.5,38169.8,11160277
Belgium,BEL,2014,81.1,38599.4,11210113
Belgium,BEL,2015,80.9,39160.3,11275332
Belgium,BEL,2016,81.3,39456.9,11332707
Belgium,BEL,2017,81.4,39940.8,11376583
Belgium,BEL,2018,81.5,40471.9,11428608
Belgium,BEL,2019,81.8,41155.5,11490623
Belgium,BEL,2020,80.8,38763.4,11540102
Belgium,BEL,2021,81.7,40970.8,11570843
Belgium,BEL,2022,81.2,41872.4,11641814
Belize,BLZ,1952,50.7,,73364
Belize,BLZ,1953,51.4,,75529
Belize,BLZ,1954,52.2,,77691
Belize,BLZ,1955,52.7,,79867
Belize,BLZ,1956,53.9,,82089
Belize,BLZ,1957,54.8,,84356
Belize,BLZ,1958,55.7,,86672
Belize,BLZ,1959,56.6,,89008
Belize,BLZ,1960,57.4,,91330
Belize,BLZ,1961,52.9,,93646
Belize,BLZ,1962,58.7,,96060
Belize,BLZ,1963,59.3,,98715
Belize,BLZ,1964,59.8,,101619
Belize,BLZ,1965,60.4,,104689
Belize,BLZ,1966,60.9,,107916
Belize,BLZ,1967,61.4,,111291
Belize,BLZ,1968,62.0,,114731
Belize,BLZ,1969,62.5,,118052
Belize,BLZ,1970,63.0,,120746
Belize,BLZ,1971,63.5,,122820
Belize,BLZ,1972,64.0,,124688
Belize,BLZ,1973,64.5,,126461
Belize,BLZ,1974,64.9,,128200
Belize,BLZ,1975,65.4,,130403
Belize,BLZ,1976,65.8,,133117
Belize,BLZ,1977,66.1,,135904
Belize,BLZ,1978,66.3,,138721
Belize,BLZ,1979,66.7,,141693
Belize,BLZ,1980,66.9,,145072
Belize,BLZ,1981,67.1,,148802
Belize,BLZ,1982,67.3,,152561
Belize,BLZ,1983,67.6,,156310
Belize,BLZ,1984,68.0,,160060
Belize,BLZ,1985,68.3,,163812
Belize,BLZ,1986,68.7,,167568
Belize,BLZ,1987,69.1,,171349
Belize,BLZ,1988,69.4,,175195
Belize,BLZ,1989,69.5,,179124
Belize,BLZ,1990,69.6,,183090
Belize,BLZ,1991,69.6,,187056
Belize,BLZ,1992,69.6,,190995
Belize,BLZ,1993,69.6,,194916
Belize,BLZ,1994,69.6,,199101
Belize,BLZ,1995,69.5,,204165
Belize,BLZ,1996,69.4,,210321
Belize,BLZ,1997,69.2,,217459
Belize,BLZ,1998,68.9,,225186
Belize,BLZ,1999,69.0,,233066
Belize,BLZ,2000,68.9,,240809
Belize,BLZ,2001,68.9,,248393
Belize,BLZ,2002,69.5,,256019
Belize,BLZ,2003,69.8,,263794
Belize,BLZ,2004,70.2,,271695
Belize,BLZ,2005,70.3,,279747
Belize,BLZ,2006,70.5,,287889
Belize,BLZ,2007,70.7,,296117
Belize,BLZ,2008,70.7,,304373
Belize,BLZ,2009,70.8,,312619
Belize,BLZ,2010,70.9,,320256
Belize,BLZ,2011,71.0,,327306
Belize,BLZ,2012,71.1,,334421
Belize,BLZ,2013,71.3,,341635
Belize,BLZ,2014,71.4,,348934
Belize,BLZ,2015,71.6,,356341
Belize,BLZ,2016,71.8,,364717
Belize,BLZ,2017,72.1,,373215
Belize,BLZ,2018,72.3,,380232
Belize,BLZ,2019,72.6,,385833
Belize,BLZ,2020,71.6,,390819
Belize,BLZ,2021,70.9,,395355
Belize,BLZ,2022,72.2,,402741
Benin,BEN,1952,36.0,1565.0,2285780
Benin,BEN,1953,36.3,1492.0,2306205
Benin,BEN,1954,36.7,1505.0,2328786
Benin,BEN,1955,37.0,1474.0,2353653
Benin,BEN,1956,37.3,1444.0,2380894
Benin,BEN,1957,37.6,1414.0,2410774
Benin,BEN,1958,38.0,1435.0,2443431
Benin,BEN,1959,38.4,1457.0,2478921
Benin,BEN,1960,38.8,1468.0,2517289
Benin,BEN,1961,39.2,1482.0,2559229
Benin,BEN,1962,39.6,1400.0,2604667
Benin,BEN,1963,40.1,1430.0,2652911
Benin,BEN,1964,40.5,1492.0,2704005
Benin,BEN,1965,41.0,1532.0,2757936
Benin,BEN,1966,41.3,1549.0,2814321
Benin,BEN,1967,41.8,1525.0,2873000
Benin,BEN,1968,42.2,1545.0,2934261
Benin,BEN,1969,42.6,1551.0,2998230
Benin,BEN,1970,43.0,1543.0,3065061
Benin,BEN,1971,43.4,1535.0,3134768
Benin,BEN,1972,43.9,1640.0,3207549
Benin,BEN,1973,44.4,1666.0,3283500
Benin,BEN,1974,44.9,1733.0,3362629
Benin,BEN,1975,45.4,1570.0,3445406
Benin,BEN,1976,46.0,1548.0,3532198
Benin,BEN,1977,46.5,1570.0,3623200
Benin,BEN,1978,46.9,1519.0,3718308
Benin,BEN,1979,47.4,1594.0,3818536
Benin,BEN,1980,47.7,1691.0,3925258
Benin,BEN,1981,48.1,1733.0,4038308
Benin,BEN,1982,48.5,1862.0,4156593
Benin,BEN,1983,48.8,1728.0,4278981
Benin,BEN,1984,49.4,1809.0,4405902
Benin,BEN,1985,50.0,1886.0,4538017
Benin,BEN,1986,50.6,1867.0,4675421
Benin,BEN,1987,51.3,1782.0,4818487
Benin,BEN,1988,52.0,1780.0,4967343
Benin,BEN,1989,52.5,1715.0,5121659
Benin,BEN,1990,53.0,1811.0,5281482
Benin,BEN,1991,53.4,1812.4,5446935
Benin,BEN,1992,54.1,1790.5,5617847
Benin,BEN,1993,54.6,1792.0,5872707
Benin,BEN,1994,55.0,1731.8,6096510
Benin,BEN,1995,55.4,1835.6,6226775
Benin,BEN,1996,55.6,1840.5,6391861
Benin,BEN,1997,56.0,1867.6,6583375
Benin,BEN,1998,56.2,1862.8,6789492
Benin,BEN,1999,56.3,1881.7,7002818
Benin,BEN,2000,56.6,1908.9,7221618
Benin,BEN,2001,56.7,1928.1,7445599
Benin,BEN,2002,56.9,1934.4,7675430
Benin,BEN,2003,57.1,1919.6,7913074
Benin,BEN,2004,57.3,1923.7,8159098
Benin,BEN,2005,57.7,1875.9,8426145
Benin,BEN,2006,58.0,1870.5,8693243
Benin,BEN,2007,58.2,1904.5,8953973
Benin,BEN,2008,58.1,1920.3,9228468
Benin,BEN,2009,58.3,1888.8,9509431
Benin,BEN,2010,58.4,1854.7,9797488
Benin,BEN,2011,58.5,1836.0,10093626
Benin,BEN,2012,58.6,1867.0,10397659
Benin,BEN,2013,58.9,1939.0,10708831
Benin,BEN,2014,59.0,2008.0,11030008
Benin,BEN,2015,59.1,2055.0,11360681
Benin,BEN,2016,59.3,2061.9,11697845
Benin,BEN,2017,59.5,2115.6,12039777
Benin,BEN,2018,59.7,2192.3,12383349
Benin,BEN,2019,59.9,2276.1,12726760
Benin,BEN,2020,60.2,2297.8,13070169
Benin,BEN,2021,59.6,2395.2,13413423
Benin,BEN,2022,60.5,2477.1,13759507
Bermuda,BMU,1952,61.1,,38358
Bermuda,BMU,1953,61.8,,38850
Bermuda,BMU,1954,62.5,,39365
Bermuda,BMU,1955,63.1,,39874
Bermuda,BMU,1956,64.2,,40360
Bermuda,BMU,1957,64.8,,40815
Bermuda,BMU,1958,65.2,,41229
Bermuda,BMU,1959,65.7,,41663
Bermuda,BMU,1960,66.5,,42231
Bermuda,BMU,1961,67.5,,43143
Bermuda,BMU,1962,67.9,,44262
Bermuda,BMU,1963,67.7,,45362
Bermuda,BMU,1964,67.5,,46430
Bermuda,BMU,1965,67.6,,47484
Bermuda,BMU,1966,67.7,,48556
Bermuda,BMU,1967,67.8,,49535
Bermuda,BMU,1968,67.9,,50425
Bermuda,BMU,1969,68.1,,51330
Bermuda,BMU,1970,68.4,,52147
Bermuda,BMU,1971,69.0,,52628
Bermuda,BMU,1972,69.6,,52825
Bermuda,BMU,1973,70.4,,52963
Bermuda,BMU,1974,70.9,,53077
Bermuda,BMU,1975,71.2,,53148
Bermuda,BMU,1976,71.3,,53232
Bermuda,BMU,1977,71.6,,53346
Bermuda,BMU,1978,72.0,,53451
Bermuda,BMU,1979,72.4,,53538
Bermuda,BMU,1980,72.7,,53693
Bermuda,BMU,1981,72.9,,54020
Bermuda,BMU,1982,73.0,,54407
Bermuda,BMU,1983,73.2,,54802
Bermuda,BMU,1984,73.4,,55189
Bermuda,BMU,1985,73.4,,55569
Bermuda,BMU,1986,73.4,,55907
Bermuda,BMU,1987,73.5,,56285
Bermuda,BMU,1988,73.6,,56714
Bermuda,BMU,1989,73.7,,57149
Bermuda,BMU,1990,74.0,,57584
Bermuda,BMU,1991,74.2,,58007
Bermuda,BMU,1992,74.4,,58430
Bermuda,BMU,1993,74.8,,58834
Bermuda,BMU,1994,75.3,,59214
Bermuda,BMU,1995,75.9,,59549
Bermuda,BMU,1996,76.5,,59836
Bermuda,BMU,1997,77.0,,60194
Bermuda,BMU,1998,77.4,,60659
Bermuda,BMU,1999,77.9,,61142
Bermuda,BMU,2000,78.3,,61569
Bermuda,BMU,2001,78.6,,61887
Bermuda,BMU,2002,78.8,,62163
Bermuda,BMU,2003,78.7,,62405
Bermuda,BMU,2004,78.9,,62576
Bermuda,BMU,2005,78.9,,62730
Bermuda,BMU,2006,78.9,,62855
Bermuda,BMU,2007,79.0,,63030
Bermuda,BMU,2008,79.1,,63319
Bermuda,BMU,2009,79.2,,63587
Bermuda,BMU,2010,79.4,,63748
Bermuda,BMU,2011,79.7,,63753
Bermuda,BMU,2012,79.8,,63665
Bermuda,BMU,2013,80.0,,63593
Bermuda,BMU,2014,80.2,,63551
Bermuda,BMU,2015,80.3,,63482
Bermuda,BMU,2016,80.5,,63466
Bermuda,BMU,2017,80.7,,63603
Bermuda,BMU,2018,81.0,,63852
Bermuda,BMU,2019,81.3,,64130
Bermuda,BMU,2020,81.5,,64404
Bermuda,BMU,2021,81.7,,64672
Bermuda,BMU,2022,82.1,,64772
Bhutan,BTN,1952,35.4,,179392
Bhutan,BTN,1953,35.4,,184345
Bhutan,BTN,1954,35.4,,189467
Bhutan,BTN,1955,35.5,,194759
Bhutan,BTN,1956,35.6,,200245
Bhutan,BTN,1957,35.7,,205913
Bhutan,BTN,1958,35.9,,211766
Bhutan,BTN,1959,36.1,,217827
Bhutan,BTN,1960,36.4,,224098
Bhutan,BTN,1961,36.7,,230617
Bhutan,BTN,1962,37.0,,237648
Bhutan,BTN,1963,37.4,,245168
Bhutan,BTN,1964,37.8,,252997
Bhutan,BTN,1965,38.3,,261210
Bhutan,BTN,1966,38.8,,269830
Bhutan,BTN,1967,39.4,,278855
Bhutan,BTN,1968,40.0,,288320
Bhutan,BTN,1969,40.6,,298220
Bhutan,BTN,1970,41.2,,308536
Bhutan,BTN,1971,41.8,,319219
Bhutan,BTN,1972,42.5,,330265
Bhutan,BTN,1973,43.1,,341713
Bhutan,BTN,1974,43.8,,353548
Bhutan,BTN,1975,44.5,,365800
Bhutan,BTN,1976,45.2,,378499
Bhutan,BTN,1977,46.0,,391649
Bhutan,BTN,1978,46.7,,405256
Bhutan,BTN,1979,47.4,,419208
Bhutan,BTN,1980,48.2,,433412
Bhutan,BTN,1981,49.0,,447851
Bhutan,BTN,1982,49.8,,462495
Bhutan,BTN,1983,50.6,,477473
Bhutan,BTN,1984,51.3,,492794
Bhutan,BTN,1985,52.0,,508399
Bhutan,BTN,1986,52.8,,524327
Bhutan,BTN,1987,53.6,,540570
Bhutan,BTN,1988,54.4,,557002
Bhutan,BTN,1989,55.1,,573593
Bhutan,BTN,1990,55.8,,589295
Bhutan,BTN,1991,56.5,,599789
Bhutan,BTN,1992,57.2,,577780
Bhutan,BTN,1993,57.9,,554680
Bhutan,BTN,1994,58.4,,554509
Bhutan,BTN,1995,59.3,,547995
Bhutan,BTN,1996,60.0,,548792
Bhutan,BTN,1997,60.6,,558698
Bhutan,BTN,1998,61.3,,569439
Bhutan,BTN,1999,62.0,,582589
Bhutan,BTN,2000,61.8,,596871
Bhutan,BTN,2001,63.3,,610801
Bhutan,BTN,2002,64.0,,624417
Bhutan,BTN,2003,64.7,,637667
Bhutan,BTN,2004,65.3,,650559
Bhutan,BTN,2005,65.9,,661875
Bhutan,BTN,2006,66.5,,670803
Bhutan,BTN,2007,67.2,,678643
Bhutan,BTN,2008,67.7,,686359
Bhutan,BTN,2009,68.2,,693994
Bhutan,BTN,2010,68.8,,701638
Bhutan,BTN,2011,69.3,,709387
Bhutan,BTN,2012,69.8,,717288
Bhutan,BTN,2013,70.2,,725282
Bhutan,BTN,2014,70.5,,733151
Bhutan,BTN,2015,70.8,,740623
Bhutan,BTN,2016,71.1,,747878
Bhutan,BTN,2017,71.4,,754343
Bhutan,BTN,2018,71.7,,759766
Bhutan,BTN,2019,72.0,,764830
Bhutan,BTN,2020,72.3,,770013
Bhutan,BTN,2021,72.4,,775450
Bhutan,BTN,2022,72.8,,780921
Bolivia,BOL,1952,41.0,3237.0,3187538
Bolivia,BOL,1953,41.4,2869.0,3240967
Bolivia,BOL,1954,41.7,2868.0,3297841
Bolivia,BOL,1955,41.9,2954.0,3358005
Bolivia,BOL,1956,42.2,2719.0,3421344
Bolivia,BOL,1957,42.4,2573.0,3487565
Bolivia,BOL,1958,42.7,2576.0,3556554
Bolivia,BOL,1959,43.0,2511.0,3628189
Bolivia,BOL,1960,43.3,2560.0,3702323
Bolivia,BOL,1961,43.6,2555.0,3778735
Bolivia,BOL,1962,44.0,2636.0,3857495
Bolivia,BOL,1963,44.3,2742.0,3938914
Bolivia,BOL,1964,44.7,2809.0,4023009
Bolivia,BOL,1965,45.1,2879.0,4109800
Bolivia,BOL,1966,45.5,3014.0,4199555
Bolivia,BOL,1967,45.9,3127.0,4292574
Bolivia,BOL,1968,46.3,3314.0,4388946
Bolivia,BOL,1969,46.7,3379.0,4488231
Bolivia,BOL,1970,47.1,3469.0,4590008
Bolivia,BOL,1971,47.5,3513.0,4694351
Bolivia,BOL,1972,47.8,3602.0,4800985
Bolivia,BOL,1973,48.3,3757.0,4910200
Bolivia,BOL,1974,48.8,3854.0,5022480
Bolivia,BOL,1975,49.3,4010.0,5137540
Bolivia,BOL,1976,50.0,4219.0,5256497
Bolivia,BOL,1977,50.4,4289.0,5379169
Bolivia,BOL,1978,50.8,4328.0,5504131
Bolivia,BOL,1979,51.4,4227.0,5630853
Bolivia,BOL,1980,51.8,4100.0,5758905
Bolivia,BOL,1981,52.3,4060.0,5888114
Bolivia,BOL,1982,52.5,3816.0,6018091
Bolivia,BOL,1983,52.9,3585.0,6149066
Bolivia,BOL,1984,53.4,3561.0,6281868
Bolivia,BOL,1985,53.8,3476.0,6416193
Bolivia,BOL,1986,54.2,3306.0,6552481
Bolivia,BOL,1987,54.9,3330.0,6692168
Bolivia,BOL,1988,55.5,3386.0,6835507
Bolivia,BOL,1989,56.1,3408.0,6981771
Bolivia,BOL,1990,56.8,3502.0,7130143
Bolivia,BOL,1991,57.4,3610.1,7280294
Bolivia,BOL,1992,57.9,3592.1,7430337
Bolivia,BOL,1993,58.7,3670.3,7579196
Bolivia,BOL,1994,59.3,3765.2,7727320
Bolivia,BOL,1995,59.8,3865.4,7874676
Bolivia,BOL,1996,60.3,3959.4,8021742
Bolivia,BOL,1997,60.7,4079.5,8167911
Bolivia,BOL,1998,61.2,4205.7,8313400
Bolivia,BOL,1999,61.7,4146.5,8459810
Bolivia,BOL,2000,62.1,4173.5,8606330
Bolivia,BOL,2001,62.5,4166.5,8752740
Bolivia,BOL,2002,63.1,4193.8,8900358
Bolivia,BOL,2003,63.5,4230.4,9050703
Bolivia,BOL,2004,63.8,4330.6,9204297
Bolivia,BOL,2005,64.2,4445.3,9360758
Bolivia,BOL,2006,64.5,4581.9,9521685
Bolivia,BOL,2007,64.9,4713.4,9685960
Bolivia,BOL,2008,65.3,4924.0,9850859
Bolivia,BOL,2009,65.7,5011.3,10016279
Bolivia,BOL,2010,66.0,5141.8,10182345
Bolivia,BOL,2011,66.3,5331.0,10348931
Bolivia,BOL,2012,66.6,5503.9,10515814
Bolivia,BOL,2013,66.8,5775.8,10682612
Bolivia,BOL,2014,67.0,5988.3,10848889
Bolivia,BOL,2015,67.2,6176.3,11014707
Bolivia,BOL,2016,67.4,6337.8,11180020
Bolivia,BOL,2017,67.5,6503.4,11344591
Bolivia,BOL,2018,67.7,6679.4,11508370
Bolivia,BOL,2019,67.8,6730.8,11671386
Bolivia,BOL,2020,62.9,6062.1,11816301
Bolivia,BOL,2021,61.4,6355.6,11937369
Bolivia,BOL,2022,67.4,6481.4,12077156
Bonaire Sint Eustatius and Saba,BES,1952,66.1,,7141
Bonaire Sint Eustatius and Saba,BES,1953,65.8,,7249
Bonaire Sint Eustatius and Saba,BES,1954,66.5,,7460
Bonaire Sint Eustatius and Saba,BES,1955,67.0,,7628
Bonaire Sint Eustatius and Saba,BES,1956,66.5,,7638
Bonaire Sint Eustatius and Saba,BES,1957,67.8,,7653
Bonaire Sint Eustatius and Saba,BES,1958,68.4,,7699
Bonaire Sint Eustatius and Saba,BES,1959,68.3,,7761
Bonaire Sint Eustatius and Saba,BES,1960,68.5,,7853
Bonaire Sint Eustatius and Saba,BES,1961,68.0,,7983
Bonaire Sint Eustatius and Saba,BES,1962,68.9,,8122
Bonaire Sint Eustatius and Saba,BES,1963,70.8,,8286
Bonaire Sint Eustatius and Saba,BES,1964,70.9,,8472
Bonaire Sint Eustatius and Saba,BES,1965,69.2,,8677
Bonaire Sint Eustatius and Saba,BES,1966,70.1,,8893
Bonaire Sint Eustatius and Saba,BES,1967,71.3,,9129
Bonaire Sint Eustatius and Saba,BES,1968,69.8,,9368
Bonaire Sint Eustatius and Saba,BES,1969,71.6,,9625
Bonaire Sint Eustatius and Saba,BES,1970,73.3,,9885
Bonaire Sint Eustatius and Saba,BES,1971,74.0,,10148
Bonaire Sint Eustatius and Saba,BES,1972,74.1,,10377
Bonaire Sint Eustatius and Saba,BES,1973,74.2,,10558
Bonaire Sint Eustatius and Saba,BES,1974,74.1,,10715
Bonaire Sint Eustatius and Saba,BES,1975,74.3,,10878
Bonaire Sint Eustatius and Saba,BES,1976,74.7,,11057
Bonaire Sint Eustatius and Saba,BES,1977,74.7,,11242
Bonaire Sint Eustatius and Saba,BES,1978,74.2,,11437
Bonaire Sint Eustatius and Saba,BES,1979,74.3,,11621
Bonaire Sint Eustatius and Saba,BES,1980,73.0,,11804
Bonaire Sint Eustatius and Saba,BES,1981,72.0,,11962
Bonaire Sint Eustatius and Saba,BES,1982,73.5,,12078
Bonaire Sint Eustatius and Saba,BES,1983,74.0,,12177
Bonaire Sint Eustatius and Saba,BES,1984,74.0,,12284
Bonaire Sint Eustatius and Saba,BES,1985,74.1,,12391
Bonaire Sint Eustatius and Saba,BES,1986,74.4,,12494
Bonaire Sint Eustatius and Saba,BES,1987,74.0,,12601
Bonaire Sint Eustatius and Saba,BES,1988,74.1,,12714
Bonaire Sint Eustatius and Saba,BES,1989,74.6,,12830
Bonaire Sint Eustatius and Saba,BES,1990,74.3,,12958
Bonaire Sint Eustatius and Saba,BES,1991,74.0,,13070
Bonaire Sint Eustatius and Saba,BES,1992,73.4,,13186
Bonaire Sint Eustatius and Saba,BES,1993,73.7,,13297
Bonaire Sint Eustatius and Saba,BES,1994,74.7,,13407
Bonaire Sint Eustatius and Saba,BES,1995,75.5,,13531
Bonaire Sint Eustatius and Saba,BES,1996,75.6,,13670
Bonaire Sint Eustatius and Saba,BES,1997,74.8,,13812
Bonaire Sint Eustatius and Saba,BES,1998,75.8,,13959
Bonaire Sint Eustatius and Saba,BES,1999,75.8,,14101
Bonaire Sint Eustatius and Saba,BES,2000,76.1,,14256
Bonaire Sint Eustatius and Saba,BES,2001,75.5,,14526
Bonaire Sint Eustatius and Saba,BES,2002,75.9,,15033
Bonaire Sint Eustatius and Saba,BES,2003,75.7,,15666
Bonaire Sint Eustatius and Saba,BES,2004,75.5,,16330
Bonaire Sint Eustatius and Saba,BES,2005,75.9,,17002
Bonaire Sint Eustatius and Saba,BES,2006,76.1,,17701
Bonaire Sint Eustatius and Saba,BES,2007,76.1,,18408
Bonaire Sint Eustatius and Saba,BES,2008,76.6,,19118
Bonaire Sint Eustatius and Saba,BES,2009,76.5,,19847
Bonaire Sint Eustatius and Saba,BES,2010,76.7,,20583
Bonaire Sint Eustatius and Saba,BES,2011,76.4,,21650
Bonaire Sint Eustatius and Saba,BES,2012,76.2,,22847
Bonaire Sint Eustatius and Saba,BES,2013,76.2,,23835
Bonaire Sint Eustatius and Saba,BES,2014,76.9,,24491
Bonaire Sint Eustatius and Saba,BES,2015,77.8,,24638
Bonaire Sint Eustatius and Saba,BES,2016,77.4,,24567
Bonaire Sint Eustatius and Saba,BES,2017,77.6,,24821
Bonaire Sint Eustatius and Saba,BES,2018,77.1,,25184
Bonaire Sint Eustatius and Saba,BES,2019,77.2,,25652
Bonaire Sint Eustatius and Saba,BES,2020,77.2,,26476
Bonaire Sint Eustatius and Saba,BES,2021,77.9,,27347
Bonaire Sint Eustatius and Saba,BES,2022,78.2,,28654
Bosnia and Herzegovina,BIH,1952,49.4,1894.0,2774688
Bosnia and Herzegovina,BIH,1953,51.1,1878.0,2829229
Bosnia and Herzegovina,BIH,1954,51.9,1847.0,2890205
Bosnia and Herzegovina,BIH,1955,53.0,2265.0,2952172
Bosnia and Herzegovina,BIH,1956,53.9,1932.0,3015555
Bosnia and Herzegovina,BIH,1957,55.1,2214.0,3079942
Bosnia and Herzegovina,BIH,1958,56.2,2284.0,3145429
Bosnia and Herzegovina,BIH,1959,57.6,2667.0,3212369
Bosnia and Herzegovina,BIH,1960,58.5,2871.0,3281387
Bosnia and Herzegovina,BIH,1961,59.3,2925.0,3348038
Bosnia and Herzegovina,BIH,1962,60.1,2868.0,3407536
Bosnia and Herzegovina,BIH,1963,60.5,3174.0,3461941
Bosnia and Herzegovina,BIH,1964,61.5,3469.0,3513443
Bosnia and Herzegovina,BIH,1965,62.2,3569.0,3562844
Bosnia and Herzegovina,BIH,1966,63.1,3810.0,3610570
Bosnia and Herzegovina,BIH,1967,63.7,3724.0,3656227
Bosnia and Herzegovina,BIH,1968,64.0,3849.0,3698804
Bosnia and Herzegovina,BIH,1969,64.4,4132.0,3737769
Bosnia and Herzegovina,BIH,1970,64.8,4251.0,3773248
Bosnia and Herzegovina,BIH,1971,65.2,4490.0,3809388
Bosnia and Herzegovina,BIH,1972,65.7,4661.0,3848278
Bosnia and Herzegovina,BIH,1973,66.6,4801.0,3887374
Bosnia and Herzegovina,BIH,1974,67.6,5112.0,3926471
Bosnia and Herzegovina,BIH,1975,68.3,5247.0,3965749
Bosnia and Herzegovina,BIH,1976,68.6,5268.0,4004560
Bosnia and Herzegovina,BIH,1977,68.8,5647.0,4042136
Bosnia and Herzegovina,BIH,1978,68.8,5977.0,4078246
Bosnia and Herzegovina,BIH,1979,69.1,6376.0,4113302
Bosnia and Herzegovina,BIH,1980,69.6,6588.0,4148427
Bosnia and Herzegovina,BIH,1981,70.1,6762.0,4184220
Bosnia and Herzegovina,BIH,1982,70.1,6841.0,4221104
Bosnia and Herzegovina,BIH,1983,70.1,6773.0,4258736
Bosnia and Herzegovina,BIH,1984,70.2,6843.0,4295538
Bosnia and Herzegovina,BIH,1985,70.6,6875.0,4330362
Bosnia and Herzegovina,BIH,1986,70.8,7066.0,4362114
Bosnia and Herzegovina,BIH,1987,70.9,6886.0,4390248
Bosnia and Herzegovina,BIH,1988,71.0,6668.0,4414409
Bosnia and Herzegovina,BIH,1989,71.4,6711.0,4433985
Bosnia and Herzegovina,BIH,1990,71.5,5893.0,4448658
Bosnia and Herzegovina,BIH,1991,71.8,5128.9,4458350
Bosnia and Herzegovina,BIH,1992,52.0,3830.2,4234620
Bosnia and Herzegovina,BIH,1993,50.9,2831.0,3904484
Bosnia and Herzegovina,BIH,1994,66.6,3017.0,3725412
Bosnia and Herzegovina,BIH,1995,70.2,3237.3,3715565
Bosnia and Herzegovina,BIH,1996,73.5,4915.3,3875246
Bosnia and Herzegovina,BIH,1997,73.9,5913.1,4018228
Bosnia and Herzegovina,BIH,1998,74.5,6589.6,4089357
Bosnia and Herzegovina,BIH,1999,74.9,7026.0,4130312
Bosnia and Herzegovina,BIH,2000,75.3,7082.0,4159785
Bosnia and Herzegovina,BIH,2001,75.6,7129.4,4179446
Bosnia and Herzegovina,BIH,2002,76.0,7391.6,4188006
Bosnia and Herzegovina,BIH,2003,76.4,7551.4,4178523
Bosnia and Herzegovina,BIH,2004,76.5,7857.4,4140990
Bosnia and Herzegovina,BIH,2005,76.4,8057.7,4096493
Bosnia and Herzegovina,BIH,2006,76.0,8410.8,4063269
Bosnia and Herzegovina,BIH,2007,76.2,8811.9,4013420
Bosnia and Herzegovina,BIH,2008,76.3,9199.3,3947545
Bosnia and Herzegovina,BIH,2009,76.7,9018.5,3879798
Bosnia and Herzegovina,BIH,2010,76.8,8982.5,3811480
Bosnia and Herzegovina,BIH,2011,77.0,8961.0,3741799
Bosnia and Herzegovina,BIH,2012,77.0,8894.9,3670109
Bosnia and Herzegovina,BIH,2013,77.1,9113.1,3610857
Bosnia and Herzegovina,BIH,2014,77.1,9228.8,3564831
Bosnia and Herzegovina,BIH,2015,77.1,9639.5,3518541
Bosnia and Herzegovina,BIH,2016,77.1,9966.4,3472997
Bosnia and Herzegovina,BIH,2017,77.4,10305.9,3428684
Bosnia and Herzegovina,BIH,2018,77.9,10718.8,3386999
Bosnia and Herzegovina,BIH,2019,77.4,11048.2,3345532
Bosnia and Herzegovina,BIH,2020,76.0,10736.2,3299352
Bosnia and Herzegovina,BIH,2021,74.6,11553.8,3244912
Bosnia and Herzegovina,BIH,2022,76.8,12142.9,3204802
Botswana,BWA,1952,47.0,504.0,433719
Botswana,BWA,1953,47.5,513.0,443979
Botswana,BWA,1954,48.0,521.0,454051
Botswana,BWA,1955,48.5,529.0,463935
Botswana,BWA,1956,49.0,537.0,473785
Botswana,BWA,1957,49.5,544.0,483798
Botswana,BWA,1958,50.1,550.0,494112
Botswana,BWA,1959,50.7,559.0,504883
Botswana,BWA,1960,51.2,564.0,516174
Botswana,BWA,1961,51.8,575.0,527952
Botswana,BWA,1962,52.3,582.0,540189
Botswana,BWA,1963,52.8,591.0,552977
Botswana,BWA,1964,53.4,604.0,566282
Botswana,BWA,1965,53.9,612.0,574670
Botswana,BWA,1966,54.4,663.0,577876
Botswana,BWA,1967,54.9,719.0,580938
Botswana,BWA,1968,55.4,781.0,583974
Botswana,BWA,1969,55.9,843.0,587078
Botswana,BWA,1970,56.4,907.0,590338
Botswana,BWA,1971,57.1,1113.0,600488
Botswana,BWA,1972,57.7,1361.0,622416
Botswana,BWA,1973,58.3,1589.0,652420
Botswana,BWA,1974,58.9,1656.0,685455
Botswana,BWA,1975,59.5,1712.0,720389
Botswana,BWA,1976,60.2,1801.0,758514
Botswana,BWA,1977,60.9,1889.0,799587
Botswana,BWA,1978,61.5,2005.0,849246
Botswana,BWA,1979,62.0,2184.0,901754
Botswana,BWA,1980,62.5,2348.0,937493
Botswana,BWA,1981,63.0,2528.0,970003
Botswana,BWA,1982,63.4,2640.0,1009273
Botswana,BWA,1983,63.6,2848.0,1046148
Botswana,BWA,1984,63.7,3124.0,1083665
Botswana,BWA,1985,63.6,3301.0,1121954
Botswana,BWA,1986,63.4,3432.0,1160655
Botswana,BWA,1987,62.8,3601.0,1199180
Botswana,BWA,1988,61.7,3920.0,1235488
Botswana,BWA,1989,61.2,5066.0,1270279
Botswana,BWA,1990,60.1,5267.0,1305699
Botswana,BWA,1991,58.9,5616.0,1341767
Botswana,BWA,1992,58.2,5733.6,1380038
Botswana,BWA,1993,57.3,5787.1,1420120
Botswana,BWA,1994,56.0,5946.4,1460030
Botswana,BWA,1995,54.7,6318.5,1498842
Botswana,BWA,1996,54.3,6647.8,1535917
Botswana,BWA,1997,53.6,7152.1,1571700
Botswana,BWA,1998,53.0,7185.3,1606906
Botswana,BWA,1999,52.5,7876.1,1642006
Botswana,BWA,2000,52.3,8044.1,1677384
Botswana,BWA,2001,52.2,8082.8,1712264
Botswana,BWA,2002,52.4,8604.1,1744765
Botswana,BWA,2003,52.9,9042.5,1775744
Botswana,BWA,2004,53.6,9329.5,1807153
Botswana,BWA,2005,54.4,9798.1,1839881
Botswana,BWA,2006,55.1,10665.7,1874526
Botswana,BWA,2007,56.7,11602.1,1911200
Botswana,BWA,2008,57.7,12385.1,1949973
Botswana,BWA,2009,58.3,11494.8,1990671
Botswana,BWA,2010,59.1,12544.7,2033110
Botswana,BWA,2011,59.7,13376.0,2073538
Botswana,BWA,2012,60.4,13134.4,2108617
Botswana,BWA,2013,61.2,14355.8,2140687
Botswana,BWA,2014,62.2,14929.7,2172053
Botswana,BWA,2015,63.2,13980.0,2203276
Botswana,BWA,2016,64.3,14752.2,2234784
Botswana,BWA,2017,65.4,15121.7,2266749
Botswana,BWA,2018,66.4,15515.6,2299149
Botswana,BWA,2019,67.2,15747.3,2332082
Botswana,BWA,2020,67.6,14162.7,2365895
Botswana,BWA,2021,63.3,15612.1,2401448
Botswana,BWA,2022,68.7,16351.9,2439895
Brazil,BRA,1952,49.6,2377.0,56694872
Brazil,BRA,1953,50.0,2418.0,58433756
Brazil,BRA,1954,50.4,2531.0,60235125
Brazil,BRA,1955,50.9,2675.0,62101393
Brazil,BRA,1956,51.3,2672.0,64033997
Brazil,BRA,1957,51.8,2793.0,66031498
Brazil,BRA,1958,52.2,3005.0,68092148
Brazil,BRA,1959,52.7,3201.0,70214470
Brazil,BRA,1960,53.2,3398.0,72388124
Brazil,BRA,1961,53.6,3585.0,74605442
Brazil,BRA,1962,54.0,3711.0,76865322
Brazil,BRA,1963,54.5,3623.0,79164237
Brazil,BRA,1964,54.8,3637.0,81488598
Brazil,BRA,1965,55.2,3617.0,83817586
Brazil,BRA,1966,55.6,3747.0,86139356
Brazil,BRA,1967,56.0,3795.0,88446119
Brazil,BRA,1968,56.5,4050.0,90741243
Brazil,BRA,1969,56.9,4313.0,93045768
Brazil,BRA,1970,57.3,4635.0,95375656
Brazil,BRA,1971,57.8,5024.0,97739280
Brazil,BRA,1972,58.3,5480.0,100146794
Brazil,BRA,1973,58.7,6086.0,102600970
Brazil,BRA,1974,59.1,6416.0,105089675
Brazil,BRA,1975,59.6,6582.0,107619567
Brazil,BRA,1976,60.0,7079.0,110213353
Brazil,BRA,1977,60.5,7248.0,112875287
Brazil,BRA,1978,60.9,7425.0,115600943
Brazil,BRA,1979,61.4,7736.0,118380819
Brazil,BRA,1980,61.8,8249.0,121207451
Brazil,BRA,1981,62.3,7709.0,124063113
Brazil,BRA,1982,62.7,7587.0,126923156
Brazil,BRA,1983,63.1,7203.0,129790081
Brazil,BRA,1984,63.6,7438.0,132658861
Brazil,BRA,1985,64.0,7862.0,135515593
Brazil,BRA,1986,64.4,8281.0,138336371
Brazil,BRA,1987,64.8,8402.0,141104946
Brazil,BRA,1988,65.2,8230.0,143826357
Brazil,BRA,1989,65.5,8333.0,146502975
Brazil,BRA,1990,65.9,7842.0,149143223
Brazil,BRA,1991,66.2,7888.0,151724253
Brazil,BRA,1992,66.5,7812.8,154275077
Brazil,BRA,1993,66.9,8166.2,156794574
Brazil,BRA,1994,67.3,8615.7,159265011
Brazil,BRA,1995,67.7,8951.7,161735079
Brazil,BRA,1996,68.1,9124.5,164202549
Brazil,BRA,1997,68.5,9409.9,166661662
Brazil,BRA,1998,68.8,9419.1,169159651
Brazil,BRA,1999,69.2,9441.8,171641544
Brazil,BRA,2000,69.6,9834.4,174018278
Brazil,BRA,2001,70.0,9953.3,176301201
Brazil,BRA,2002,70.4,10245.1,178503485
Brazil,BRA,2003,70.9,10354.6,180622688
Brazil,BRA,2004,71.4,10949.7,182675144
Brazil,BRA,2005,71.8,11305.8,184688101
Brazil,BRA,2006,72.3,11766.6,186653099
Brazil,BRA,2007,72.7,12500.0,188552311
Brazil,BRA,2008,73.1,13164.0,190367297
Brazil,BRA,2009,73.5,13180.9,192079958
Brazil,BRA,2010,73.8,14215.6,193701931
Brazil,BRA,2011,74.0,14831.0,195284736
Brazil,BRA,2012,74.3,14985.5,196876113
Brazil,BRA,2013,74.6,15305.4,198478290
Brazil,BRA,2014,74.8,15251.9,200085126
Brazil,BRA,2015,75.1,14584.0,201675534
Brazil,BRA,2016,75.1,13990.6,203218108
Brazil,BRA,2017,75.4,14062.8,204703440
Brazil,BRA,2018,75.6,14197.6,206107265
Brazil,BRA,2019,75.8,14257.9,207455459
Brazil,BRA,2020,74.5,13685.9,208660845
Brazil,BRA,2021,73.0,14292.9,209550291
Brazil,BRA,2022,74.9,14640.1,210306411
British Virgin Islands,VGB,1952,55.2,,7398
British Virgin Islands,VGB,1953,56.2,,7410
British Virgin Islands,VGB,1954,57.4,,7469
British Virgin Islands,VGB,1955,58.4,,7516
British Virgin Islands,VGB,1956,59.5,,7557
British Virgin Islands,VGB,1957,60.5,,7615
British Virgin Islands,VGB,1958,61.4,,7702
British Virgin Islands,VGB,1959,62.2,,7832
British Virgin Islands,VGB,1960,62.7,,7974
British Virgin Islands,VGB,1961,63.3,,8059
British Virgin Islands,VGB,1962,63.8,,8093
British Virgin Islands,VGB,1963,64.3,,8136
British Virgin Islands,VGB,1964,64.8,,8192
British Virgin Islands,VGB,1965,65.1,,8283
British Virgin Islands,VGB,1966,65.5,,8438
British Virgin Islands,VGB,1967,65.9,,8671
British Virgin Islands,VGB,1968,66.0,,9023
British Virgin Islands,VGB,1969,66.2,,9554
British Virgin Islands,VGB,1970,66.4,,9967
British Virgin Islands,VGB,1971,66.7,,10117
British Virgin Islands,VGB,1972,66.9,,10256
British Virgin Islands,VGB,1973,67.2,,10388
British Virgin Islands,VGB,1974,67.7,,10521
British Virgin Islands,VGB,1975,68.1,,10627
British Virgin Islands,VGB,1976,68.4,,10733
British Virgin Islands,VGB,1977,68.7,,10823
British Virgin Islands,VGB,1978,69.0,,10904
British Virgin Islands,VGB,1979,69.3,,10986
British Virgin Islands,VGB,1980,69.6,,11148
British Virgin Islands,VGB,1981,69.9,,11499
British Virgin Islands,VGB,1982,70.1,,11944
British Virgin Islands,VGB,1983,70.4,,12388
British Virgin Islands,VGB,1984,70.7,,12844
British Virgin Islands,VGB,1985,71.0,,13291
British Virgin Islands,VGB,1986,71.3,,13749
British Virgin Islands,VGB,1987,71.5,,14213
British Virgin Islands,VGB,1988,71.8,,14704
British Virgin Islands,VGB,1989,72.0,,15201
British Virgin Islands,VGB,1990,72.4,,15727
British Virgin Islands,VGB,1991,72.8,,16208
British Virgin Islands,VGB,1992,73.1,,16615
British Virgin Islands,VGB,1993,73.4,,17008
British Virgin Islands,VGB,1994,73.8,,17430
British Virgin Islands,VGB,1995,74.1,,17863
British Virgin Islands,VGB,1996,74.3,,18308
British Virgin Islands,VGB,1997,74.5,,18783
British Virgin Islands,VGB,1998,74.6,,19262
British Virgin Islands,VGB,1999,74.7,,19755
British Virgin Islands,VGB,2000,74.8,,20266
British Virgin Islands,VGB,2001,74.8,,20825
British Virgin Islands,VGB,2002,75.0,,21454
British Virgin Islands,VGB,2003,75.2,,22155
British Virgin Islands,VGB,2004,75.4,,22905
British Virgin Islands,VGB,2005,75.6,,23693
British Virgin Islands,VGB,2006,75.7,,24519
British Virgin Islands,VGB,2007,75.9,,25391
British Virgin Islands,VGB,2008,76.1,,26308
British Virgin Islands,VGB,2009,76.2,,27240
British Virgin Islands,VGB,2010,76.3,,27698
British Virgin Islands,VGB,2011,76.4,,28733
British Virgin Islands,VGB,2012,76.4,,30369
British Virgin Islands,VGB,2013,76.5,,31727
British Virgin Islands,VGB,2014,76.5,,32988
British Virgin Islands,VGB,2015,76.6,,34523
British Virgin Islands,VGB,2016,76.6,,33904
British Virgin Islands,VGB,2017,75.7,,32724
British Virgin Islands,VGB,2018,76.7,,34682
British Virgin Islands,VGB,2019,76.8,,36423
British Virgin Islands,VGB,2020,76.9,,37161
British Virgin Islands,VGB,2021,75.3,,37833
British Virgin Islands,VGB,2022,77.2,,38346
Brunei,BRN,1952,52.4,,54252
Brunei,BRN,1953,53.3,,57582
Brunei,BRN,1954,54.2,,61227
Brunei,BRN,1955,55.0,,65228
Brunei,BRN,1956,55.7,,69568
Brunei,BRN,1957,56.5,,74183
Brunei,BRN,1958,57.3,,78989
Brunei,BRN,1959,58.0,,83860
Brunei,BRN,1960,58.7,,88359
Brunei,BRN,1961,59.4,,92529
Brunei,BRN,1962,58.8,,96737
Brunei,BRN,1963,60.6,,101171
Brunei,BRN,1964,61.3,,105936
Brunei,BRN,1965,61.7,,110856
Brunei,BRN,1966,62.4,,115890
Brunei,BRN,1967,62.9,,121036
Brunei,BRN,1968,63.5,,126237
Brunei,BRN,1969,64.0,,131456
Brunei,BRN,1970,64.5,,135157
Brunei,BRN,1971,65.0,,137931
Brunei,BRN,1972,65.4,,142197
Brunei,BRN,1973,66.0,,147381
Brunei,BRN,1974,66.4,,152669
Brunei,BRN,1975,67.0,,158081
Brunei,BRN,1976,67.4,,163621
Brunei,BRN,1977,67.8,,169287
Brunei,BRN,1978,68.3,,174902
Brunei,BRN,1979,68.6,,180430
Brunei,BRN,1980,69.0,,186121
Brunei,BRN,1981,69.3,,191990
Brunei,BRN,1982,69.7,,198177
Brunei,BRN,1983,70.0,,204754
Brunei,BRN,1984,70.2,,211673
Brunei,BRN,1985,70.5,,218928
Brunei,BRN,1986,70.8,,226510
Brunei,BRN,1987,71.0,,233876
Brunei,BRN,1988,71.2,,240928
Brunei,BRN,1989,71.4,,248077
Brunei,BRN,1990,71.6,,255307
Brunei,BRN,1991,71.9,,262604
Brunei,BRN,1992,72.1,,269848
Brunei,BRN,1993,72.3,,276978
Brunei,BRN,1994,72.6,,284098
Brunei,BRN,1995,72.8,,291207
Brunei,BRN,1996,73.1,,298283
Brunei,BRN,1997,73.3,,305357
Brunei,BRN,1998,73.6,,312398
Brunei,BRN,1999,73.8,,319412
Brunei,BRN,2000,74.0,,326429
Brunei,BRN,2001,74.2,,333353
Brunei,BRN,2002,74.4,,340108
Brunei,BRN,2003,74.5,,346650
Brunei,BRN,2004,74.6,,352921
Brunei,BRN,2005,74.7,,358930
Brunei,BRN,2006,74.8,,364670
Brunei,BRN,2007,74.8,,370883
Brunei,BRN,2008,74.8,,377800
Brunei,BRN,2009,74.8,,384965
Brunei,BRN,2010,74.8,,392340
Brunei,BRN,2011,74.8,,399395
Brunei,BRN,2012,74.8,,405564
Brunei,BRN,2013,74.9,,411205
Brunei,BRN,2014,74.9,,416757
Brunei,BRN,2015,74.9,,422223
Brunei,BRN,2016,74.9,,427571
Brunei,BRN,2017,74.9,,432787
Brunei,BRN,2018,75.0,,437811
Brunei,BRN,2019,75.0,,442690
Brunei,BRN,2020,75.1,,447411
Brunei,BRN,2021,74.9,,451722
Brunei,BRN,2022,72.9,,455374
Bulgaria,BGR,1952,59.6,3017.0,7361958
Bulgaria,BGR,1953,64.2,3323.0,7415922
Bulgaria,BGR,1954,64.4,3228.0,7476266
Bulgaria,BGR,1955,64.8,3424.0,7533657
Bulgaria,BGR,1956,65.2,3392.0,7587165
Bulgaria,BGR,1957,66.6,3714.0,7649543
Bulgaria,BGR,1958,68.7,3998.0,7724893
Bulgaria,BGR,1959,66.6,4278.0,7794176
Bulgaria,BGR,1960,69.2,4642.0,7862935
Bulgaria,BGR,1961,70.2,4897.0,7938308
Bulgaria,BGR,1962,69.5,5252.0,8008328
Bulgaria,BGR,1963,70.3,5448.0,8073731
Bulgaria,BGR,1964,71.1,5829.0,8140074
Bulgaria,BGR,1965,71.3,6137.0,8202417
Bulgaria,BGR,1966,71.2,6575.0,8258787
Bulgaria,BGR,1967,70.4,6886.0,8311127
Bulgaria,BGR,1968,71.2,6963.0,8370645
Bulgaria,BGR,1969,70.5,7246.0,8435273
Bulgaria,BGR,1970,71.3,7608.0,8490822
Bulgaria,BGR,1971,70.9,7814.0,8538900
Bulgaria,BGR,1972,70.9,8145.0,8579912
Bulgaria,BGR,1973,71.3,8423.0,8624799
Bulgaria,BGR,1974,71.2,8630.0,8682750
Bulgaria,BGR,1975,71.0,9295.0,8723145
Bulgaria,BGR,1976,71.4,9535.0,8759433
Bulgaria,BGR,1977,70.8,9398.0,8804690
Bulgaria,BGR,1978,71.1,9594.0,8813742
Bulgaria,BGR,1979,71.2,9954.0,8824994
Bulgaria,BGR,1980,71.1,9634.0,8859539
Bulgaria,BGR,1981,71.5,9860.0,8887803
Bulgaria,BGR,1982,71.1,10154.0,8912738
Bulgaria,BGR,1983,71.2,9942.0,8933328
Bulgaria,BGR,1984,71.3,10249.0,8952608
Bulgaria,BGR,1985,71.0,9924.0,8958855
Bulgaria,BGR,1986,71.6,10170.0,8963473
Bulgaria,BGR,1987,71.3,10173.0,8976206
Bulgaria,BGR,1988,71.4,10098.0,8985721
Bulgaria,BGR,1989,71.5,9908.0,8936386
Bulgaria,BGR,1990,71.3,8922.0,8822366
Bulgaria,BGR,1991,71.2,8319.7,8695798
Bulgaria,BGR,1992,71.2,7846.1,8559091
Bulgaria,BGR,1993,71.2,7959.2,8466533
Bulgaria,BGR,1994,70.9,8212.3,8416924
Bulgaria,BGR,1995,71.0,8566.6,8357576
Bulgaria,BGR,1996,70.8,7901.1,8291402
Bulgaria,BGR,1997,70.3,7927.4,8217101
Bulgaria,BGR,1998,70.9,8322.1,8138193
Bulgaria,BGR,1999,71.6,7921.8,8067464
Bulgaria,BGR,2000,71.6,8410.8,8000519
Bulgaria,BGR,2001,71.9,8832.3,7928455
Bulgaria,BGR,2002,72.1,9471.8,7861949
Bulgaria,BGR,2003,72.4,10080.8,7804405
Bulgaria,BGR,2004,72.6,10853.8,7749430
Bulgaria,BGR,2005,72.6,11758.1,7695047
Bulgaria,BGR,2006,72.7,12706.2,7640292
Bulgaria,BGR,2007,73.0,13785.2,7586896
Bulgaria,BGR,2008,73.3,14761.7,7535589
Bulgaria,BGR,2009,73.7,14363.3,7488016
Bulgaria,BGR,2010,73.8,14686.5,7437594
Bulgaria,BGR,2011,74.2,15112.0,7380023
Bulgaria,BGR,2012,74.3,15314.5,7317020
Bulgaria,BGR,2013,74.8,15314.2,7264605
Bulgaria,BGR,2014,74.5,15550.3,7223450
Bulgaria,BGR,2015,74.6,16186.4,7177515
Bulgaria,BGR,2016,74.8,16795.8,7127436
Bulgaria,BGR,2017,74.8,17386.3,7075642
Bulgaria,BGR,2018,74.9,17982.4,7024745
Bulgaria,BGR,2019,75.1,18840.8,6975466
Bulgaria,BGR,2020,73.6,18203.8,6933656
Bulgaria,BGR,2021,71.4,19754.0,6877222
Bulgaria,BGR,2022,74.0,20592.5,6825862
Burkina Faso,BFA,1952,33.6,797.0,4310353
Burkina Faso,BFA,1953,33.9,816.0,4361322
Burkina Faso,BFA,1954,34.2,838.0,4413878
Burkina Faso,BFA,1955,34.5,859.0,4469051
Burkina Faso,BFA,1956,34.8,883.0,4526657
Burkina Faso,BFA,1957,35.1,905.0,4586570
Burkina Faso,BFA,1958,35.4,929.0,4647287
Burkina Faso,BFA,1959,35.7,953.0,4710848
Burkina Faso,BFA,1960,36.1,971.0,4778626
Burkina Faso,BFA,1961,36.4,1004.0,4848222
Burkina Faso,BFA,1962,36.8,1060.0,4919673
Burkina Faso,BFA,1963,37.1,1039.0,4993619
Burkina Faso,BFA,1964,37.4,1055.0,5071040
Burkina Faso,BFA,1965,37.8,1087.0,5152834
Burkina Faso,BFA,1966,38.1,1082.0,5237939
Burkina Faso,BFA,1967,38.4,1165.0,5326349
Burkina Faso,BFA,1968,38.8,1189.0,5418644
Burkina Faso,BFA,1969,39.0,1199.0,5513179
Burkina Faso,BFA,1970,39.5,1188.0,5610307
Burkina Faso,BFA,1971,39.9,1219.0,5708002
Burkina Faso,BFA,1972,40.4,1253.0,5807238
Burkina Faso,BFA,1973,40.9,1172.0,5911926
Burkina Faso,BFA,1974,41.7,1132.0,6024905
Burkina Faso,BFA,1975,42.5,1068.0,6147575
Burkina Faso,BFA,1976,43.3,1039.0,6280638
Burkina Faso,BFA,1977,44.2,1090.0,6428739
Burkina Faso,BFA,1978,45.0,1189.0,6590987
Burkina Faso,BFA,1979,45.7,1173.0,6763902
Burkina Faso,BFA,1980,46.5,1165.0,6947900
Burkina Faso,BFA,1981,46.9,1186.0,7140270
Burkina Faso,BFA,1982,47.6,1183.0,7340199
Burkina Faso,BFA,1983,48.1,1140.0,7551136
Burkina Faso,BFA,1984,48.5,1129.0,7772260
Burkina Faso,BFA,1985,48.7,1243.0,7999935
Burkina Faso,BFA,1986,49.0,1400.0,8228847
Burkina Faso,BFA,1987,49.1,1336.0,8457112
Burkina Faso,BFA,1988,49.2,1403.0,8687441
Burkina Faso,BFA,1989,49.3,1342.0,8921178
Burkina Faso,BFA,1990,49.3,1286.0,9159358
Burkina Faso,BFA,1991,49.3,1331.2,9394631
Burkina Faso,BFA,1992,49.4,1265.0,9629280
Burkina Faso,BFA,1993,49.4,1240.1,9871715
Burkina Faso,BFA,1994,49.5,1189.1,10123807
Burkina Faso,BFA,1995,49.6,1191.3,10386723
Burkina Faso,BFA,1996,49.7,1255.8,10655943
Burkina Faso,BFA,1997,49.6,1268.3,10934222
Burkina Faso,BFA,1998,50.2,1293.6,11240668
Burkina Faso,BFA,1999,50.5,1318.7,11574930
Burkina Faso,BFA,2000,50.8,1275.5,11925548
Burkina Faso,BFA,2001,51.2,1283.4,12294996
Burkina Faso,BFA,2002,51.4,1255.6,12680904
Burkina Faso,BFA,2003,52.0,1277.6,13082530
Burkina Faso,BFA,2004,52.6,1268.7,13500536
Burkina Faso,BFA,2005,53.3,1310.0,13932127
Burkina Faso,BFA,2006,53.8,1322.6,14373713
Burkina Faso,BFA,2007,54.4,1308.5,14816313
Burkina Faso,BFA,2008,55.2,1315.5,15258103
Burkina Faso,BFA,2009,55.8,1287.4,15710067
Burkina Faso,BFA,2010,56.3,1326.2,16176503
Burkina Faso,BFA,2011,57.0,1344.0,16661907
Burkina Faso,BFA,2012,57.5,1387.6,17172284
Burkina Faso,BFA,2013,57.9,1424.2,17695411
Burkina Faso,BFA,2014,58.3,1443.3,18229466
Burkina Faso,BFA,2015,58.8,1456.9,18777488
Burkina Faso,BFA,2016,59.2,1500.0,19334854
Burkina Faso,BFA,2017,59.6,1548.5,19894413
Burkina Faso,BFA,2018,60.0,1605.4,20438289
Burkina Faso,BFA,2019,60.2,1651.1,20961956
Burkina Faso,BFA,2020,60.5,1638.8,21478691
Burkina Faso,BFA,2021,60.0,1707.0,21995249
Burkina Faso,BFA,2022,60.7,1705.0,22509038
Burundi,BDI,1952,41.5,626.0,2355807
Burundi,BDI,1953,41.7,641.0,2405189
Burundi,BDI,1954,42.0,665.0,2454593
Burundi,BDI,1955,42.2,674.0,2504658
Burundi,BDI,1956,42.4,687.0,2555312
Burundi,BDI,1957,42.6,701.0,2606484
Burundi,BDI,1958,42.9,708.0,2657416
Burundi,BDI,1959,43.1,736.0,2709604
Burundi,BDI,1960,43.3,733.0,2764265
Burundi,BDI,1961,43.4,615.0,2835122
Burundi,BDI,1962,43.5,657.0,2907945
Burundi,BDI,1963,43.6,673.0,2969844
Burundi,BDI,1964,43.6,695.0,3055656
Burundi,BDI,1965,41.8,703.0,3141371
Burundi,BDI,1966,43.5,716.0,3217962
Burundi,BDI,1967,43.3,764.0,3300699
Burundi,BDI,1968,43.4,740.0,3380389
Burundi,BDI,1969,43.0,717.0,3454598
Burundi,BDI,1970,43.2,893.0,3530431
Burundi,BDI,1971,43.2,902.0,3617295
Burundi,BDI,1972,25.8,866.0,3617134
Burundi,BDI,1973,37.4,921.0,3611994
Burundi,BDI,1974,43.3,904.0,3703604
Burundi,BDI,1975,43.4,883.0,3796617
Burundi,BDI,1976,43.7,956.0,3882626
Burundi,BDI,1977,44.0,1020.0,3983585
Burundi,BDI,1978,44.4,1042.0,4100342
Burundi,BDI,1979,45.0,1011.0,4203533
Burundi,BDI,1980,45.7,952.0,4383713
Burundi,BDI,1981,46.4,1014.0,4566017
Burundi,BDI,1982,47.0,985.0,4681397
Burundi,BDI,1983,47.4,991.0,4808530
Burundi,BDI,1984,47.7,968.0,4926477
Burundi,BDI,1985,47.7,1057.0,5034043
Burundi,BDI,1986,47.4,1078.0,5129423
Burundi,BDI,1987,47.1,1095.0,5247790
Burundi,BDI,1988,42.9,1119.0,5365332
Burundi,BDI,1989,45.7,1111.0,5471706
Burundi,BDI,1990,45.2,1124.0,5587051
Burundi,BDI,1991,44.7,1149.8,5703860
Burundi,BDI,1992,44.5,1128.3,5858405
Burundi,BDI,1993,37.2,1075.6,5676847
Burundi,BDI,1994,44.5,1057.6,5713856
Burundi,BDI,1995,44.6,934.2,6066319
Burundi,BDI,1996,44.8,824.5,6070510
Burundi,BDI,1997,45.7,800.3,6070038
Burundi,BDI,1998,46.7,808.3,6187114
Burundi,BDI,1999,47.6,772.3,6337155
Burundi,BDI,2000,47.6,739.8,6470196
Burundi,BDI,2001,48.5,730.4,6634368
Burundi,BDI,2002,49.9,737.3,6824139
Burundi,BDI,2003,51.0,703.6,7043158
Burundi,BDI,2004,52.2,709.7,7310656
Burundi,BDI,2005,53.1,691.6,7587303
Burundi,BDI,2006,54.0,703.4,7865545
Burundi,BDI,2007,54.8,701.0,8161879
Burundi,BDI,2008,55.6,708.7,8505643
Burundi,BDI,2009,56.4,709.0,8947653
Burundi,BDI,2010,57.1,717.6,9376448
Burundi,BDI,2011,57.8,719.0,9717980
Burundi,BDI,2012,58.5,727.0,10071033
Burundi,BDI,2013,59.2,738.0,10439346
Burundi,BDI,2014,59.8,748.0,10799789
Burundi,BDI,2015,60.1,694.0,11047581
Burundi,BDI,2016,60.8,704.6,11239459
Burundi,BDI,2017,61.3,715.1,11506764
Burundi,BDI,2018,61.8,730.9,11859444
Burundi,BDI,2019,62.2,739.0,12255339
Burundi,BDI,2020,62.6,720.4,12617041
Burundi,BDI,2021,62.1,723.2,12965487
Burundi,BDI,2022,62.9,717.2,13321102
Cambodia,KHM,1952,39.3,803.0,4577965
Cambodia,KHM,1953,39.6,792.0,4680458
Cambodia,KHM,1954,39.9,864.0,4783832
Cambodia,KHM,1955,40.3,826.0,4890375
Cambodia,KHM,1956,40.5,912.0,4999483
Cambodia,KHM,1957,40.9,947.0,5110435
Cambodia,KHM,1958,41.2,969.0,5220837
Cambodia,KHM,1959,41.7,1036.0,5332933
Cambodia,KHM,1960,42.1,1070.0,5449964
Cambodia,KHM,1961,42.6,1031.0,5571174
Cambodia,KHM,1962,43.1,1084.0,5697559
Cambodia,KHM,1963,43.6,1135.0,5823012
Cambodia,KHM,1964,44.0,1074.0,5946186
Cambodia,KHM,1965,44.5,1095.0,6072288
Cambodia,KHM,1966,44.9,1116.0,6201235
Cambodia,KHM,1967,45.2,1143.0,6332946
Cambodia,KHM,1968,45.6,1164.0,6467323
Cambodia,KHM,1969,45.9,1151.0,6604731
Cambodia,KHM,1970,38.6,1031.0,6639187
Cambodia,KHM,1971,38.7,980.0,6620880
Cambodia,KHM,1972,38.9,920.0,6673890
Cambodia,KHM,1973,39.1,1239.0,6739737
Cambodia,KHM,1974,39.3,1049.0,6783251
Cambodia,KHM,1975,12.8,925.0,6581373
Cambodia,KHM,1976,11.6,1025.0,6134989
Cambodia,KHM,1977,11.3,1143.0,5668561
Cambodia,KHM,1978,11.6,1291.0,5211654
Cambodia,KHM,1979,41.1,1325.0,5088812
Cambodia,KHM,1980,47.5,1320.0,5199874
Cambodia,KHM,1981,48.0,1301.0,5284493
Cambodia,KHM,1982,48.8,1358.0,5436436
Cambodia,KHM,1983,49.4,1412.0,5636206
Cambodia,KHM,1984,50.1,1476.0,5845115
Cambodia,KHM,1985,50.8,1540.0,6043782
Cambodia,KHM,1986,51.6,1578.0,6285699
Cambodia,KHM,1987,53.7,1490.0,6557971
Cambodia,KHM,1988,54.4,1473.0,6812012
Cambodia,KHM,1989,54.8,1455.0,7073472
Cambodia,KHM,1990,55.2,1404.0,7374754
Cambodia,KHM,1991,55.6,1425.0,7686857
Cambodia,KHM,1992,55.7,1427.3,8113085
Cambodia,KHM,1993,56.0,1384.3,8616383
Cambodia,KHM,1994,56.2,1416.5,9239160
Cambodia,KHM,1995,56.6,1439.3,10018500
Cambodia,KHM,1996,56.8,1450.5,10801268
Cambodia,KHM,1997,57.3,1466.4,11570986
Cambodia,KHM,1998,57.9,1476.3,12058180
Cambodia,KHM,1999,58.6,1586.2,12265734
Cambodia,KHM,2000,59.5,1659.1,12462343
Cambodia,KHM,2001,60.5,1726.5,12658486
Cambodia,KHM,2002,61.4,1771.0,12855249
Cambodia,KHM,2003,62.3,1850.2,13050977
Cambodia,KHM,2004,63.3,1965.9,13244737
Cambodia,KHM,2005,64.1,2144.8,13439203
Cambodia,KHM,2006,64.9,2286.4,13639032
Cambodia,KHM,2007,65.5,2422.8,13841773
Cambodia,KHM,2008,66.1,2482.0,14053479
Cambodia,KHM,2009,66.7,2433.3,14276819
Cambodia,KHM,2010,67.3,2426.7,14500730
Cambodia,KHM,2011,67.9,2496.0,14722587
Cambodia,KHM,2012,68.4,2649.3,14945090
Cambodia,KHM,2013,68.8,2813.7,15170210
Cambodia,KHM,2014,69.1,2982.7,15396771
Cambodia,KHM,2015,69.4,3149.9,15623253
Cambodia,KHM,2016,69.6,3312.1,15852802
Cambodia,KHM,2017,69.8,3488.6,16073374
Cambodia,KHM,2018,70.0,3692.4,16274522
Cambodia,KHM,2019,70.1,3896.8,16481305
Cambodia,KHM,2020,70.1,3728.2,16725484
Cambodia,KHM,2021,69.3,3796.5,16974309
Cambodia,KHM,2022,70.5,3944.2,17201721
Cameroon,CMR,1952,34.6,1122.0,4464718
Cameroon,CMR,1953,35.5,1148.0,4538446
Cameroon,CMR,1954,36.5,1175.0,4616889
Cameroon,CMR,1955,37.5,1202.0,4700267
Cameroon,CMR,1956,38.4,1229.0,4788341
Cameroon,CMR,1957,38.3,1256.0,4878935
Cameroon,CMR,1958,39.1,1283.0,4972220
Cameroon,CMR,1959,39.8,1310.0,5070072
Cameroon,CMR,1960,34.7,1326.0,5159059
Cameroon,CMR,1961,35.2,1321.0,5239281
Cameroon,CMR,1962,42.6,1339.0,5338626
Cameroon,CMR,1963,43.1,1366.0,5456615
Cameroon,CMR,1964,43.6,1390.0,5578261
Cameroon,CMR,1965,44.2,1393.0,5704688
Cameroon,CMR,1966,44.8,1431.0,5837300
Cameroon,CMR,1967,45.6,1443.0,5977315
Cameroon,CMR,1968,46.4,1508.0,6125860
Cameroon,CMR,1969,47.2,1551.0,6283470
Cameroon,CMR,1970,48.0,1565.0,6449795
Cameroon,CMR,1971,48.6,1578.0,6624415
Cameroon,CMR,1972,49.1,1612.0,6806873
Cameroon,CMR,1973,49.5,1599.0,6996661
Cameroon,CMR,1974,49.7,1632.0,7193589
Cameroon,CMR,1975,49.9,1677.0,7397126
Cameroon,CMR,1976,50.0,1664.0,7597962
Cameroon,CMR,1977,50.1,1706.0,7796510
Cameroon,CMR,1978,50.3,1744.0,8011917
Cameroon,CMR,1979,50.5,1785.0,8239642
Cameroon,CMR,1980,50.9,1900.0,8512217
Cameroon,CMR,1981,51.2,2153.0,8816377
Cameroon,CMR,1982,51.8,2257.0,9028676
Cameroon,CMR,1983,52.4,2345.0,9215395
Cameroon,CMR,1984,52.9,2450.0,9475085
Cameroon,CMR,1985,53.5,2585.0,9761728
Cameroon,CMR,1986,53.6,2683.0,10060342
Cameroon,CMR,1987,54.2,2471.0,10370753
Cameroon,CMR,1988,54.4,2287.0,10684972
Cameroon,CMR,1989,54.4,2021.0,11002749
Cameroon,CMR,1990,54.3,1930.0,11331827
Cameroon,CMR,1991,54.2,1833.4,11667186
Cameroon,CMR,1992,54.1,1754.2,12006362
Cameroon,CMR,1993,53.9,1677.1,12353131
Cameroon,CMR,1994,53.5,1615.6,12704900
Cameroon,CMR,1995,53.3,1648.6,13058517
Cameroon,CMR,1996,53.2,1710.1,13414761
Cameroon,CMR,1997,53.1,1780.5,13775216
Cameroon,CMR,1998,53.0,1847.2,14144857
Cameroon,CMR,1999,53.2,1902.3,14525145
Cameroon,CMR,2000,53.3,1961.1,14912632
Cameroon,CMR,2001,53.6,2028.5,15309489
Cameroon,CMR,2002,53.9,2084.9,15725534
Cameroon,CMR,2003,54.3,2144.0,16160340
Cameroon,CMR,2004,54.6,2198.2,16610485
Cameroon,CMR,2005,54.9,2222.9,17074599
Cameroon,CMR,2006,55.3,2269.5,17550403
Cameroon,CMR,2007,55.7,2315.6,18049897
Cameroon,CMR,2008,56.1,2352.8,18574052
Cameroon,CMR,2009,56.5,2370.1,19113978
Cameroon,CMR,2010,57.0,2420.1,19668063
Cameroon,CMR,2011,57.5,2494.0,20232312
Cameroon,CMR,2012,58.2,2536.5,20809530
Cameroon,CMR,2013,58.7,2590.7,21402379
Cameroon,CMR,2014,59.1,2657.4,22059894
Cameroon,CMR,2015,59.7,2718.3,22763418
Cameroon,CMR,2016,60.3,2758.0,23454165
Cameroon,CMR,2017,60.8,2779.5,24128609
Cameroon,CMR,2018,61.2,2815.3,24806377
Cameroon,CMR,2019,61.7,2832.1,25506095
Cameroon,CMR,2020,61.7,2769.3,26210566
Cameroon,CMR,2021,61.1,2791.8,26915765
Cameroon,CMR,2022,62.4,2812.2,27632770
Canada,CAN,1952,68.7,12486.0,14482799
Canada,CAN,1953,69.1,12726.0,14897877
Canada,CAN,1954,69.9,12272.0,15318987
Canada,CAN,1955,70.0,13072.0,15728281
Canada,CAN,1956,70.0,13791.0,16159621
Canada,CAN,1957,69.9,13719.0,16641329
Canada,CAN,1958,70.6,13603.0,17104091
Canada,CAN,1959,70.6,13829.0,17515522
Canada,CAN,1960,71.0,13952.0,17898793
Canada,CAN,1961,71.2,14080.0,18263078
Canada,CAN,1962,71.2,14787.0,18613597
Canada,CAN,1963,71.3,15248.0,18964258
Canada,CAN,1964,71.6,15938.0,19321670
Canada,CAN,1965,71.7,16694.0,19685517
Canada,CAN,1966,71.9,17448.0,20053667
Canada,CAN,1967,72.1,17658.0,20408776
Canada,CAN,1968,72.2,18297.0,20734173
Canada,CAN,1969,72.4,18988.0,21037620
Canada,CAN,1970,72.6,19207.0,21440022
Canada,CAN,1971,72.9,20024.0,21895694
Canada,CAN,1972,72.8,20837.0,22230876
Canada,CAN,1973,73.1,22058.0,22512229
Canada,CAN,1974,73.1,22643.0,22824085
Canada,CAN,1975,73.4,22819.0,23148981
Canada,CAN,1976,73.9,23754.0,23455783
Canada,CAN,1977,74.2,24265.0,23730341
Canada,CAN,1978,74.5,24994.0,23978742
Canada,CAN,1979,74.8,25775.0,24237173
Canada,CAN,1980,75.1,25784.0,24533779
Canada,CAN,1981,75.5,26256.0,24844977
Canada,CAN,1982,75.7,25151.0,25140164
Canada,CAN,1983,76.1,25625.0,25412605
Canada,CAN,1984,76.4,26836.0,25670376
Canada,CAN,1985,76.3,28025.0,25927463
Canada,CAN,1986,76.5,28472.0,26211036
Canada,CAN,1987,76.8,29246.0,26540913
Canada,CAN,1988,76.9,30275.0,26927938
Canada,CAN,1989,77.1,30458.0,27366046
Canada,CAN,1990,77.4,30082.0,27789437
Canada,CAN,1991,77.6,29151.7,28157154
Canada,CAN,1992,77.9,29141.2,28500066
Canada,CAN,1993,77.7,29657.6,28830635
Canada,CAN,1994,77.9,30745.8,29147383
Canada,CAN,1995,78.0,31330.7,29459138
Canada,CAN,1996,78.3,31594.2,29767210
Canada,CAN,1997,78.5,32709.7,30059088
Canada,CAN,1998,78.7,33785.7,30329971
Canada,CAN,1999,78.9,35345.7,30599458
Canada,CAN,2000,79.2,36942.6,30891800
Canada,CAN,2001,79.4,37307.2,31213578
Canada,CAN,2002,79.6,38124.0,31535579
Canada,CAN,2003,79.7,38560.0,31836483
Canada,CAN,2004,80.0,39491.6,32132680
Canada,CAN,2005,80.1,40485.0,32440172
Canada,CAN,2006,80.5,41247.2,32759174
Canada,CAN,2007,80.5,41806.9,33092171
Canada,CAN,2008,80.7,41896.4,33449088
Canada,CAN,2009,81.1,40312.6,33826370
Canada,CAN,2010,81.3,41209.4,34196900
Canada,CAN,2011,81.5,42197.0,34555449
Canada,CAN,2012,81.7,42476.3,34922513
Canada,CAN,2013,81.8,43008.8,35293421
Canada,CAN,2014,81.8,43800.6,35634265
Canada,CAN,2015,81.9,43761.5,35962236
Canada,CAN,2016,82.0,43702.1,36353345
Canada,CAN,2017,81.9,44493.7,36808498
Canada,CAN,2018,81.9,45087.9,37294996
Canada,CAN,2019,82.3,45284.2,37782934
Canada,CAN,2020,81.7,42493.6,38171903
Canada,CAN,2021,82.0,44379.6,38454058
Canada,CAN,2022,81.2,45529.6,38821259
Cape Verde,CPV,1952,46.2,1031.0,189445
Cape Verde,CPV,1953,46.4,1044.0,191560
Cape Verde,CPV,1954,46.6,1030.0,193557
Cape Verde,CPV,1955,46.9,1034.0,195622
Cape Verde,CPV,1956,47.1,1047.0,197856
Cape Verde,CPV,1957,47.4,1012.0,200300
Cape Verde,CPV,1958,47.7,1004.0,203100
Cape Verde,CPV,1959,48.2,1087.0,206367
Cape Verde,CPV,1960,48.7,1135.0,210034
Cape Verde,CPV,1961,49.4,1173.0,215095
Cape Verde,CPV,1962,50.2,1207.0,221930
Cape Verde,CPV,1963,51.1,1237.0,229386
Cape Verde,CPV,1964,52.1,1262.0,237017
Cape Verde,CPV,1965,53.0,1286.0,244868
Cape Verde,CPV,1966,53.9,1309.0,252989
Cape Verde,CPV,1967,54.7,1328.0,261409
Cape Verde,CPV,1968,55.4,1347.0,270172
Cape Verde,CPV,1969,56.0,1366.0,279254
Cape Verde,CPV,1970,56.6,1385.0,287895
Cape Verde,CPV,1971,57.0,1435.0,294052
Cape Verde,CPV,1972,57.5,1457.0,297388
Cape Verde,CPV,1973,58.0,1470.0,299890
Cape Verde,CPV,1974,58.4,1497.0,302578
Cape Verde,CPV,1975,59.0,1237.0,305853
Cape Verde,CPV,1976,59.4,1251.0,309462
Cape Verde,CPV,1977,60.0,1176.0,312843
Cape Verde,CPV,1978,60.4,1275.0,316163
Cape Verde,CPV,1979,60.7,1301.0,319485
Cape Verde,CPV,1980,61.0,1352.0,323310
Cape Verde,CPV,1981,61.3,1447.0,327859
Cape Verde,CPV,1982,61.5,1470.0,332729
Cape Verde,CPV,1983,61.8,1588.0,337661
Cape Verde,CPV,1984,61.8,1626.0,342511
Cape Verde,CPV,1985,62.3,1742.0,347370
Cape Verde,CPV,1986,62.6,1766.0,352321
Cape Verde,CPV,1987,62.9,1817.0,357308
Cape Verde,CPV,1988,63.2,1898.0,362339
Cape Verde,CPV,1989,63.6,1980.0,367820
Cape Verde,CPV,1990,63.9,1965.0,375437
Cape Verde,CPV,1991,64.1,1988.3,384603
Cape Verde,CPV,1992,64.3,2029.6,393426
Cape Verde,CPV,1993,64.5,2159.2,401977
Cape Verde,CPV,1994,64.6,2291.1,410230
Cape Verde,CPV,1995,63.7,2444.9,418116
Cape Verde,CPV,1996,65.5,2594.1,425592
Cape Verde,CPV,1997,66.1,2777.5,432803
Cape Verde,CPV,1998,66.7,2999.6,439789
Cape Verde,CPV,1999,67.4,3346.9,446528
Cape Verde,CPV,2000,68.1,3583.6,453335
Cape Verde,CPV,2001,68.7,3799.0,460300
Cape Verde,CPV,2002,69.4,3998.3,467056
Cape Verde,CPV,2003,70.0,4185.5,473384
Cape Verde,CPV,2004,70.5,4368.1,479377
Cape Verde,CPV,2005,70.9,4659.4,485128
Cape Verde,CPV,2006,71.3,5140.9,490728
Cape Verde,CPV,2007,71.5,5597.8,496196
Cape Verde,CPV,2008,71.9,5985.1,501362
Cape Verde,CPV,2009,72.1,5926.5,506148
Cape Verde,CPV,2010,72.5,6033.7,509793
Cape Verde,CPV,2011,72.9,6295.0,511453
Cape Verde,CPV,2012,73.3,6273.0,511966
Cape Verde,CPV,2013,73.5,6234.0,512231
Cape Verde,CPV,2014,73.8,6262.0,512334
Cape Verde,CPV,2015,74.1,6266.0,512405
Cape Verde,CPV,2016,74.4,6461.4,512556
Cape Verde,CPV,2017,74.7,6677.0,512899
Cape Verde,CPV,2018,74.8,6848.8,513418
Cape Verde,CPV,2019,75.4,7297.3,514116
Cape Verde,CPV,2020,73.8,5832.0,514683
Cape Verde,CPV,2021,74.4,6173.2,516655
Cape Verde,CPV,2022,75.9,7202.8,519750
Cayman Islands,CYM,1952,55.0,,7281
Cayman Islands,CYM,1953,55.4,,7426
Cayman Islands,CYM,1954,55.9,,7574
Cayman Islands,CYM,1955,56.4,,7718
Cayman Islands,CYM,1956,56.8,,7865
Cayman Islands,CYM,1957,57.3,,8011
Cayman Islands,CYM,1958,57.7,,8155
Cayman Islands,CYM,1959,58.2,,8292
Cayman Islands,CYM,1960,58.8,,8449
Cayman Islands,CYM,1961,59.4,,8620
Cayman Islands,CYM,1962,60.1,,8802
Cayman Islands,CYM,1963,60.8,,8992
Cayman Islands,CYM,1964,61.4,,9190
Cayman Islands,CYM,1965,62.2,,9379
Cayman Islands,CYM,1966,62.8,,9585
Cayman Islands,CYM,1967,63.2,,9792
Cayman Islands,CYM,1968,63.6,,9993
Cayman Islands,CYM,1969,64.0,,10186
Cayman Islands,CYM,1970,64.4,,10541
Cayman Islands,CYM,1971,64.8,,11119
Cayman Islands,CYM,1972,65.4,,11786
Cayman Islands,CYM,1973,65.9,,12460
Cayman Islands,CYM,1974,66.5,,13135
Cayman Islands,CYM,1975,67.0,,13811
Cayman Islands,CYM,1976,67.5,,14477
Cayman Islands,CYM,1977,68.1,,15130
Cayman Islands,CYM,1978,68.5,,15746
Cayman Islands,CYM,1979,69.0,,16376
Cayman Islands,CYM,1980,69.5,,17102
Cayman Islands,CYM,1981,70.0,,17924
Cayman Islands,CYM,1982,70.4,,18776
Cayman Islands,CYM,1983,70.8,,19620
Cayman Islands,CYM,1984,71.2,,20480
Cayman Islands,CYM,1985,71.6,,21349
Cayman Islands,CYM,1986,71.9,,22221
Cayman Islands,CYM,1987,72.1,,23095
Cayman Islands,CYM,1988,72.4,,23969
Cayman Islands,CYM,1989,72.5,,24901
Cayman Islands,CYM,1990,72.7,,26023
Cayman Islands,CYM,1991,72.9,,27316
Cayman Islands,CYM,1992,73.1,,28642
Cayman Islands,CYM,1993,73.2,,29999
Cayman Islands,CYM,1994,73.4,,31379
Cayman Islands,CYM,1995,73.6,,32764
Cayman Islands,CYM,1996,73.7,,34168
Cayman Islands,CYM,1997,73.9,,35568
Cayman Islands,CYM,1998,74.1,,36949
Cayman Islands,CYM,1999,74.2,,38305
Cayman Islands,CYM,2000,74.4,,39699
Cayman Islands,CYM,2001,74.5,,41109
Cayman Islands,CYM,2002,74.6,,42534
Cayman Islands,CYM,2003,74.6,,43952
Cayman Islands,CYM,2004,74.6,,45372
Cayman Islands,CYM,2005,74.9,,46809
Cayman Islands,CYM,2006,75.0,,48252
Cayman Islands,CYM,2007,75.2,,49709
Cayman Islands,CYM,2008,75.4,,51175
Cayman Islands,CYM,2009,75.7,,52639
Cayman Islands,CYM,2010,76.1,,54120
Cayman Islands,CYM,2011,76.6,,55630
Cayman Islands,CYM,2012,77.1,,57155
Cayman Islands,CYM,2013,77.7,,58678
Cayman Islands,CYM,2014,77.9,,60179
Cayman Islands,CYM,2015,78.1,,61665
Cayman Islands,CYM,2016,78.4,,63121
Cayman Islands,CYM,2017,78.6,,64561
Cayman Islands,CYM,2018,78.8,,65962
Cayman Islands,CYM,2019,79.1,,67346
Cayman Islands,CYM,2020,79.2,,68703
Cayman Islands,CYM,2021,79.3,,70126
Cayman Islands,CYM,2022,80.0,,71610
Central African Republic,CAF,1952,36.2,1369.0,1484828
Central African Republic,CAF,1953,36.6,1400.0,1508951
Central African Republic,CAF,1954,37.0,1431.0,1533762
Central African Republic,CAF,1955,37.4,1462.0,1559371
Central African Republic,CAF,1956,37.8,1492.0,1585850
Central African Republic,CAF,1957,38.3,1522.0,1613283
Central African Republic,CAF,1958,38.7,1553.0,1641677
Central African Republic,CAF,1959,39.1,1581.0,1671336
Central African Republic,CAF,1960,39.6,1567.0,1702346
Central African Republic,CAF,1961,40.1,1597.0,1734583
Central African Republic,CAF,1962,40.6,1525.0,1768124
Central African Republic,CAF,1963,41.1,1492.0,1803067
Central African Republic,CAF,1964,41.6,1486.0,1839582
Central African Republic,CAF,1965,42.2,1466.0,1877856
Central African Republic,CAF,1966,42.8,1427.0,1918087
Central African Republic,CAF,1967,43.4,1452.0,1960450
Central African Republic,CAF,1968,44.0,1435.0,2005104
Central African Republic,CAF,1969,44.6,1476.0,2051517
Central African Republic,CAF,1970,45.2,1508.0,2097513
Central African Republic,CAF,1971,45.8,1427.0,2141455
Central African Republic,CAF,1972,46.3,1368.0,2183773
Central African Republic,CAF,1973,46.9,1403.0,2226007
Central African Republic,CAF,1974,47.4,1333.0,2269345
Central African Republic,CAF,1975,47.9,1323.0,2313925
Central African Republic,CAF,1976,48.4,1345.0,2348567
Central African Republic,CAF,1977,48.8,1417.0,2372932
Central African Republic,CAF,1978,49.2,1398.0,2397963
Central African Republic,CAF,1979,49.5,1326.0,2423800
Central African Republic,CAF,1980,49.8,1234.0,2450537
Central African Republic,CAF,1981,50.0,1219.0,2478413
Central African Republic,CAF,1982,50.2,1208.0,2507374
Central African Republic,CAF,1983,50.3,1105.0,2537407
Central African Republic,CAF,1984,50.4,1146.0,2568610
Central African Republic,CAF,1985,50.5,1148.0,2600939
Central African Republic,CAF,1986,50.4,1162.0,2634262
Central African Republic,CAF,1987,50.4,1079.0,2669154
Central African Republic,CAF,1988,50.2,1073.0,2713967
Central African Republic,CAF,1989,50.1,1070.0,2783977
Central African Republic,CAF,1990,49.9,1023.0,2871915
Central African Republic,CAF,1991,49.6,1007.0,2963195
Central African Republic,CAF,1992,49.2,965.2,3058837
Central African Republic,CAF,1993,48.9,933.1,3157842
Central African Republic,CAF,1994,48.5,952.0,3257956
Central African Republic,CAF,1995,48.1,978.6,3348062
Central African Republic,CAF,1996,47.7,885.9,3435973
Central African Republic,CAF,1997,47.3,917.5,3531700
Central African Republic,CAF,1998,47.1,936.2,3628833
Central African Republic,CAF,1999,46.9,967.8,3729452
Central African Republic,CAF,2000,46.6,963.9,3833421
Central African Republic,CAF,2001,46.7,952.5,3919498
Central African Republic,CAF,2002,46.8,928.8,4006079
Central African Republic,CAF,2003,47.3,845.5,4103092
Central African Republic,CAF,2004,47.7,853.2,4192828
Central African Republic,CAF,2005,48.2,858.5,4288814
Central African Republic,CAF,2006,48.7,881.5,4377582
Central African Republic,CAF,2007,49.3,897.5,4462777
Central African Republic,CAF,2008,49.9,901.9,4558989
Central African Republic,CAF,2009,14.7,898.7,4529051
Central African Republic,CAF,2010,46.9,910.3,4493003
Central African Republic,CAF,2011,50.1,909.0,4565023
Central African Republic,CAF,2012,51.3,916.0,4610848
Central African Republic,CAF,2013,49.5,567.0,4642423
Central African Republic,CAF,2014,40.3,561.0,4623187
Central African Republic,CAF,2015,51.9,576.0,4629322
Central African Republic,CAF,2016,51.0,592.9,4713663
Central African Republic,CAF,2017,45.2,608.3,4793512
Central African Republic,CAF,2018,52.3,619.2,4878663
Central African Republic,CAF,2019,31.5,623.6,4944708
Central African Republic,CAF,2020,50.6,613.8,5026629
Central African Republic,CAF,2021,40.3,606.9,5112103
Central African Republic,CAF,2022,18.8,596.4,5098038
Chad,TCD,1952,35.9,851.0,2616313
Chad,TCD,1953,36.3,870.0,2663776
Chad,TCD,1954,36.8,888.0,2713010
Chad,TCD,1955,37.3,907.0,2764252
Chad,TCD,1956,37.9,926.0,2817660
Chad,TCD,1957,38.3,945.0,2873095
Chad,TCD,1958,38.7,966.0,2930371
Chad,TCD,1959,39.0,983.0,2989326
Chad,TCD,1960,39.2,974.0,3049843
Chad,TCD,1961,39.4,971.0,3111956
Chad,TCD,1962,39.6,1004.0,3175599
Chad,TCD,1963,39.9,972.0,3240909
Chad,TCD,1964,40.1,929.0,3307482
Chad,TCD,1965,40.0,913.0,3374220
Chad,TCD,1966,40.1,878.0,3440907
Chad,TCD,1967,40.4,866.0,3508513
Chad,TCD,1968,40.7,843.0,3578228
Chad,TCD,1969,41.0,881.0,3651121
Chad,TCD,1970,41.4,880.0,3727834
Chad,TCD,1971,40.9,877.0,3807326
Chad,TCD,1972,41.9,800.0,3893253
Chad,TCD,1973,42.4,746.0,3985914
Chad,TCD,1974,42.6,829.0,4078363
Chad,TCD,1975,42.7,952.0,4167237
Chad,TCD,1976,42.7,918.0,4251299
Chad,TCD,1977,42.9,830.0,4331668
Chad,TCD,1978,43.0,808.0,4411370
Chad,TCD,1979,43.2,622.0,4505384
Chad,TCD,1980,43.5,583.0,4515461
Chad,TCD,1981,43.5,521.0,4520965
Chad,TCD,1982,43.9,524.0,4738486
Chad,TCD,1983,44.4,577.0,4979137
Chad,TCD,1984,44.7,601.0,5045152
Chad,TCD,1985,45.3,642.0,5096274
Chad,TCD,1986,45.6,662.0,5251074
Chad,TCD,1987,43.1,663.0,5438311
Chad,TCD,1988,46.4,692.0,5625601
Chad,TCD,1989,46.4,685.0,5819588
Chad,TCD,1990,45.1,692.0,5982838
Chad,TCD,1991,46.6,703.3,6205688
Chad,TCD,1992,46.8,698.7,6474651
Chad,TCD,1993,47.0,680.8,6629147
Chad,TCD,1994,47.1,713.8,6783456
Chad,TCD,1995,47.5,700.7,7089063
Chad,TCD,1996,47.6,694.1,7410107
Chad,TCD,1997,47.8,719.2,7670371
Chad,TCD,1998,47.8,753.9,7938841
Chad,TCD,1999,47.9,733.8,8222710
Chad,TCD,2000,47.9,716.0,8512092
Chad,TCD,2001,48.3,783.1,8804122
Chad,TCD,2002,48.4,831.8,9116195
Chad,TCD,2003,48.6,925.5,9487830
Chad,TCD,2004,48.7,1200.3,9920036
Chad,TCD,2005,48.9,1266.1,10328094
Chad,TCD,2006,48.7,1225.5,10706426
Chad,TCD,2007,49.2,1422.3,11081667
Chad,TCD,2008,49.5,1422.2,11476299
Chad,TCD,2009,49.8,1533.2,11893753
Chad,TCD,2010,50.1,1720.3,12312580
Chad,TCD,2011,50.4,1661.0,12755004
Chad,TCD,2012,50.8,1742.7,13211006
Chad,TCD,2013,51.1,1776.1,13691081
Chad,TCD,2014,51.1,1829.8,14188680
Chad,TCD,2015,51.3,1802.3,14647626
Chad,TCD,2016,51.6,1648.0,15114652
Chad,TCD,2017,51.9,1555.7,15622756
Chad,TCD,2018,52.4,1541.5,16156535
Chad,TCD,2019,53.0,1543.8,16685223
Chad,TCD,2020,53.1,1463.5,17224686
Chad,TCD,2021,53.1,1402.7,17828274
Chad,TCD,2022,54.5,1393.6,18455319
Chile,CHL,1952,53.9,6252.0,6891992
Chile,CHL,1953,54.3,6582.0,7033534
Chile,CHL,1954,54.7,6237.0,7180570
Chile,CHL,1955,54.9,6341.0,7332311
Chile,CHL,1956,55.5,6285.0,7489537
Chile,CHL,1957,55.8,6758.0,7651307
Chile,CHL,1958,56.3,6958.0,7815995
Chile,CHL,1959,56.6,6409.0,7983432
Chile,CHL,1960,57.2,6781.0,8153356
Chile,CHL,1961,57.3,6923.0,8324802
Chile,CHL,1962,57.8,7071.0,8497068
Chile,CHL,1963,58.3,7336.0,8670148
Chile,CHL,1964,58.8,7320.0,8842536
Chile,CHL,1965,59.5,7208.0,9012944
Chile,CHL,1966,60.4,7844.0,9181729
Chile,CHL,1967,61.1,7933.0,9348941
Chile,CHL,1968,61.7,8053.0,9514712
Chile,CHL,1969,62.3,8187.0,9680281
Chile,CHL,1970,62.6,8195.0,9845347
Chile,CHL,1971,63.1,8773.0,10009698
Chile,CHL,1972,63.7,8520.0,10174678
Chile,CHL,1973,64.4,7911.0,10340367
Chile,CHL,1974,65.1,7857.0,10505817
Chile,CHL,1975,66.0,6731.0,10671567
Chile,CHL,1976,66.8,6868.0,10838255
Chile,CHL,1977,67.5,7438.0,11005518
Chile,CHL,1978,68.0,7936.0,11172698
Chile,CHL,1979,68.9,8475.0,11339778
Chile,CHL,1980,69.5,9024.0,11508553
Chile,CHL,1981,69.8,9427.0,11678714
Chile,CHL,1982,70.3,8016.0,11850214
Chile,CHL,1983,70.8,7667.0,12026139
Chile,CHL,1984,71.2,7992.0,12207731
Chile,CHL,1985,71.6,8024.0,12395277
Chile,CHL,1986,72.1,8325.0,12588923
Chile,CHL,1987,72.5,8721.0,12790156
Chile,CHL,1988,72.8,9199.0,12999426
Chile,CHL,1989,73.2,10005.0,13215015
Chile,CHL,1990,73.7,10203.0,13437181
Chile,CHL,1991,74.1,10746.5,13662482
Chile,CHL,1992,74.4,11773.3,13884579
Chile,CHL,1993,74.7,12296.9,14102276
Chile,CHL,1994,75.0,12692.6,14316263
Chile,CHL,1995,75.3,13715.9,14527382
Chile,CHL,1996,75.6,14433.3,14734049
Chile,CHL,1997,75.8,15079.8,14932436
Chile,CHL,1998,76.3,15259.5,15127799
Chile,CHL,1999,76.7,14846.4,15319311
Chile,CHL,2000,77.1,15211.6,15503638
Chile,CHL,2001,77.6,15448.0,15683852
Chile,CHL,2002,77.8,15509.8,15857926
Chile,CHL,2003,77.9,15809.2,16024755
Chile,CHL,2004,78.3,16479.0,16187324
Chile,CHL,2005,78.5,17137.5,16348780
Chile,CHL,2006,78.5,17920.8,16509195
Chile,CHL,2007,78.7,18487.9,16671571
Chile,CHL,2008,78.8,18804.0,16838987
Chile,CHL,2009,78.9,18184.5,17009730
Chile,CHL,2010,79.1,18909.8,17181463
Chile,CHL,2011,79.2,19705.0,17351810
Chile,CHL,2012,79.2,20690.8,17519116
Chile,CHL,2013,79.6,21171.1,17687006
Chile,CHL,2014,79.7,21337.8,17864192
Chile,CHL,2015,80.0,21574.0,18047630
Chile,CHL,2016,80.3,21715.7,18267225
Chile,CHL,2017,80.6,21709.4,18558868
Chile,CHL,2018,80.6,22175.7,18893185
Chile,CHL,2019,80.3,21924.4,19197748
Chile,CHL,2020,79.3,20205.9,19370621
Chile,CHL,2021,78.9,22325.0,19456323
Chile,CHL,2022,79.2,22740.7,19553033
China,CHN,1952,45.3,1047.0,565131435
China,CHN,1953,45.9,1157.0,577557140
China,CHN,1954,46.8,1049.0,590113859
China,CHN,1955,47.2,1119.0,603547014
China,CHN,1956,47.8,1189.0,616558585
China,CHN,1957,48.4,1195.0,630356210
China,CHN,1958,48.8,1173.0,644219478
China,CHN,1959,40.2,1117.0,652708211
China,CHN,1960,33.4,1057.0,654802068
China,CHN,1961,40.2,874.0,655773484
China,CHN,1962,51.0,926.0,665073690
China,CHN,1963,51.7,1034.0,684552646
China,CHN,1964,52.3,1152.0,704798263
China,CHN,1965,53.0,1253.0,723415737
China,CHN,1966,53.7,1261.0,742402206
China,CHN,1967,54.4,1237.0,761026025
China,CHN,1968,55.2,1178.0,781011030
China,CHN,1969,56.0,1264.0,802140341
China,CHN,1970,56.8,1398.0,823308964
China,CHN,1971,57.7,1446.0,844069870
China,CHN,1972,58.6,1431.0,863677810
China,CHN,1973,59.5,1513.0,882576945
China,CHN,1974,60.2,1519.0,900307580
China,CHN,1975,61.0,1594.0,916116796
China,CHN,1976,61.2,1519.0,930372293
China,CHN,1977,62.5,1583.0,943546374
China,CHN,1978,63.1,1744.0,956161482
China,CHN,1979,63.7,1859.0,969288071
China,CHN,1980,64.2,1930.0,983163540
China,CHN,1981,64.8,1962.0,997721072
China,CHN,1982,65.2,2128.0,1013588177
China,CHN,1983,65.7,2227.0,1029064952
China,CHN,1984,66.1,2444.0,1043849645
China,CHN,1985,66.5,2619.0,1059807818
China,CHN,1986,66.9,2748.0,1077233607
China,CHN,1987,67.3,2931.0,1096217445
China,CHN,1988,67.6,3045.0,1115244168
China,CHN,1989,67.9,3022.0,1133991006
China,CHN,1990,68.2,2982.0,1153582725
China,CHN,1991,68.6,3051.3,1170788533
China,CHN,1992,69.1,3227.7,1184574236
China,CHN,1993,69.5,3506.5,1197308574
China,CHN,1994,69.8,3730.2,1209003099
China,CHN,1995,70.4,3999.7,1220133929
China,CHN,1996,70.8,4219.6,1230944809
China,CHN,1997,71.2,4310.8,1241139623
China,CHN,1998,71.6,4309.8,1250847122
China,CHN,1999,72.0,4466.7,1260176650
China,CHN,2000,72.3,4730.4,1269581174
China,CHN,2001,72.7,4995.1,1278725061
China,CHN,2002,73.0,5343.1,1286866835
China,CHN,2003,73.4,5649.5,1294517323
China,CHN,2004,73.7,6067.6,1302100316
China,CHN,2005,74.1,6626.6,1310027135
China,CHN,2006,74.4,7271.0,1318054030
China,CHN,2007,74.8,7895.7,1325813576
China,CHN,2008,74.8,8190.1,1333821011
China,CHN,2009,75.3,8734.0,1342522717
China,CHN,2010,75.7,9658.4,1351561505
China,CHN,2011,75.9,10221.0,1360250658
China,CHN,2012,76.2,10946.8,1369520866
China,CHN,2013,76.5,11731.3,1379008040
China,CHN,2014,76.7,12515.2,1387951970
China,CHN,2015,77.0,13325.4,1396134171
China,CHN,2016,77.2,14139.0,1404052628
China,CHN,2017,77.2,15030.4,1412354730
China,CHN,2018,77.7,15977.0,1419008954
China,CHN,2019,77.9,16879.5,1423520357
China,CHN,2020,78.0,17226.0,1426106093
China,CHN,2021,78.1,18666.6,1426437269
China,CHN,2022,78.2,19238.2,1425179562
Colombia,COL,1952,49.8,3529.0,12405851
Colombia,COL,1953,50.6,3629.0,12746037
Colombia,COL,1954,51.3,3759.0,13100844
Colombia,COL,1955,51.9,3783.0,13473060
Colombia,COL,1956,52.5,3811.0,13861805
Colombia,COL,1957,54.1,3826.0,14270276
Colombia,COL,1958,54.7,3798.0,14693292
Colombia,COL,1959,55.9,3942.0,15136219
Colombia,COL,1960,56.6,3980.0,15606209
Colombia,COL,1961,57.2,4049.0,16095207
Colombia,COL,1962,57.7,4135.0,16599031
Colombia,COL,1963,58.3,4140.0,17113824
Colombia,COL,1964,58.8,4264.0,17637416
Colombia,COL,1965,59.2,4286.0,18169053
Colombia,COL,1966,59.7,4383.0,18702693
Colombia,COL,1967,60.1,4438.0,19235624
Colombia,COL,1968,60.6,4581.0,19766802
Colombia,COL,1969,61.0,4744.0,20291937
Colombia,COL,1970,61.5,4932.0,20811790
Colombia,COL,1971,62.0,5091.0,21319099
Colombia,COL,1972,62.5,5348.0,21819572
Colombia,COL,1973,63.0,5577.0,22325375
Colombia,COL,1974,63.5,5767.0,22833475
Colombia,COL,1975,64.0,5772.0,23344650
Colombia,COL,1976,64.6,5918.0,23858815
Colombia,COL,1977,65.2,6046.0,24393499
Colombia,COL,1978,65.8,6443.0,24950342
Colombia,COL,1979,66.2,6658.0,25515627
Colombia,COL,1980,66.7,6786.0,26104503
Colombia,COL,1981,67.2,6782.0,26713267
Colombia,COL,1982,67.9,6698.0,27338334
Colombia,COL,1983,68.1,6655.0,27988176
Colombia,COL,1984,68.3,6741.0,28642690
Colombia,COL,1985,65.4,6809.0,29268470
Colombia,COL,1986,68.3,7071.0,29879114
Colombia,COL,1987,68.2,7296.0,30499471
Colombia,COL,1988,68.3,7442.0,31130530
Colombia,COL,1989,68.6,7533.0,31776280
Colombia,COL,1990,68.7,7693.0,32440064
Colombia,COL,1991,68.8,7713.0,33098373
Colombia,COL,1992,68.8,7888.1,33760571
Colombia,COL,1993,69.1,8180.9,34441479
Colombia,COL,1994,69.4,8447.9,35127408
Colombia,COL,1995,69.8,8735.9,35804670
Colombia,COL,1996,70.2,8770.6,36462740
Colombia,COL,1997,70.6,8952.5,37121155
Colombia,COL,1998,70.9,8863.3,37792169
Colombia,COL,1999,70.9,8382.1,38454861
Colombia,COL,2000,70.9,8496.8,39089939
Colombia,COL,2001,71.2,8528.0,39709263
Colombia,COL,2002,71.5,8630.5,40324684
Colombia,COL,2003,72.3,8855.2,40937426
Colombia,COL,2004,72.8,9211.3,41543177
Colombia,COL,2005,73.2,9524.7,42128978
Colombia,COL,2006,73.5,10039.7,42691081
Colombia,COL,2007,73.8,10602.3,43235374
Colombia,COL,2008,74.2,10846.7,43758805
Colombia,COL,2009,74.5,10894.1,44271543
Colombia,COL,2010,74.9,11191.7,44777325
Colombia,COL,2011,75.2,11788.0,45259614
Colombia,COL,2012,75.6,12129.8,45715807
Colombia,COL,2013,75.8,12633.5,46151583
Colombia,COL,2014,75.9,12981.6,46565426
Colombia,COL,2015,76.1,13237.3,46969938
Colombia,COL,2016,76.2,13367.4,47437513
Colombia,COL,2017,76.4,13380.6,48131076
Colombia,COL,2018,76.6,13485.7,49024463
Colombia,COL,2019,76.8,13604.0,49907987
Colombia,COL,2020,74.8,12377.1,50629997
Colombia,COL,2021,72.7,13553.4,51188174
Colombia,COL,2022,76.5,14469.0,51737944
Comoros,COM,1952,38.0,559.0,168983
Comoros,COM,1953,38.4,571.0,172609
Comoros,COM,1954,38.7,590.0,176152
Comoros,COM,1955,39.0,596.0,179597
Comoros,COM,1956,39.4,606.0,182966
Comoros,COM,1957,39.7,615.0,186578
Comoros,COM,1958,40.1,618.0,190577
Comoros,COM,1959,40.5,639.0,194298
Comoros,COM,1960,40.8,679.0,197710
Comoros,COM,1961,41.2,671.0,201210
Comoros,COM,1962,41.5,714.0,204712
Comoros,COM,1963,41.9,846.0,208199
Comoros,COM,1964,42.3,888.0,211651
Comoros,COM,1965,42.7,870.0,214981
Comoros,COM,1966,43.2,937.0,218670
Comoros,COM,1967,43.6,952.0,223869
Comoros,COM,1968,44.1,928.0,230258
Comoros,COM,1969,44.6,918.0,237008
Comoros,COM,1970,45.2,961.0,244196
Comoros,COM,1971,45.8,974.0,251878
Comoros,COM,1972,46.5,966.0,260085
Comoros,COM,1973,47.0,1006.0,268827
Comoros,COM,1974,47.6,1004.0,278084
Comoros,COM,1975,46.9,1038.0,287702
Comoros,COM,1976,48.6,1009.0,297547
Comoros,COM,1977,49.2,966.0,307588
Comoros,COM,1978,49.7,964.0,317695
Comoros,COM,1979,50.1,1023.0,327805
Comoros,COM,1980,50.7,1065.0,337728
Comoros,COM,1981,51.2,1081.0,347393
Comoros,COM,1982,51.7,1124.0,357150
Comoros,COM,1983,52.1,1149.0,367241
Comoros,COM,1984,52.8,1168.0,377644
Comoros,COM,1985,53.3,1162.0,388357
Comoros,COM,1986,53.8,1157.0,399328
Comoros,COM,1987,54.1,1149.0,410445
Comoros,COM,1988,54.7,1152.0,421697
Comoros,COM,1989,55.0,1108.0,433110
Comoros,COM,1990,55.6,1092.0,444601
Comoros,COM,1991,56.1,1101.0,455563
Comoros,COM,1992,56.6,1185.5,465118
Comoros,COM,1993,57.0,1210.6,473681
Comoros,COM,1994,57.5,1136.7,482148
Comoros,COM,1995,57.8,1166.9,490594
Comoros,COM,1996,58.2,1141.6,499113
Comoros,COM,1997,58.2,1177.6,507779
Comoros,COM,1998,58.3,1179.8,516606
Comoros,COM,1999,58.9,1189.3,525894
Comoros,COM,2000,58.9,1204.4,536084
Comoros,COM,2001,59.6,1217.5,547221
Comoros,COM,2002,59.7,1229.9,558927
Comoros,COM,2003,60.2,1240.1,569808
Comoros,COM,2004,60.6,1247.3,580711
Comoros,COM,2005,60.9,1265.7,592679
Comoros,COM,2006,61.2,1388.0,604752
Comoros,COM,2007,61.5,1382.5,616935
Comoros,COM,2008,62.0,1419.4,629314
Comoros,COM,2009,62.3,1455.3,641949
Comoros,COM,2010,62.7,1432.6,654846
Comoros,COM,2011,63.1,1479.0,668064
Comoros,COM,2012,63.5,1509.0,681637
Comoros,COM,2013,63.8,1619.0,696203
Comoros,COM,2014,64.1,1647.0,711512
Comoros,COM,2015,64.5,1696.0,726685
Comoros,COM,2016,64.8,1705.7,741745
Comoros,COM,2017,65.1,1764.7,756672
Comoros,COM,2018,65.4,1801.7,771597
Comoros,COM,2019,65.7,1832.4,786582
Comoros,COM,2020,65.8,1869.9,802172
Comoros,COM,2021,65.2,1886.1,818178
Comoros,COM,2022,66.5,1900.4,834191
Congo,COG,1952,41.1,1758.0,872684
Congo,COG,1953,41.9,1790.0,892461
Congo,COG,1954,42.6,1822.0,913023
Congo,COG,1955,43.4,1854.0,934435
Congo,COG,1956,44.3,1884.0,956825
Congo,COG,1957,45.1,1914.0,980204
Congo,COG,1958,46.0,1946.0,1004629
Congo,COG,1959,46.8,1977.0,1030164
Congo,COG,1960,47.6,1999.0,1056738
Congo,COG,1961,48.4,2020.0,1084392
Congo,COG,1962,49.0,2039.0,1113180
Congo,COG,1963,49.7,2059.0,1143269
Congo,COG,1964,50.4,2079.0,1174823
Congo,COG,1965,51.0,2099.0,1207886
Congo,COG,1966,51.6,2157.0,1242544
Congo,COG,1967,51.9,2216.0,1278697
Congo,COG,1968,52.6,2275.0,1316525
Congo,COG,1969,53.1,2335.0,1356188
Congo,COG,1970,53.6,2396.0,1397640
Congo,COG,1971,54.0,2546.0,1441047
Congo,COG,1972,54.4,2582.0,1486478
Congo,COG,1973,54.7,2950.0,1533685
Congo,COG,1974,55.1,2848.0,1582304
Congo,COG,1975,55.4,2745.0,1627033
Congo,COG,1976,55.7,2794.0,1667233
Congo,COG,1977,56.0,2517.0,1707572
Congo,COG,1978,56.2,2595.0,1748098
Congo,COG,1979,56.5,2807.0,1788523
Congo,COG,1980,56.8,3075.0,1828991
Congo,COG,1981,57.1,3625.0,1869764
Congo,COG,1982,57.2,4355.0,1910429
Congo,COG,1983,57.4,4473.0,1950328
Congo,COG,1984,57.5,4664.0,1999533
Congo,COG,1985,57.6,4484.0,2059317
Congo,COG,1986,57.6,4058.0,2120604
Congo,COG,1987,57.6,3953.0,2183478
Congo,COG,1988,57.5,3908.0,2247653
Congo,COG,1989,57.3,3865.0,2313562
Congo,COG,1990,57.1,3794.0,2380562
Congo,COG,1991,56.8,3862.6,2449235
Congo,COG,1992,56.5,3941.0,2519467
Congo,COG,1993,56.0,3874.2,2595127
Congo,COG,1994,55.6,3636.0,2673147
Congo,COG,1995,55.5,3763.6,2749464
Congo,COG,1996,55.2,3988.9,2826786
Congo,COG,1997,48.6,3899.8,2887862
Congo,COG,1998,52.6,4042.8,2952062
Congo,COG,1999,54.4,3925.7,3032876
Congo,COG,2000,55.4,4159.2,3151349
Congo,COG,2001,55.9,4256.7,3272542
Congo,COG,2002,56.4,4458.6,3350770
Congo,COG,2003,57.1,4467.9,3445758
Congo,COG,2004,58.0,4560.5,3565565
Congo,COG,2005,58.7,4820.7,3696399
Congo,COG,2006,59.5,5016.1,3837411
Congo,COG,2007,60.1,4845.0,3980430
Congo,COG,2008,60.8,5081.1,4113514
Congo,COG,2009,61.2,5379.0,4281218
Congo,COG,2010,61.7,5738.2,4462304
Congo,COG,2011,62.3,5875.0,4609728
Congo,COG,2012,62.7,6300.0,4740457
Congo,COG,2013,63.0,6140.2,4857104
Congo,COG,2014,63.3,6428.5,4975887
Congo,COG,2015,63.7,6079.5,5097583
Congo,COG,2016,63.9,5315.2,5222545
Congo,COG,2017,64.2,4977.3,5351013
Congo,COG,2018,64.5,4637.7,5483128
Congo,COG,2019,63.2,4583.3,5616656
Congo,COG,2020,64.4,4203.1,5752792
Congo,COG,2021,64.2,4168.0,5892187
Congo,COG,2022,65.0,4187.5,6035104
Cook Islands,COK,1952,41.2,,15363
Cook Islands,COK,1953,42.8,,15631
Cook Islands,COK,1954,44.3,,15908
Cook Islands,COK,1955,45.7,,16189
Cook Islands,COK,1956,47.3,,16455
Cook Islands,COK,1957,48.6,,16710
Cook Islands,COK,1958,50.0,,16988
Cook Islands,COK,1959,51.3,,17315
Cook Islands,COK,1960,52.7,,17685
Cook Islands,COK,1961,54.1,,18060
Cook Islands,COK,1962,55.4,,18310
Cook Islands,COK,1963,56.6,,18445
Cook Islands,COK,1964,57.8,,18609
Cook Islands,COK,1965,58.8,,18804
Cook Islands,COK,1966,59.7,,19039
Cook Islands,COK,1967,60.6,,19348
Cook Islands,COK,1968,61.5,,19712
Cook Islands,COK,1969,62.5,,20100
Cook Islands,COK,1970,63.6,,20512
Cook Islands,COK,1971,64.6,,20889
Cook Islands,COK,1972,65.6,,20795
Cook Islands,COK,1973,65.9,,20211
Cook Islands,COK,1974,65.9,,19583
Cook Islands,COK,1975,65.8,,18920
Cook Islands,COK,1976,65.5,,18270
Cook Islands,COK,1977,65.3,,17933
Cook Islands,COK,1978,65.4,,17872
Cook Islands,COK,1979,65.7,,17799
Cook Islands,COK,1980,65.9,,17719
Cook Islands,COK,1981,66.1,,17623
Cook Islands,COK,1982,66.1,,17498
Cook Islands,COK,1983,66.3,,17304
Cook Islands,COK,1984,66.5,,17085
Cook Islands,COK,1985,66.8,,16853
Cook Islands,COK,1986,67.0,,16626
Cook Islands,COK,1987,66.5,,16601
Cook Islands,COK,1988,67.4,,16771
Cook Islands,COK,1989,67.5,,16958
Cook Islands,COK,1990,66.5,,17146
Cook Islands,COK,1991,67.7,,17329
Cook Islands,COK,1992,67.8,,17495
Cook Islands,COK,1993,68.0,,17615
Cook Islands,COK,1994,68.2,,17710
Cook Islands,COK,1995,68.5,,17801
Cook Islands,COK,1996,68.7,,17880
Cook Islands,COK,1997,66.4,,17648
Cook Islands,COK,1998,69.3,,17102
Cook Islands,COK,1999,69.6,,16508
Cook Islands,COK,2000,69.8,,15876
Cook Islands,COK,2001,70.1,,15259
Cook Islands,COK,2002,70.3,,14994
Cook Islands,COK,2003,70.6,,15049
Cook Islands,COK,2004,70.9,,15103
Cook Islands,COK,2005,71.2,,15153
Cook Islands,COK,2006,71.4,,15233
Cook Islands,COK,2007,71.8,,15519
Cook Islands,COK,2008,72.1,,16003
Cook Islands,COK,2009,72.4,,16497
Cook Islands,COK,2010,72.8,,17000
Cook Islands,COK,2011,73.0,,17480
Cook Islands,COK,2012,73.3,,17690
Cook Islands,COK,2013,73.6,,17629
Cook Islands,COK,2014,73.8,,17556
Cook Islands,COK,2015,74.0,,17471
Cook Islands,COK,2016,74.2,,17360
Cook Islands,COK,2017,74.3,,17066
Cook Islands,COK,2018,74.4,,16623
Cook Islands,COK,2019,74.6,,16151
Cook Islands,COK,2020,74.5,,15664
Cook Islands,COK,2021,74.6,,15205
Cook Islands,COK,2022,75.1,,14747
Costa Rica,CRI,1952,58.1,3370.0,991800
Costa Rica,CRI,1953,59.1,3751.0,1027010
Costa Rica,CRI,1954,59.9,3649.0,1064117
Costa Rica,CRI,1955,60.5,3921.0,1103056
Costa Rica,CRI,1956,61.2,3668.0,1143854
Costa Rica,CRI,1957,61.6,3835.0,1186638
Costa Rica,CRI,1958,62.3,4152.0,1231561
Costa Rica,CRI,1959,62.9,4141.0,1278593
Costa Rica,CRI,1960,63.5,4328.0,1327501
Costa Rica,CRI,1961,63.9,4340.0,1377918
Costa Rica,CRI,1962,64.2,4439.0,1429445
Costa Rica,CRI,1963,64.3,4653.0,1481605
Costa Rica,CRI,1964,64.5,4720.0,1533966
Costa Rica,CRI,1965,64.8,4983.0,1586214
Costa Rica,CRI,1966,65.1,5193.0,1638119
Costa Rica,CRI,1967,65.6,5338.0,1689534
Costa Rica,CRI,1968,65.8,5574.0,1739734
Costa Rica,CRI,1969,66.4,5773.0,1789281
Costa Rica,CRI,1970,66.8,5984.0,1838946
Costa Rica,CRI,1971,67.4,6199.0,1888548
Costa Rica,CRI,1972,68.0,6564.0,1938261
Costa Rica,CRI,1973,68.7,6884.0,1988348
Costa Rica,CRI,1974,69.4,7061.0,2039649
Costa Rica,CRI,1975,70.3,7007.0,2092716
Costa Rica,CRI,1976,70.9,7182.0,2147772
Costa Rica,CRI,1977,71.5,7602.0,2205035
Costa Rica,CRI,1978,72.0,7763.0,2264516
Costa Rica,CRI,1979,72.5,7905.0,2326490
Costa Rica,CRI,1980,73.0,7828.0,2390641
Costa Rica,CRI,1981,73.4,7461.0,2456643
Costa Rica,CRI,1982,73.9,6751.0,2524811
Costa Rica,CRI,1983,74.2,6743.0,2595155
Costa Rica,CRI,1984,74.6,7065.0,2667597
Costa Rica,CRI,1985,74.8,6918.0,2741903
Costa Rica,CRI,1986,74.9,7087.0,2817219
Costa Rica,CRI,1987,75.2,7221.0,2892698
Costa Rica,CRI,1988,75.5,7270.0,2968102
Costa Rica,CRI,1989,75.9,7489.0,3043826
Costa Rica,CRI,1990,76.1,7567.0,3121707
Costa Rica,CRI,1991,76.2,7552.4,3202182
Costa Rica,CRI,1992,76.4,8038.8,3284261
Costa Rica,CRI,1993,76.3,8363.5,3367436
Costa Rica,CRI,1994,76.3,8479.6,3451122
Costa Rica,CRI,1995,76.4,8576.4,3535179
Costa Rica,CRI,1996,76.4,8446.8,3619012
Costa Rica,CRI,1997,76.6,8683.9,3701713
Costa Rica,CRI,1998,76.9,9053.9,3782840
Costa Rica,CRI,1999,77.1,9183.9,3862103
Costa Rica,CRI,2000,77.3,9319.8,3937737
Costa Rica,CRI,2001,77.6,9451.6,4008951
Costa Rica,CRI,2002,77.9,9591.6,4075710
Costa Rica,CRI,2003,78.2,9831.2,4138791
Costa Rica,CRI,2004,78.5,10086.8,4200079
Costa Rica,CRI,2005,78.9,10308.4,4261240
Costa Rica,CRI,2006,79.0,10880.5,4321337
Costa Rica,CRI,2007,79.1,11584.7,4380250
Costa Rica,CRI,2008,79.2,11935.2,4440058
Costa Rica,CRI,2009,79.4,11638.0,4499788
Costa Rica,CRI,2010,79.4,12031.6,4555965
Costa Rica,CRI,2011,79.6,12366.0,4609834
Costa Rica,CRI,2012,79.9,12800.0,4663930
Costa Rica,CRI,2013,80.2,12952.7,4716153
Costa Rica,CRI,2014,80.2,13242.0,4767126
Costa Rica,CRI,2015,80.4,13557.9,4818045
Costa Rica,CRI,2016,80.0,13959.3,4867003
Costa Rica,CRI,2017,80.0,14372.7,4913177
Costa Rica,CRI,2018,80.1,14583.1,4957813
Costa Rica,CRI,2019,80.3,14775.3,4999549
Costa Rica,CRI,2020,79.7,13996.4,5034323
Costa Rica,CRI,2021,78.1,14932.0,5059991
Costa Rica,CRI,2022,79.3,15496.8,5081764
Cote d'Ivoire,CIV,1952,32.0,1714.0,2885718
Cote d'Ivoire,CIV,1953,32.5,1741.0,2965133
Cote d'Ivoire,CIV,1954,33.2,1769.0,3048539
Cote d'Ivoire,CIV,1955,33.8,1796.0,3136631
Cote d'Ivoire,CIV,1956,34.5,1824.0,3230013
Cote d'Ivoire,CIV,1957,35.2,1852.0,3329283
Cote d'Ivoire,CIV,1958,35.8,1879.0,3435088
Cote d'Ivoire,CIV,1959,36.5,1898.0,3548954
Cote d'Ivoire,CIV,1960,37.2,2002.0,3673672
Cote d'Ivoire,CIV,1961,37.9,2114.0,3810152
Cote d'Ivoire,CIV,1962,38.6,2128.0,3956950
Cote d'Ivoire,CIV,1963,39.3,2378.0,4112070
Cote d'Ivoire,CIV,1964,40.0,2691.0,4273955
Cote d'Ivoire,CIV,1965,40.6,2520.0,4442384
Cote d'Ivoire,CIV,1966,41.3,2595.0,4617522
Cote d'Ivoire,CIV,1967,42.0,2509.0,4799743
Cote d'Ivoire,CIV,1968,42.6,2758.0,4990023
Cote d'Ivoire,CIV,1969,43.3,2737.0,5192227
Cote d'Ivoire,CIV,1970,44.0,2882.0,5411573
Cote d'Ivoire,CIV,1971,44.8,2874.0,5650875
Cote d'Ivoire,CIV,1972,45.6,2887.0,5909721
Cote d'Ivoire,CIV,1973,46.4,2974.0,6184949
Cote d'Ivoire,CIV,1974,47.2,2931.0,6474062
Cote d'Ivoire,CIV,1975,48.0,2812.0,6776303
Cote d'Ivoire,CIV,1976,48.9,3017.0,7057963
Cote d'Ivoire,CIV,1977,49.6,3033.0,7321955
Cote d'Ivoire,CIV,1978,50.4,3202.0,7603134
Cote d'Ivoire,CIV,1979,51.0,3139.0,7902266
Cote d'Ivoire,CIV,1980,51.4,3253.0,8220717
Cote d'Ivoire,CIV,1981,51.8,3242.0,8556600
Cote d'Ivoire,CIV,1982,52.1,3131.0,8907942
Cote d'Ivoire,CIV,1983,52.4,2901.0,9272742
Cote d'Ivoire,CIV,1984,52.6,2703.0,9650523
Cote d'Ivoire,CIV,1985,52.9,2735.0,10040486
Cote d'Ivoire,CIV,1986,53.0,2718.0,10440924
Cote d'Ivoire,CIV,1987,53.1,2579.0,10851481
Cote d'Ivoire,CIV,1988,53.1,2444.0,11275194
Cote d'Ivoire,CIV,1989,53.0,2343.0,11719774
Cote d'Ivoire,CIV,1990,52.8,2083.0,12189780
Cote d'Ivoire,CIV,1991,52.6,2036.3,12683875
Cote d'Ivoire,CIV,1992,52.4,2011.6,13200313
Cote d'Ivoire,CIV,1993,52.2,1983.2,13735955
Cote d'Ivoire,CIV,1994,52.0,1951.5,14287211
Cote d'Ivoire,CIV,1995,51.7,2035.2,14855566
Cote d'Ivoire,CIV,1996,51.6,2179.0,15442322
Cote d'Ivoire,CIV,1997,51.5,2288.8,16047178
Cote d'Ivoire,CIV,1998,51.2,2393.5,16663948
Cote d'Ivoire,CIV,1999,51.3,2417.5,17215937
Cote d'Ivoire,CIV,2000,51.4,2352.9,17699007
Cote d'Ivoire,CIV,2001,51.4,2342.8,18178920
Cote d'Ivoire,CIV,2002,51.5,2298.5,18654772
Cote d'Ivoire,CIV,2003,51.4,2263.1,19125546
Cote d'Ivoire,CIV,2004,51.9,2280.8,19594997
Cote d'Ivoire,CIV,2005,52.4,2312.8,20068468
Cote d'Ivoire,CIV,2006,52.9,2343.9,20546808
Cote d'Ivoire,CIV,2007,53.5,2380.1,21030558
Cote d'Ivoire,CIV,2008,54.2,2435.3,21514446
Cote d'Ivoire,CIV,2009,54.7,2508.8,21997936
Cote d'Ivoire,CIV,2010,55.3,2555.0,22488068
Cote d'Ivoire,CIV,2011,56.0,2444.0,22982003
Cote d'Ivoire,CIV,2012,56.6,2648.8,23467083
Cote d'Ivoire,CIV,2013,57.1,2821.9,23939775
Cote d'Ivoire,CIV,2014,57.8,2995.2,24527393
Cote d'Ivoire,CIV,2015,58.3,3182.1,25246347
Cote d'Ivoire,CIV,2016,58.8,3329.0,25989404
Cote d'Ivoire,CIV,2017,59.3,3450.2,26733376
Cote d'Ivoire,CIV,2018,59.8,3497.9,27464175
Cote d'Ivoire,CIV,2019,60.3,3703.1,28193014
Cote d'Ivoire,CIV,2020,60.1,3682.1,28915452
Cote d'Ivoire,CIV,2021,60.3,3853.2,29639737
Cote d'Ivoire,CIV,2022,61.6,4011.7,30395004
Croatia,HRV,1952,59.8,2738.0,3957409
Croatia,HRV,1953,61.5,2952.0,4006128
Croatia,HRV,1954,62.2,3193.0,4048121
Croatia,HRV,1955,63.1,3749.0,4080737
Croatia,HRV,1956,63.6,3564.0,4110129
Croatia,HRV,1957,64.4,4203.0,4136705
Croatia,HRV,1958,65.0,4285.0,4160698
Croatia,HRV,1959,65.5,4640.0,4182085
Croatia,HRV,1960,65.9,5067.0,4200272
Croatia,HRV,1961,66.5,5404.0,4223431
Croatia,HRV,1962,67.3,5509.0,4255020
Croatia,HRV,1963,67.6,6059.0,4287267
Croatia,HRV,1964,68.0,6591.0,4317755
Croatia,HRV,1965,68.5,6741.0,4346708
Croatia,HRV,1966,68.9,7184.0,4374307
Croatia,HRV,1967,69.0,7382.0,4400271
Croatia,HRV,1968,68.9,7667.0,4423830
Croatia,HRV,1969,69.0,8209.0,4444451
Croatia,HRV,1970,69.2,8751.0,4462673
Croatia,HRV,1971,69.4,9414.0,4480165
Croatia,HRV,1972,69.8,9631.0,4497888
Croatia,HRV,1973,70.1,9969.0,4515760
Croatia,HRV,1974,70.6,10786.0,4533946
Croatia,HRV,1975,71.0,11053.0,4552725
Croatia,HRV,1976,71.4,11469.0,4571754
Croatia,HRV,1977,71.4,12385.0,4590620
Croatia,HRV,1978,71.3,13265.0,4609021
Croatia,HRV,1979,71.1,13994.0,4626955
Croatia,HRV,1980,71.0,14193.0,4643900
Croatia,HRV,1981,70.9,14182.0,4664258
Croatia,HRV,1982,70.7,14123.0,4689152
Croatia,HRV,1983,70.7,13841.0,4712882
Croatia,HRV,1984,71.0,14104.0,4734489
Croatia,HRV,1985,71.5,14067.0,4754549
Croatia,HRV,1986,71.8,14416.0,4773054
Croatia,HRV,1987,71.9,14362.0,4790208
Croatia,HRV,1988,72.2,14207.0,4806029
Croatia,HRV,1989,72.5,13959.0,4820729
Croatia,HRV,1990,72.2,12948.0,4835067
Croatia,HRV,1991,70.6,10296.2,4825159
Croatia,HRV,1992,71.7,9331.9,4782235
Croatia,HRV,1993,72.3,8739.5,4729734
Croatia,HRV,1994,72.6,9352.6,4675517
Croatia,HRV,1995,72.6,10180.3,4619362
Croatia,HRV,1996,73.0,11030.1,4562290
Croatia,HRV,1997,73.0,11997.6,4504627
Croatia,HRV,1998,73.2,12476.0,4445669
Croatia,HRV,1999,73.6,12579.9,4385823
Croatia,HRV,2000,74.0,13244.5,4326105
Croatia,HRV,2001,74.4,13817.7,4301079
Croatia,HRV,2002,74.6,14683.8,4305783
Croatia,HRV,2003,74.7,15740.5,4306683
Croatia,HRV,2004,75.3,16628.6,4310050
Croatia,HRV,2005,75.6,17581.4,4313946
Croatia,HRV,2006,75.7,18707.5,4315802
Croatia,HRV,2007,75.9,19984.0,4315959
Croatia,HRV,2008,76.0,20717.3,4314635
Croatia,HRV,2009,76.3,19501.6,4310537
Croatia,HRV,2010,76.7,19511.4,4301150
Croatia,HRV,2011,77.0,19813.0,4280827
Croatia,HRV,2012,77.3,19413.9,4259233
Croatia,HRV,2013,77.5,19402.9,4242403
Croatia,HRV,2014,77.5,19403.6,4219485
Croatia,HRV,2015,77.6,20025.8,4183732
Croatia,HRV,2016,77.6,20915.2,4136438
Croatia,HRV,2017,77.7,21852.0,4079198
Croatia,HRV,2018,77.9,22678.0,4024868
Croatia,HRV,2019,78.2,23590.3,3986338
Croatia,HRV,2020,77.5,21672.5,3953956
Croatia,HRV,2021,77.1,25059.9,3924607
Croatia,HRV,2022,78.3,26986.8,3907031
Cuba,CUB,1952,59.8,2844.0,6162183
Cuba,CUB,1953,60.2,2611.0,6285749
Cuba,CUB,1954,60.7,2611.0,6412849
Cuba,CUB,1955,61.2,2638.0,6543104
Cuba,CUB,1956,61.5,2740.0,6676062
Cuba,CUB,1957,61.9,2922.0,6811726
Cuba,CUB,1958,62.3,2922.0,6950291
Cuba,CUB,1959,62.8,3006.0,7092337
Cuba,CUB,1960,63.3,2994.0,7238083
Cuba,CUB,1961,63.7,3068.0,7387120
Cuba,CUB,1962,64.4,2974.0,7541103
Cuba,CUB,1963,64.3,2958.0,7701665
Cuba,CUB,1964,65.3,3158.0,7866016
Cuba,CUB,1965,65.6,3088.0,8030806
Cuba,CUB,1966,66.1,3185.0,8193453
Cuba,CUB,1967,66.5,3489.0,8352627
Cuba,CUB,1968,66.9,3229.0,8509522
Cuba,CUB,1969,67.4,3137.0,8666638
Cuba,CUB,1970,67.9,2976.0,8824389
Cuba,CUB,1971,68.4,3161.0,8979089
Cuba,CUB,1972,68.9,3253.0,9123895
Cuba,CUB,1973,69.3,3486.0,9255332
Cuba,CUB,1974,69.9,3609.0,9374184
Cuba,CUB,1975,70.4,3733.0,9479729
Cuba,CUB,1976,70.9,3786.0,9571240
Cuba,CUB,1977,71.4,3913.0,9648443
Cuba,CUB,1978,71.9,4114.0,9711985
Cuba,CUB,1979,72.3,4183.0,9763358
Cuba,CUB,1980,72.6,4106.0,9804798
Cuba,CUB,1981,73.0,4420.0,9849325
Cuba,CUB,1982,73.4,4487.0,9912681
Cuba,CUB,1983,73.6,4705.0,9991027
Cuba,CUB,1984,73.6,5051.0,10073306
Cuba,CUB,1985,73.5,5120.0,10157229
Cuba,CUB,1986,73.6,5075.0,10244250
Cuba,CUB,1987,73.6,4887.0,10335337
Cuba,CUB,1988,73.7,4994.0,10432590
Cuba,CUB,1989,73.7,4991.0,10533249
Cuba,CUB,1990,73.8,4713.0,10631796
Cuba,CUB,1991,73.8,3982.3,10717640
Cuba,CUB,1992,73.8,3400.0,10785807
Cuba,CUB,1993,73.9,2657.5,10841040
Cuba,CUB,1994,74.1,2683.1,10886022
Cuba,CUB,1995,74.3,2860.8,10925362
Cuba,CUB,1996,74.7,3249.6,10962009
Cuba,CUB,1997,75.1,3425.6,10997933
Cuba,CUB,1998,75.4,3415.5,11034716
Cuba,CUB,1999,75.7,3623.6,11072230
Cuba,CUB,2000,75.9,4009.3,11109112
Cuba,CUB,2001,76.4,4231.3,11144134
Cuba,CUB,2002,76.8,4369.0,11177422
Cuba,CUB,2003,77.4,4506.7,11209379
Cuba,CUB,2004,77.3,4561.0,11238756
Cuba,CUB,2005,77.5,4713.7,11262553
Cuba,CUB,2006,77.4,5416.1,11278550
Cuba,CUB,2007,77.6,5635.7,11287274
Cuba,CUB,2008,77.6,6004.9,11291764
Cuba,CUB,2009,77.6,6248.3,11294719
Cuba,CUB,2010,77.9,6578.2,11297414
Cuba,CUB,2011,78.1,6928.0,11301578
Cuba,CUB,2012,78.2,7138.0,11303172
Cuba,CUB,2013,78.0,7379.0,11298163
Cuba,CUB,2014,77.8,7628.0,11285780
Cuba,CUB,2015,77.7,7889.0,11275069
Cuba,CUB,2016,77.6,7928.0,11265615
Cuba,CUB,2017,77.3,8075.5,11247824
Cuba,CUB,2018,77.4,8263.0,11227116
Cuba,CUB,2019,77.4,8257.8,11202847
Cuba,CUB,2020,77.4,7364.1,11176349
Cuba,CUB,2021,73.2,7485.8,11122169
Cuba,CUB,2022,77.6,7648.7,11059822
Curacao,CUW,1952,61.6,,107182
Curacao,CUW,1953,62.1,,110061
Curacao,CUW,1954,62.7,,113030
Curacao,CUW,1955,63.3,,116117
Curacao,CUW,1956,63.8,,119319
Curacao,CUW,1957,64.2,,122607
Curacao,CUW,1958,64.7,,125993
Curacao,CUW,1959,65.1,,129454
Curacao,CUW,1960,65.4,,132198
Curacao,CUW,1961,65.7,,134313
Curacao,CUW,1962,66.0,,136469
Curacao,CUW,1963,66.3,,138536
Curacao,CUW,1964,66.6,,140541
Curacao,CUW,1965,66.9,,142471
Curacao,CUW,1966,67.1,,144331
Curacao,CUW,1967,67.4,,146110
Curacao,CUW,1968,67.7,,147813
Curacao,CUW,1969,67.9,,149407
Curacao,CUW,1970,68.2,,150885
Curacao,CUW,1971,68.5,,152199
Curacao,CUW,1972,68.8,,153294
Curacao,CUW,1973,69.1,,154096
Curacao,CUW,1974,69.4,,154689
Curacao,CUW,1975,69.7,,155208
Curacao,CUW,1976,70.0,,155635
Curacao,CUW,1977,70.2,,155980
Curacao,CUW,1978,70.4,,156265
Curacao,CUW,1979,70.7,,156492
Curacao,CUW,1980,71.0,,156665
Curacao,CUW,1981,71.2,,156805
Curacao,CUW,1982,71.4,,156850
Curacao,CUW,1983,71.5,,156837
Curacao,CUW,1984,71.7,,156797
Curacao,CUW,1985,71.9,,156713
Curacao,CUW,1986,72.0,,156598
Curacao,CUW,1987,72.1,,156456
Curacao,CUW,1988,72.2,,156259
Curacao,CUW,1989,72.2,,156031
Curacao,CUW,1990,72.4,,155750
Curacao,CUW,1991,72.5,,155455
Curacao,CUW,1992,72.6,,155101
Curacao,CUW,1993,72.7,,154504
Curacao,CUW,1994,72.8,,153677
Curacao,CUW,1995,72.8,,152705
Curacao,CUW,1996,72.9,,151582
Curacao,CUW,1997,73.0,,150316
Curacao,CUW,1998,73.1,,148874
Curacao,CUW,1999,73.2,,147276
Curacao,CUW,2000,73.3,,145540
Curacao,CUW,2001,73.4,,144758
Curacao,CUW,2002,73.5,,145911
Curacao,CUW,2003,73.6,,147923
Curacao,CUW,2004,73.7,,149805
Curacao,CUW,2005,73.9,,151324
Curacao,CUW,2006,74.0,,152516
Curacao,CUW,2007,74.1,,153672
Curacao,CUW,2008,74.3,,154784
Curacao,CUW,2009,74.5,,155832
Curacao,CUW,2010,75.1,,156881
Curacao,CUW,2011,75.6,,158572
Curacao,CUW,2012,76.0,,160904
Curacao,CUW,2013,76.2,,163122
Curacao,CUW,2014,76.4,,165041
Curacao,CUW,2015,76.5,,166621
Curacao,CUW,2016,76.3,,167787
Curacao,CUW,2017,76.4,,168525
Curacao,CUW,2018,76.5,,181590
Curacao,CUW,2019,76.5,,189555
Curacao,CUW,2020,76.5,,185029
Curacao,CUW,2021,75.7,,185324
Curacao,CUW,2022,76.7,,185350
Cyprus,CYP,1952,57.7,3017.0,508693
Cyprus,CYP,1953,58.4,3274.0,516733
Cyprus,CYP,1954,59.3,3287.0,525118
Cyprus,CYP,1955,59.7,3360.0,533874
Cyprus,CYP,1956,60.4,3688.0,543081
Cyprus,CYP,1957,61.0,3848.0,552831
Cyprus,CYP,1958,61.6,3660.0,563291
Cyprus,CYP,1959,62.3,3814.0,574569
Cyprus,CYP,1960,63.3,3496.0,586493
Cyprus,CYP,1961,64.1,3845.0,595522
Cyprus,CYP,1962,64.7,4211.0,601471
Cyprus,CYP,1963,61.8,4423.0,607254
Cyprus,CYP,1964,62.2,3971.0,612531
Cyprus,CYP,1965,66.1,4825.0,617743
Cyprus,CYP,1966,66.5,5083.0,623394
Cyprus,CYP,1967,66.9,5732.0,629255
Cyprus,CYP,1968,67.3,5947.0,635164
Cyprus,CYP,1969,67.6,6446.0,641196
Cyprus,CYP,1970,68.1,6590.0,647443
Cyprus,CYP,1971,68.4,7382.0,654058
Cyprus,CYP,1972,68.6,7809.0,661067
Cyprus,CYP,1973,69.0,7913.0,665946
Cyprus,CYP,1974,54.6,6503.0,663265
Cyprus,CYP,1975,70.3,5528.0,659408
Cyprus,CYP,1976,70.8,6652.0,662045
Cyprus,CYP,1977,71.3,7704.0,667104
Cyprus,CYP,1978,71.7,8257.0,672259
Cyprus,CYP,1979,72.2,9011.0,677552
Cyprus,CYP,1980,72.8,9451.0,683082
Cyprus,CYP,1981,73.1,9631.0,688895
Cyprus,CYP,1982,73.5,10131.0,696503
Cyprus,CYP,1983,73.7,10544.0,707224
Cyprus,CYP,1984,74.0,11330.0,719345
Cyprus,CYP,1985,74.6,11725.0,731290
Cyprus,CYP,1986,74.9,12121.0,743116
Cyprus,CYP,1987,75.3,12792.0,754796
Cyprus,CYP,1988,75.4,13748.0,766238
Cyprus,CYP,1989,75.8,14712.0,777429
Cyprus,CYP,1990,76.0,15560.0,788355
Cyprus,CYP,1991,76.2,15417.1,798950
Cyprus,CYP,1992,76.3,16570.4,810344
Cyprus,CYP,1993,76.3,16439.2,826042
Cyprus,CYP,1994,76.4,17211.0,844669
Cyprus,CYP,1995,76.6,18751.5,862698
Cyprus,CYP,1996,76.9,18875.3,880295
Cyprus,CYP,1997,77.1,19264.8,897574
Cyprus,CYP,1998,77.2,20212.7,914552
Cyprus,CYP,1999,77.6,21147.5,931235
Cyprus,CYP,2000,77.9,22326.8,947667
Cyprus,CYP,2001,78.2,23095.7,964129
Cyprus,CYP,2002,78.8,23828.1,981443
Cyprus,CYP,2003,78.9,24347.1,999600
Cyprus,CYP,2004,79.0,25355.2,1017875
Cyprus,CYP,2005,79.2,26164.2,1036156
Cyprus,CYP,2006,79.5,27142.0,1054424
Cyprus,CYP,2007,79.8,28110.0,1072727
Cyprus,CYP,2008,79.9,28737.0,1091029
Cyprus,CYP,2009,80.4,27735.0,1109377
Cyprus,CYP,2010,80.6,27630.1,1127826
Cyprus,CYP,2011,80.9,27272.0,1146493
Cyprus,CYP,2012,81.1,25933.5,1165403
Cyprus,CYP,2013,81.3,24281.8,1183899
Cyprus,CYP,2014,81.3,24114.6,1201806
Cyprus,CYP,2015,81.5,25081.5,1219504
Cyprus,CYP,2016,81.5,26607.6,1237114
Cyprus,CYP,2017,81.5,27872.8,1254274
Cyprus,CYP,2018,81.6,29090.0,1270743
Cyprus,CYP,2019,81.5,30284.8,1286669
Cyprus,CYP,2020,81.2,28634.5,1302250
Cyprus,CYP,2021,80.6,30252.3,1317311
Cyprus,CYP,2022,80.4,31523.5,1331376
Czechia,CZE,1952,66.9,,9077207
Czechia,CZE,1953,67.6,,9152603
Czechia,CZE,1954,68.1,,9221188
Czechia,CZE,1955,69.0,,9289429
Czechia,CZE,1956,69.4,,9358023
Czechia,CZE,1957,69.0,,9418969
Czechia,CZE,1958,70.0,,9469710
Czechia,CZE,1959,69.9,,9508387
Czechia,CZE,1960,70.5,,9541605
Czechia,CZE,1961,70.6,,9573386
Czechia,CZE,1962,69.9,,9597463
Czechia,CZE,1963,70.4,,9627331
Czechia,CZE,1964,70.6,,9668745
Czechia,CZE,1965,70.3,,9706844
Czechia,CZE,1966,70.5,,9736244
Czechia,CZE,1967,70.3,,9758984
Czechia,CZE,1968,69.9,,9775112
Czechia,CZE,1969,69.4,,9787790
Czechia,CZE,1970,69.5,8748.0,9801253
Czechia,CZE,1971,69.7,9177.0,9822783
Czechia,CZE,1972,70.2,9626.0,9858071
Czechia,CZE,1973,70.1,10026.0,9906214
Czechia,CZE,1974,70.2,10444.0,9965950
Czechia,CZE,1975,70.5,10954.0,10030787
Czechia,CZE,1976,70.6,11317.0,10092941
Czechia,CZE,1977,70.6,11634.0,10149369
Czechia,CZE,1978,70.7,12055.0,10200753
Czechia,CZE,1979,70.8,12164.0,10246154
Czechia,CZE,1980,70.3,12336.0,10275404
Czechia,CZE,1981,70.8,12306.0,10289518
Czechia,CZE,1982,70.9,12109.0,10299006
Czechia,CZE,1983,70.6,12301.0,10302947
Czechia,CZE,1984,70.9,12573.0,10303816
Czechia,CZE,1985,71.1,12855.0,10305141
Czechia,CZE,1986,71.1,13211.0,10304374
Czechia,CZE,1987,71.5,13514.0,10303422
Czechia,CZE,1988,71.7,13791.0,10305448
Czechia,CZE,1989,71.8,14027.0,10305609
Czechia,CZE,1990,71.4,14178.0,10301989
Czechia,CZE,1991,72.0,12724.5,10304420
Czechia,CZE,1992,72.3,12810.4,10312449
Czechia,CZE,1993,72.9,12974.2,10320404
Czechia,CZE,1994,73.1,13517.6,10322332
Czechia,CZE,1995,73.2,14550.1,10312041
Czechia,CZE,1996,73.8,15386.3,10296140
Czechia,CZE,1997,73.9,15494.3,10280049
Czechia,CZE,1998,74.6,15657.4,10265430
Czechia,CZE,1999,74.7,16102.5,10251385
Czechia,CZE,2000,75.0,17056.2,10236809
Czechia,CZE,2001,75.3,17868.6,10231942
Czechia,CZE,2002,75.4,18431.0,10239474
Czechia,CZE,2003,75.4,19344.1,10248907
Czechia,CZE,2004,75.9,20555.0,10261453
Czechia,CZE,2005,76.2,22128.6,10280155
Czechia,CZE,2006,76.7,23888.2,10304592
Czechia,CZE,2007,76.9,25382.8,10337539
Czechia,CZE,2008,77.2,26186.0,10378298
Czechia,CZE,2009,77.3,25093.9,10420985
Czechia,CZE,2010,77.6,25922.4,10464035
Czechia,CZE,2011,77.8,26725.0,10495508
Czechia,CZE,2012,78.0,26483.4,10507339
Czechia,CZE,2013,78.2,26467.6,10511164
Czechia,CZE,2014,78.7,27030.2,10517223
Czechia,CZE,2015,78.6,28437.6,10524418
Czechia,CZE,2016,79.0,29097.5,10531946
Czechia,CZE,2017,78.9,30531.4,10541343
Czechia,CZE,2018,79.0,31405.1,10548934
Czechia,CZE,2019,79.2,32226.6,10554872
Czechia,CZE,2020,78.2,30365.4,10550129
Czechia,CZE,2021,77.2,31452.6,10530683
Czechia,CZE,2022,79.2,32247.4,10673216
Democratic Republic of Congo,COD,1952,38.9,1065.0,12803638
Democratic Republic of Congo,COD,1953,39.1,1105.0,13069453
Democratic Republic of Congo,COD,1954,39.4,1148.0,13343040
Democratic Republic of Congo,COD,1955,39.7,1170.0,13630350
Democratic Republic of Congo,COD,1956,39.9,1224.0,13929950
Democratic Republic of Congo,COD,1957,40.2,1237.0,14242284
Democratic Republic of Congo,COD,1958,40.5,1176.0,14557795
Democratic Republic of Congo,COD,1959,40.6,1191.0,14891587
Democratic Republic of Congo,COD,1960,40.8,1192.0,15264853
Democratic Republic of Congo,COD,1961,40.2,1041.0,15662373
Democratic Republic of Congo,COD,1962,40.4,1223.0,16075729
Democratic Republic of Congo,COD,1963,40.6,1248.0,16507610
Democratic Republic of Congo,COD,1964,40.1,1191.0,16955329
Democratic Republic of Congo,COD,1965,40.8,1176.0,17427807
Democratic Republic of Congo,COD,1966,42.2,1224.0,17931933
Democratic Republic of Congo,COD,1967,42.3,1176.0,18462787
Democratic Republic of Congo,COD,1968,42.7,1189.0,19012194
Democratic Republic of Congo,COD,1969,43.0,1262.0,19570447
Democratic Republic of Congo,COD,1970,43.3,1224.0,20137442
Democratic Republic of Congo,COD,1971,43.6,1267.0,20695568
Democratic Republic of Congo,COD,1972,43.9,1235.0,21251166
Democratic Republic of Congo,COD,1973,44.1,1305.0,21827663
Democratic Republic of Congo,COD,1974,44.3,1312.0,22418883
Democratic Republic of Congo,COD,1975,44.5,1213.0,23021102
Democratic Republic of Congo,COD,1976,44.7,1111.0,23624035
Democratic Republic of Congo,COD,1977,44.9,1086.0,24229060
Democratic Republic of Congo,COD,1978,44.6,993.0,24992694
Democratic Republic of Congo,COD,1979,45.3,961.0,25886782
Democratic Republic of Congo,COD,1980,45.5,953.0,26711098
Democratic Republic of Congo,COD,1981,45.7,950.0,27500518
Democratic Republic of Congo,COD,1982,45.9,920.0,28338193
Democratic Republic of Congo,COD,1983,46.2,909.0,29250969
Democratic Republic of Congo,COD,1984,46.5,932.0,30245088
Democratic Republic of Congo,COD,1985,46.7,909.0,31264819
Democratic Republic of Congo,COD,1986,47.0,923.0,32265200
Democratic Republic of Congo,COD,1987,47.4,918.0,33298910
Democratic Republic of Congo,COD,1988,47.8,894.0,34382756
Democratic Republic of Congo,COD,1989,48.1,861.0,35486863
Democratic Republic of Congo,COD,1990,48.5,813.0,36684065
Democratic Republic of Congo,COD,1991,48.9,737.9,37925828
Democratic Republic of Congo,COD,1992,49.3,656.7,39228908
Democratic Republic of Congo,COD,1993,49.6,563.7,40656338
Democratic Republic of Congo,COD,1994,49.9,525.4,42626873
Democratic Republic of Congo,COD,1995,50.4,532.0,44433718
Democratic Republic of Congo,COD,1996,49.4,523.9,45296125
Democratic Republic of Congo,COD,1997,50.5,489.6,46029907
Democratic Republic of Congo,COD,1998,49.7,472.9,47297595
Democratic Republic of Congo,COD,1999,50.1,452.0,48912972
Democratic Republic of Congo,COD,2000,51.9,414.0,50507445
Democratic Republic of Congo,COD,2001,52.2,403.6,52132646
Democratic Republic of Congo,COD,2002,52.4,413.8,53750529
Democratic Republic of Congo,COD,2003,53.0,436.0,55343873
Democratic Republic of Congo,COD,2004,53.5,464.0,56997740
Democratic Republic of Congo,COD,2005,54.0,490.7,58775726
Democratic Republic of Congo,COD,2006,54.5,515.3,60615909
Democratic Republic of Congo,COD,2007,55.0,546.0,62477753
Democratic Republic of Congo,COD,2008,55.4,578.8,64390658
Democratic Republic of Congo,COD,2009,55.8,595.0,66412038
Democratic Republic of Congo,COD,2010,56.4,637.1,68563038
Democratic Republic of Congo,COD,2011,56.9,681.0,70849311
Democratic Republic of Congo,COD,2012,57.4,714.8,73254623
Democratic Republic of Congo,COD,2013,57.8,756.9,75789397
Democratic Republic of Congo,COD,2014,58.2,784.6,78403248
Democratic Republic of Congo,COD,2015,58.7,806.8,81035532
Democratic Republic of Congo,COD,2016,59.1,783.0,83956416
Democratic Republic of Congo,COD,2017,59.5,785.1,87083400
Democratic Republic of Congo,COD,2018,59.9,796.9,90047647
Democratic Republic of Congo,COD,2019,60.2,806.5,92947450
Democratic Republic of Congo,COD,2020,60.4,794.3,95990000
Democratic Republic of Congo,COD,2021,60.0,817.4,99148930
Democratic Republic of Congo,COD,2022,61.0,844.2,102396974
Denmark,DNK,1952,70.8,11086.0,4332237
Denmark,DNK,1953,71.2,11623.0,4369107
Denmark,DNK,1954,71.3,11749.0,4406404
Denmark,DNK,1955,71.9,11788.0,4438843
Denmark,DNK,1956,72.0,11858.0,4466342
Denmark,DNK,1957,71.8,12696.0,4489659
Denmark,DNK,1958,72.2,12903.0,4516072
Denmark,DNK,1959,72.2,13767.0,4548480
Denmark,DNK,1960,72.2,14046.0,4579347
Denmark,DNK,1961,72.5,14843.0,4611358
Denmark,DNK,1962,72.4,15537.0,4647466
Denmark,DNK,1963,72.4,15513.0,4684268
Denmark,DNK,1964,72.5,16832.0,4721889
Denmark,DNK,1965,72.4,17459.0,4758837
Denmark,DNK,1966,72.5,17789.0,4797199
Denmark,DNK,1967,73.0,18230.0,4835223
Denmark,DNK,1968,73.1,18868.0,4864801
Denmark,DNK,1969,73.2,19974.0,4891798
Denmark,DNK,1970,73.4,20221.0,4928674
Denmark,DNK,1971,73.4,20617.0,4963064
Denmark,DNK,1972,73.5,21579.0,4991569
Denmark,DNK,1973,73.7,22228.0,5021765
Denmark,DNK,1974,73.8,21919.0,5045639
Denmark,DNK,1975,74.1,21712.0,5060403
Denmark,DNK,1976,73.8,23059.0,5072803
Denmark,DNK,1977,74.7,23360.0,5088571
Denmark,DNK,1978,74.4,23632.0,5104341
Denmark,DNK,1979,74.2,24409.0,5116862
Denmark,DNK,1980,74.1,24272.0,5123079
Denmark,DNK,1981,74.3,24063.0,5121628
Denmark,DNK,1982,74.6,24807.0,5117897
Denmark,DNK,1983,74.5,25450.0,5114468
Denmark,DNK,1984,74.6,26581.0,5111831
Denmark,DNK,1985,74.5,27710.0,5113878
Denmark,DNK,1986,74.6,28681.0,5120691
Denmark,DNK,1987,74.7,28728.0,5127134
Denmark,DNK,1988,74.8,29049.0,5129650
Denmark,DNK,1989,74.9,29108.0,5132717
Denmark,DNK,1990,74.9,29412.0,5141024
Denmark,DNK,1991,75.2,29915.4,5154346
Denmark,DNK,1992,75.3,30573.6,5171372
Denmark,DNK,1993,75.2,30649.5,5188638
Denmark,DNK,1994,75.4,32359.3,5206188
Denmark,DNK,1995,75.3,33356.1,5233364
Denmark,DNK,1996,75.7,34325.4,5263071
Denmark,DNK,1997,76.0,35499.1,5285041
Denmark,DNK,1998,76.4,36361.2,5304263
Denmark,DNK,1999,76.6,37523.4,5321814
Denmark,DNK,2000,76.8,39021.2,5339659
Denmark,DNK,2001,77.0,39425.9,5358825
Denmark,DNK,2002,77.1,39709.4,5375967
Denmark,DNK,2003,77.4,39983.1,5390621
Denmark,DNK,2004,77.8,41178.6,5404594
Denmark,DNK,2005,78.2,42264.6,5419550
Denmark,DNK,2006,78.2,44025.5,5437425
Denmark,DNK,2007,78.3,44481.5,5461604
Denmark,DNK,2008,78.7,44246.4,5493762
Denmark,DNK,2009,79.0,42090.2,5523169
Denmark,DNK,2010,79.2,42932.4,5547865
Denmark,DNK,2011,79.8,43575.0,5570848
Denmark,DNK,2012,80.1,43509.6,5591911
Denmark,DNK,2013,80.3,43743.6,5615333
Denmark,DNK,2014,80.6,44215.6,5643795
Denmark,DNK,2015,80.7,44940.9,5683698
Denmark,DNK,2016,80.9,46019.0,5728196
Denmark,DNK,2017,81.1,47022.0,5765164
Denmark,DNK,2018,81.0,47717.5,5793824
Denmark,DNK,2019,81.4,48238.7,5814618
Denmark,DNK,2020,81.5,47171.1,5831529
Denmark,DNK,2021,81.4,49258.8,5856774
Denmark,DNK,2022,81.3,50689.7,5902901
Djibouti,DJI,1952,41.2,3585.0,66371
Djibouti,DJI,1953,41.5,3633.0,68501
Djibouti,DJI,1954,41.8,3743.0,70723
Djibouti,DJI,1955,42.0,3765.0,73023
Djibouti,DJI,1956,42.3,3810.0,75403
Djibouti,DJI,1957,42.6,3848.0,77884
Djibouti,DJI,1958,42.8,3840.0,80457
Djibouti,DJI,1959,43.1,3948.0,83102
Djibouti,DJI,1960,43.4,4087.0,86040
Djibouti,DJI,1961,43.8,4114.0,89407
Djibouti,DJI,1962,44.1,4057.0,93305
Djibouti,DJI,1963,44.4,4092.0,97887
Djibouti,DJI,1964,44.8,4055.0,103214
Djibouti,DJI,1965,45.2,4047.0,109108
Djibouti,DJI,1966,45.6,4063.0,115284
Djibouti,DJI,1967,46.1,4055.0,121659
Djibouti,DJI,1968,46.6,4028.0,128264
Djibouti,DJI,1969,47.1,4018.0,136090
Djibouti,DJI,1970,47.5,4774.0,145188
Djibouti,DJI,1971,47.3,4846.0,155152
Djibouti,DJI,1972,48.5,4787.0,166268
Djibouti,DJI,1973,49.1,4801.0,178460
Djibouti,DJI,1974,49.5,4414.0,192622
Djibouti,DJI,1975,49.9,4691.0,209922
Djibouti,DJI,1976,50.3,4878.0,230747
Djibouti,DJI,1977,50.8,4036.0,254629
Djibouti,DJI,1978,51.2,3419.0,280042
Djibouti,DJI,1979,51.6,3308.0,304525
Djibouti,DJI,1980,52.0,3167.0,325822
Djibouti,DJI,1981,52.4,3091.0,343056
Djibouti,DJI,1982,52.9,3043.0,356887
Djibouti,DJI,1983,53.3,2963.0,369558
Djibouti,DJI,1984,53.7,2944.0,384072
Djibouti,DJI,1985,54.1,2880.0,402691
Djibouti,DJI,1986,54.5,2743.0,426345
Djibouti,DJI,1987,54.8,2670.0,454409
Djibouti,DJI,1988,55.1,2652.0,484531
Djibouti,DJI,1989,55.4,2436.0,523362
Djibouti,DJI,1990,55.5,2308.0,579544
Djibouti,DJI,1991,55.2,2013.3,631096
Djibouti,DJI,1992,54.4,2141.6,626016
Djibouti,DJI,1993,55.7,2290.8,614247
Djibouti,DJI,1994,55.6,2175.4,626717
Djibouti,DJI,1995,56.2,2262.4,633075
Djibouti,DJI,1996,56.3,2082.0,648354
Djibouti,DJI,1997,56.2,2080.5,671826
Djibouti,DJI,1998,56.4,1974.6,699355
Djibouti,DJI,1999,56.6,1930.5,724228
Djibouti,DJI,2000,56.7,1881.0,747326
Djibouti,DJI,2001,57.5,1845.7,771311
Djibouti,DJI,2002,57.8,1824.5,795576
Djibouti,DJI,2003,58.0,1945.7,813528
Djibouti,DJI,2004,58.1,2097.1,826133
Djibouti,DJI,2005,58.5,2126.8,839174
Djibouti,DJI,2006,59.0,2342.2,855767
Djibouti,DJI,2007,59.4,2396.0,874530
Djibouti,DJI,2008,59.8,2463.4,892739
Djibouti,DJI,2009,60.4,2521.5,911524
Djibouti,DJI,2010,60.7,2543.9,930252
Djibouti,DJI,2011,61.3,2590.0,948565
Djibouti,DJI,2012,61.7,2654.0,966754
Djibouti,DJI,2013,62.1,2724.0,984833
Djibouti,DJI,2014,62.4,2823.0,1002720
Djibouti,DJI,2015,62.8,2941.0,1020316
Djibouti,DJI,2016,63.3,3084.5,1037660
Djibouti,DJI,2017,63.7,3198.0,1054844
Djibouti,DJI,2018,64.1,3308.1,1071886
Djibouti,DJI,2019,64.4,3437.0,1088710
Djibouti,DJI,2020,64.2,3426.7,1105193
Djibouti,DJI,2021,63.8,3541.6,1121251
Djibouti,DJI,2022,65.5,3623.1,1137101
Dominica,DMA,1952,48.2,1121.0,50862
Dominica,DMA,1953,50.0,1073.0,51401
Dominica,DMA,1954,51.7,1098.0,52103
Dominica,DMA,1955,53.4,1130.0,52974
Dominica,DMA,1956,55.0,1203.0,54006
Dominica,DMA,1957,56.5,1239.0,55216
Dominica,DMA,1958,57.9,1261.0,56606
Dominica,DMA,1959,59.1,1226.0,58123
Dominica,DMA,1960,60.1,1245.0,59386
Dominica,DMA,1961,61.0,1176.0,60230
Dominica,DMA,1962,61.9,1333.0,60969
Dominica,DMA,1963,62.6,1372.0,61759
Dominica,DMA,1964,63.3,1419.0,62602
Dominica,DMA,1965,63.9,1203.0,63522
Dominica,DMA,1966,64.5,1323.0,64522
Dominica,DMA,1967,64.9,1325.0,65598
Dominica,DMA,1968,65.3,1288.0,66751
Dominica,DMA,1969,65.7,1388.0,67956
Dominica,DMA,1970,66.2,1492.0,68927
Dominica,DMA,1971,66.8,1578.0,69548
Dominica,DMA,1972,67.5,1674.0,70072
Dominica,DMA,1973,68.1,1793.0,70603
Dominica,DMA,1974,68.6,1894.0,71106
Dominica,DMA,1975,69.1,1940.0,71589
Dominica,DMA,1976,69.4,2066.0,72036
Dominica,DMA,1977,69.7,2117.0,72424
Dominica,DMA,1978,70.1,2365.0,72741
Dominica,DMA,1979,69.2,1932.0,72978
Dominica,DMA,1980,71.0,2219.0,73102
Dominica,DMA,1981,71.5,2499.0,73004
Dominica,DMA,1982,71.7,2592.0,72704
Dominica,DMA,1983,72.0,2644.0,72385
Dominica,DMA,1984,71.9,2802.0,72075
Dominica,DMA,1985,71.9,2872.0,71768
Dominica,DMA,1986,71.7,3107.0,71426
Dominica,DMA,1987,71.4,3370.0,71044
Dominica,DMA,1988,71.0,3687.0,70628
Dominica,DMA,1989,70.7,3714.0,70171
Dominica,DMA,1990,70.5,3939.0,69644
Dominica,DMA,1991,70.4,4084.0,69321
Dominica,DMA,1992,70.5,4271.7,69344
Dominica,DMA,1993,70.6,4339.8,69453
Dominica,DMA,1994,70.8,4459.4,69493
Dominica,DMA,1995,70.8,4606.7,69490
Dominica,DMA,1996,71.0,4894.8,69422
Dominica,DMA,1997,71.2,5170.8,69315
Dominica,DMA,1998,71.4,5462.7,69144
Dominica,DMA,1999,71.5,5584.0,68883
Dominica,DMA,2000,71.7,5697.0,68527
Dominica,DMA,2001,71.9,5799.8,68299
Dominica,DMA,2002,71.9,5771.4,68385
Dominica,DMA,2003,71.9,6322.0,68552
Dominica,DMA,2004,72.0,6602.7,68664
Dominica,DMA,2005,72.0,6697.5,68750
Dominica,DMA,2006,72.0,7133.8,68823
Dominica,DMA,2007,71.9,7698.8,68862
Dominica,DMA,2008,71.9,8454.1,68866
Dominica,DMA,2009,71.8,8511.9,68879
Dominica,DMA,2010,71.7,8768.5,68872
Dominica,DMA,2011,71.5,8944.0,69073
Dominica,DMA,2012,71.4,8823.0,69138
Dominica,DMA,2013,71.2,9145.0,69733
Dominica,DMA,2014,71.2,9507.0,70387
Dominica,DMA,2015,70.0,9319.0,70429
Dominica,DMA,2016,71.2,9567.3,69627
Dominica,DMA,2017,68.6,8877.9,68514
Dominica,DMA,2018,71.4,9153.2,68195
Dominica,DMA,2019,71.3,9575.1,67901
Dominica,DMA,2020,71.3,7974.3,67588
Dominica,DMA,2021,69.8,8419.5,67222
Dominica,DMA,2022,71.1,8879.6,66847
Dominican Republic,DOM,1952,45.6,1868.0,2525056
Dominican Republic,DOM,1953,46.3,1790.0,2604818
Dominican Republic,DOM,1954,47.1,1833.0,2689101
Dominican Republic,DOM,1955,47.9,1886.0,2777636
Dominican Republic,DOM,1956,48.7,2008.0,2870034
Dominican Republic,DOM,1957,49.5,2066.0,2965778
Dominican Republic,DOM,1958,50.2,2104.0,3064350
Dominican Republic,DOM,1959,51.0,2047.0,3165304
Dominican Republic,DOM,1960,51.7,2075.0,3268341
Dominican Republic,DOM,1961,52.4,1964.0,3373237
Dominican Republic,DOM,1962,53.2,2222.0,3479940
Dominican Republic,DOM,1963,53.8,2291.0,3588293
Dominican Republic,DOM,1964,54.7,2365.0,3698563
Dominican Republic,DOM,1965,52.8,2007.0,3808965
Dominican Republic,DOM,1966,56.0,2206.0,3921849
Dominican Republic,DOM,1967,56.6,2211.0,4038932
Dominican Republic,DOM,1968,57.3,2150.0,4157191
Dominican Republic,DOM,1969,57.9,2316.0,4277039
Dominican Republic,DOM,1970,58.5,2488.0,4399294
Dominican Republic,DOM,1971,59.1,2678.0,4524238
Dominican Republic,DOM,1972,59.7,2928.0,4651892
Dominican Republic,DOM,1973,60.2,3196.0,4782235
Dominican Republic,DOM,1974,60.8,3295.0,4914198
Dominican Republic,DOM,1975,61.3,3365.0,5046783
Dominican Republic,DOM,1976,61.7,3504.0,5180404
Dominican Republic,DOM,1977,62.2,3586.0,5315446
Dominican Republic,DOM,1978,62.6,3583.0,5451891
Dominican Republic,DOM,1979,62.4,3649.0,5589694
Dominican Republic,DOM,1980,63.4,3781.0,5729043
Dominican Republic,DOM,1981,63.8,3846.0,5868459
Dominican Republic,DOM,1982,64.2,3826.0,6007115
Dominican Republic,DOM,1983,64.6,3905.0,6147244
Dominican Republic,DOM,1984,65.1,3830.0,6289048
Dominican Republic,DOM,1985,65.6,3653.0,6430404
Dominican Republic,DOM,1986,66.1,3682.0,6571213
Dominican Republic,DOM,1987,66.5,3877.0,6712519
Dominican Republic,DOM,1988,66.9,3821.0,6855737
Dominican Republic,DOM,1989,67.3,4219.0,7002300
Dominican Republic,DOM,1990,67.7,3939.0,7151165
Dominican Republic,DOM,1991,68.2,3969.6,7299849
Dominican Republic,DOM,1992,68.5,4185.4,7447476
Dominican Republic,DOM,1993,68.9,4490.0,7594567
Dominican Republic,DOM,1994,69.2,4597.2,7741694
Dominican Republic,DOM,1995,69.4,4851.6,7888120
Dominican Republic,DOM,1996,69.6,5198.6,8032895
Dominican Republic,DOM,1997,69.8,5616.9,8174081
Dominican Republic,DOM,1998,69.9,6012.7,8310369
Dominican Republic,DOM,1999,70.2,6419.8,8446207
Dominican Republic,DOM,2000,70.4,6788.1,8584196
Dominican Republic,DOM,2001,70.6,6917.0,8720287
Dominican Republic,DOM,2002,70.7,7327.4,8852231
Dominican Republic,DOM,2003,70.9,7324.7,8980626
Dominican Republic,DOM,2004,70.7,7441.4,9104889
Dominican Republic,DOM,2005,71.0,8156.4,9225035
Dominican Republic,DOM,2006,71.1,9059.9,9341187
Dominican Republic,DOM,2007,71.1,9866.5,9455663
Dominican Republic,DOM,2008,71.3,10225.5,9573135
Dominican Republic,DOM,2009,71.6,10365.7,9695270
Dominican Republic,DOM,2010,72.0,11276.5,9820180
Dominican Republic,DOM,2011,72.5,11679.0,9945623
Dominican Republic,DOM,2012,72.8,11854.4,10070409
Dominican Republic,DOM,2013,73.0,12290.1,10193838
Dominican Republic,DOM,2014,73.1,13011.5,10315523
Dominican Republic,DOM,2015,73.0,13765.1,10434826
Dominican Republic,DOM,2016,72.9,14530.1,10551430
Dominican Republic,DOM,2017,73.4,15053.8,10666846
Dominican Republic,DOM,2018,73.6,15944.7,10782048
Dominican Republic,DOM,2019,73.1,16587.2,10894043
Dominican Republic,DOM,2020,72.6,15325.7,11008298
Dominican Republic,DOM,2021,71.8,17046.6,11123480
Dominican Republic,DOM,2022,74.2,17713.5,11230734
East Timor,TLS,1952,29.8,,422428
East Timor,TLS,1953,30.1,,426994
East Timor,TLS,1954,30.4,,431906
East Timor,TLS,1955,30.7,,437160
East Timor,TLS,1956,31.0,,442703
East Timor,TLS,1957,31.3,,448566
East Timor,TLS,1958,31.7,,454756
East Timor,TLS,1959,32.0,,461278
East Timor,TLS,1960,32.4,,468130
East Timor,TLS,1961,32.8,,475300
East Timor,TLS,1962,33.2,,482782
East Timor,TLS,1963,33.7,,490572
East Timor,TLS,1964,34.1,,498664
East Timor,TLS,1965,34.7,,507041
East Timor,TLS,1966,35.2,,515698
East Timor,TLS,1967,35.7,,524651
East Timor,TLS,1968,36.2,,533880
East Timor,TLS,1969,36.8,,543360
East Timor,TLS,1970,37.4,,553079
East Timor,TLS,1971,37.9,,562974
East Timor,TLS,1972,38.4,,572975
East Timor,TLS,1973,39.0,,582862
East Timor,TLS,1974,36.5,,590831
East Timor,TLS,1975,24.3,,598168
East Timor,TLS,1976,25.9,,607632
East Timor,TLS,1977,24.9,,618319
East Timor,TLS,1978,22.9,,628780
East Timor,TLS,1979,24.2,,638725
East Timor,TLS,1980,30.2,,649877
East Timor,TLS,1981,31.2,,660503
East Timor,TLS,1982,32.2,,669156
East Timor,TLS,1983,32.7,,677704
East Timor,TLS,1984,34.5,,686786
East Timor,TLS,1985,34.3,,696671
East Timor,TLS,1986,34.8,,707191
East Timor,TLS,1987,36.0,,718487
East Timor,TLS,1988,36.0,,730753
East Timor,TLS,1989,44.8,,744860
East Timor,TLS,1990,45.2,,760348
East Timor,TLS,1991,45.1,,778286
East Timor,TLS,1992,46.2,,799323
East Timor,TLS,1993,47.0,,821445
East Timor,TLS,1994,47.9,,844501
East Timor,TLS,1995,47.5,,868152
East Timor,TLS,1996,48.3,,892289
East Timor,TLS,1997,49.0,,917189
East Timor,TLS,1998,48.6,,942537
East Timor,TLS,1999,45.2,,834699
East Timor,TLS,2000,58.1,,745095
East Timor,TLS,2001,58.8,,812253
East Timor,TLS,2002,59.5,,879170
East Timor,TLS,2003,60.1,,916876
East Timor,TLS,2004,60.7,,929081
East Timor,TLS,2005,61.3,,948310
East Timor,TLS,2006,61.9,,976610
East Timor,TLS,2007,62.4,,1004898
East Timor,TLS,2008,62.9,,1032431
East Timor,TLS,2009,63.3,,1058783
East Timor,TLS,2010,63.7,,1084688
East Timor,TLS,2011,64.0,,1110212
East Timor,TLS,2012,64.4,,1134891
East Timor,TLS,2013,64.7,,1158697
East Timor,TLS,2014,65.0,,1181913
East Timor,TLS,2015,65.3,,1205133
East Timor,TLS,2016,65.6,,1228314
East Timor,TLS,2017,65.9,,1251711
East Timor,TLS,2018,66.2,,1275962
East Timor,TLS,2019,66.5,,1300946
East Timor,TLS,2020,66.9,,1326051
East Timor,TLS,2021,66.2,,1350142
East Timor,TLS,2022,67.4,,1369299
Ecuador,ECU,1952,49.2,3202.0,3702403
Ecuador,ECU,1953,49.6,3185.0,3800296
Ecuador,ECU,1954,50.0,3352.0,3901514
Ecuador,ECU,1955,50.4,3349.0,4006189
Ecuador,ECU,1956,50.9,3381.0,4114537
Ecuador,ECU,1957,51.5,3437.0,4226856
Ecuador,ECU,1958,52.1,3441.0,4343499
Ecuador,ECU,1959,52.7,3524.0,4464761
Ecuador,ECU,1960,53.4,3649.0,4590893
Ecuador,ECU,1961,54.1,3633.0,4722334
Ecuador,ECU,1962,54.7,3716.0,4859272
Ecuador,ECU,1963,55.3,3698.0,5001721
Ecuador,ECU,1964,56.0,3843.0,5149925
Ecuador,ECU,1965,56.5,4090.0,5303960
Ecuador,ECU,1966,57.0,4074.0,5463749
Ecuador,ECU,1967,57.5,4163.0,5629060
Ecuador,ECU,1968,57.9,4264.0,5799683
Ecuador,ECU,1969,58.3,4366.0,5975234
Ecuador,ECU,1970,58.8,4535.0,6155392
Ecuador,ECU,1971,59.3,4658.0,6340056
Ecuador,ECU,1972,59.8,4801.0,6529040
Ecuador,ECU,1973,60.3,5244.0,6722036
Ecuador,ECU,1974,60.7,5392.0,6918571
Ecuador,ECU,1975,61.1,5514.0,7118258
Ecuador,ECU,1976,61.4,5877.0,7320913
Ecuador,ECU,1977,61.9,6073.0,7526826
Ecuador,ECU,1978,62.4,6314.0,7736176
Ecuador,ECU,1979,62.9,6472.0,7948871
Ecuador,ECU,1980,63.3,6582.0,8165882
Ecuador,ECU,1981,63.8,6664.0,8386913
Ecuador,ECU,1982,64.3,6558.0,8611296
Ecuador,ECU,1983,64.7,6252.0,8840424
Ecuador,ECU,1984,65.2,6336.0,9074783
Ecuador,ECU,1985,65.6,6433.0,9311152
Ecuador,ECU,1986,66.1,6452.0,9545999
Ecuador,ECU,1987,66.6,5893.0,9779290
Ecuador,ECU,1988,67.0,6357.0,10010804
Ecuador,ECU,1989,67.8,6207.0,10241859
Ecuador,ECU,1990,68.4,6221.0,10473674
Ecuador,ECU,1991,69.0,6513.3,10702377
Ecuador,ECU,1992,69.5,6715.5,10930128
Ecuador,ECU,1993,70.1,6770.2,11154283
Ecuador,ECU,1994,70.9,6940.1,11372197
Ecuador,ECU,1995,71.3,6985.2,11590519
Ecuador,ECU,1996,71.8,6993.6,11810954
Ecuador,ECU,1997,72.0,7181.1,12031129
Ecuador,ECU,1998,71.9,7307.2,12251188
Ecuador,ECU,1999,71.9,6884.8,12470800
Ecuador,ECU,2000,72.1,6908.2,12689215
Ecuador,ECU,2001,72.6,7131.2,12910736
Ecuador,ECU,2002,73.2,7359.7,13138473
Ecuador,ECU,2003,73.6,7468.5,13372304
Ecuador,ECU,2004,73.9,7958.9,13608700
Ecuador,ECU,2005,73.9,8256.8,13846162
Ecuador,ECU,2006,74.0,8521.6,14086138
Ecuador,ECU,2007,74.2,8633.6,14328783
Ecuador,ECU,2008,74.7,9103.9,14575201
Ecuador,ECU,2009,74.9,9081.4,14825960
Ecuador,ECU,2010,75.2,9327.2,15076697
Ecuador,ECU,2011,75.2,9985.0,15326232
Ecuador,ECU,2012,75.5,10398.9,15572195
Ecuador,ECU,2013,75.8,10761.4,15807132
Ecuador,ECU,2014,76.1,11016.2,16035127
Ecuador,ECU,2015,76.2,10878.8,16266229
Ecuador,ECU,2016,76.1,10603.8,16505142
Ecuador,ECU,2017,76.2,10715.2,16759515
Ecuador,ECU,2018,77.2,10716.9,17049542
Ecuador,ECU,2019,77.3,10586.9,17340017
Ecuador,ECU,2020,72.0,9646.1,17546058
Ecuador,ECU,2021,72.7,9937.7,17682454
Ecuador,ECU,2022,76.6,10124.1,17823900
Egypt,EGY,1952,36.6,1435.0,22104946
Egypt,EGY,1953,37.9,1425.0,22644148
Egypt,EGY,1954,39.1,1417.0,23212564
Egypt,EGY,1955,40.2,1411.0,23795234
Egypt,EGY,1956,41.0,1443.0,24387350
Egypt,EGY,1957,42.0,1474.0,24994417
Egypt,EGY,1958,42.9,1510.0,25600327
Egypt,EGY,1959,43.7,1545.0,26226866
Egypt,EGY,1960,44.4,1580.0,26896480
Egypt,EGY,1961,45.1,1643.0,27600903
Egypt,EGY,1962,45.8,1712.0,28337017
Egypt,EGY,1963,46.5,1785.0,29091868
Egypt,EGY,1964,47.1,1859.0,29858925
Egypt,EGY,1965,47.6,1934.0,30629174
Egypt,EGY,1966,48.0,1900.0,31406543
Egypt,EGY,1967,48.1,1835.0,32196366
Egypt,EGY,1968,48.6,1827.0,32998322
Egypt,EGY,1969,48.7,1914.0,33811619
Egypt,EGY,1970,49.0,1999.0,34623990
Egypt,EGY,1971,49.5,2045.0,35433370
Egypt,EGY,1972,49.9,2047.0,36258327
Egypt,EGY,1973,50.1,2063.0,37102044
Egypt,EGY,1974,51.0,2099.0,37969667
Egypt,EGY,1975,51.7,2265.0,38875326
Egypt,EGY,1976,52.5,2560.0,39795558
Egypt,EGY,1977,53.3,2817.0,40748878
Egypt,EGY,1978,54.1,2939.0,41761437
Egypt,EGY,1979,54.9,3076.0,42818635
Egypt,EGY,1980,55.7,3298.0,43950413
Egypt,EGY,1981,56.5,3309.0,45147226
Egypt,EGY,1982,57.2,3543.0,46407612
Egypt,EGY,1983,58.0,3701.0,47786401
Egypt,EGY,1984,58.7,3810.0,49247336
Egypt,EGY,1985,59.4,3939.0,50734974
Egypt,EGY,1986,60.1,3921.0,52206296
Egypt,EGY,1987,60.7,3929.0,53674436
Egypt,EGY,1988,61.4,4001.0,55187680
Egypt,EGY,1989,61.9,4030.0,56710641
Egypt,EGY,1990,62.5,4022.0,58396625
Egypt,EGY,1991,63.1,4180.1,60029001
Egypt,EGY,1992,63.6,4339.0,61480663
Egypt,EGY,1993,64.1,4542.6,62915681
Egypt,EGY,1994,64.7,4746.6,64285596
Egypt,EGY,1995,65.2,5001.1,65652621
Egypt,EGY,1996,65.7,5293.1,67028045
Egypt,EGY,1997,66.2,5594.6,68431738
Egypt,EGY,1998,66.6,5884.8,69943297
Egypt,EGY,1999,67.0,6211.0,71520953
Egypt,EGY,2000,67.3,6593.5,73083287
Egypt,EGY,2001,67.6,6914.9,74652035
Egypt,EGY,2002,67.8,7142.7,76239140
Egypt,EGY,2003,68.0,7365.8,77853548
Egypt,EGY,2004,68.2,7661.9,79477441
Egypt,EGY,2005,68.4,8021.9,81101012
Egypt,EGY,2006,68.5,8509.6,82700404
Egypt,EGY,2007,68.6,9130.6,84276224
Egypt,EGY,2008,68.8,9698.0,85864791
Egypt,EGY,2009,68.9,10159.0,87501635
Egypt,EGY,2010,69.1,10719.3,89196073
Egypt,EGY,2011,69.2,10737.0,91093066
Egypt,EGY,2012,69.5,10774.5,93161000
Egypt,EGY,2013,69.6,10871.1,95333551
Egypt,EGY,2014,69.9,11135.7,97528655
Egypt,EGY,2015,70.1,11312.8,99597334
Egypt,EGY,2016,70.4,11458.4,101644583
Egypt,EGY,2017,70.7,11545.6,103696055
Egypt,EGY,2018,71.0,11895.3,105682092
Egypt,EGY,2019,71.2,12300.2,107553159
Egypt,EGY,2020,69.8,12234.5,109315118
Egypt,EGY,2021,69.0,12868.3,110957005
Egypt,EGY,2022,71.0,13205.4,112618252
El Salvador,SLV,1952,44.8,2472.0,2287960
El Salvador,SLV,1953,45.0,2577.0,2341981
El Salvador,SLV,1954,45.5,2536.0,2397832
El Salvador,SLV,1955,46.0,2590.0,2456598
El Salvador,SLV,1956,46.6,2715.0,2518179
El Salvador,SLV,1957,47.1,2775.0,2582514
El Salvador,SLV,1958,47.7,2751.0,2648670
El Salvador,SLV,1959,48.0,2788.0,2717539
El Salvador,SLV,1960,48.3,2813.0,2791448
El Salvador,SLV,1961,48.6,2821.0,2870022
El Salvador,SLV,1962,49.0,3062.0,2949211
El Salvador,SLV,1963,49.4,3096.0,3028678
El Salvador,SLV,1964,49.7,3282.0,3111893
El Salvador,SLV,1965,50.2,3351.0,3199474
El Salvador,SLV,1966,50.7,3464.0,3290962
El Salvador,SLV,1967,50.8,3534.0,3385192
El Salvador,SLV,1968,50.8,3524.0,3480775
El Salvador,SLV,1969,51.3,3520.0,3576488
El Salvador,SLV,1970,51.4,3488.0,3668799
El Salvador,SLV,1971,51.7,3553.0,3757531
El Salvador,SLV,1972,52.0,3668.0,3846835
El Salvador,SLV,1973,52.8,3767.0,3938073
El Salvador,SLV,1974,52.9,3912.0,4029675
El Salvador,SLV,1975,53.4,4030.0,4120451
El Salvador,SLV,1976,54.4,4084.0,4210312
El Salvador,SLV,1977,54.0,4221.0,4301259
El Salvador,SLV,1978,54.7,4375.0,4394126
El Salvador,SLV,1979,53.8,4194.0,4480389
El Salvador,SLV,1980,48.6,3781.0,4540377
El Salvador,SLV,1981,50.9,3507.0,4570602
El Salvador,SLV,1982,53.3,3339.0,4622478
El Salvador,SLV,1983,54.4,3330.0,4707368
El Salvador,SLV,1984,56.6,3357.0,4798003
El Salvador,SLV,1985,58.0,3366.0,4894703
El Salvador,SLV,1986,59.3,3327.0,4992772
El Salvador,SLV,1987,59.4,3351.0,5092443
El Salvador,SLV,1988,60.0,3344.0,5195828
El Salvador,SLV,1989,61.3,3322.0,5298977
El Salvador,SLV,1990,62.0,3378.0,5399728
El Salvador,SLV,1991,62.5,3493.6,5495081
El Salvador,SLV,1992,62.9,3750.5,5585611
El Salvador,SLV,1993,64.0,4053.0,5659959
El Salvador,SLV,1994,64.5,4316.4,5714138
El Salvador,SLV,1995,64.9,4592.3,5762135
El Salvador,SLV,1996,65.5,4671.3,5805286
El Salvador,SLV,1997,66.2,4882.7,5844578
El Salvador,SLV,1998,66.7,5077.9,5880786
El Salvador,SLV,1999,67.3,5263.9,5913908
El Salvador,SLV,2000,67.7,5403.7,5943363
El Salvador,SLV,2001,68.0,5550.2,5968058
El Salvador,SLV,2002,68.5,5751.1,5986629
El Salvador,SLV,2003,68.8,5957.2,5998597
El Salvador,SLV,2004,69.3,6146.0,6004673
El Salvador,SLV,2005,69.3,6441.5,6005583
El Salvador,SLV,2006,69.6,6782.2,6002321
El Salvador,SLV,2007,69.8,7139.2,6009820
El Salvador,SLV,2008,70.1,7312.7,6029302
El Salvador,SLV,2009,70.4,7166.2,6048284
El Salvador,SLV,2010,70.9,7351.1,6068253
El Salvador,SLV,2011,71.2,7607.0,6090128
El Salvador,SLV,2012,71.4,7726.0,6113977
El Salvador,SLV,2013,71.2,7845.0,6138845
El Salvador,SLV,2014,71.1,7935.0,6162952
El Salvador,SLV,2015,71.0,8109.0,6183675
El Salvador,SLV,2016,70.9,8289.3,6200808
El Salvador,SLV,2017,71.0,8454.2,6213538
El Salvador,SLV,2018,71.4,8644.8,6219803
El Salvador,SLV,2019,71.7,8849.8,6222316
El Salvador,SLV,2020,70.2,8138.0,6234679
El Salvador,SLV,2021,69.9,9017.4,6255780
El Salvador,SLV,2022,72.0,9218.9,6280316
Equatorial Guinea,GNQ,1952,40.6,845.0,234690
Equatorial Guinea,GNQ,1953,40.9,867.0,238805
Equatorial Guinea,GNQ,1954,41.1,901.0,242985
Equatorial Guinea,GNQ,1955,41.4,915.0,247228
Equatorial Guinea,GNQ,1956,41.7,940.0,251534
Equatorial Guinea,GNQ,1957,41.9,958.0,255931
Equatorial Guinea,GNQ,1958,42.2,974.0,260397
Equatorial Guinea,GNQ,1959,42.5,1015.0,265003
Equatorial Guinea,GNQ,1960,42.7,1101.0,269813
Equatorial Guinea,GNQ,1961,43.0,1191.0,274907
Equatorial Guinea,GNQ,1962,43.3,1310.0,280294
Equatorial Guinea,GNQ,1963,43.5,1486.0,285974
Equatorial Guinea,GNQ,1964,43.8,1690.0,291954
Equatorial Guinea,GNQ,1965,44.1,1898.0,298248
Equatorial Guinea,GNQ,1966,44.3,1953.0,304868
Equatorial Guinea,GNQ,1967,44.6,2058.0,311814
Equatorial Guinea,GNQ,1968,44.9,2102.0,318853
Equatorial Guinea,GNQ,1969,31.0,2015.0,322525
Equatorial Guinea,GNQ,1970,31.1,1934.0,320815
Equatorial Guinea,GNQ,1971,37.2,1989.0,315946
Equatorial Guinea,GNQ,1972,44.4,2007.0,309474
Equatorial Guinea,GNQ,1973,44.7,2204.0,302293
Equatorial Guinea,GNQ,1974,41.5,2466.0,294957
Equatorial Guinea,GNQ,1975,37.3,3080.0,287912
Equatorial Guinea,GNQ,1976,30.5,3453.0,281042
Equatorial Guinea,GNQ,1977,42.0,3668.0,276784
Equatorial Guinea,GNQ,1978,42.3,3451.0,276534
Equatorial Guinea,GNQ,1979,43.0,2882.0,279848
Equatorial Guinea,GNQ,1980,48.8,2613.0,288652
Equatorial Guinea,GNQ,1981,49.1,2603.0,303262
Equatorial Guinea,GNQ,1982,49.7,2533.0,322226
Equatorial Guinea,GNQ,1983,50.0,2534.0,343429
Equatorial Guinea,GNQ,1984,50.2,2437.0,364905
Equatorial Guinea,GNQ,1985,50.6,2662.0,385553
Equatorial Guinea,GNQ,1986,50.8,2534.0,404740
Equatorial Guinea,GNQ,1987,51.0,2579.0,422529
Equatorial Guinea,GNQ,1988,51.2,2577.0,439659
Equatorial Guinea,GNQ,1989,51.3,2479.0,456821
Equatorial Guinea,GNQ,1990,51.4,2474.0,474289
Equatorial Guinea,GNQ,1991,51.5,2427.9,492220
Equatorial Guinea,GNQ,1992,51.6,2690.6,510775
Equatorial Guinea,GNQ,1993,51.7,2880.2,530030
Equatorial Guinea,GNQ,1994,51.8,3081.2,550148
Equatorial Guinea,GNQ,1995,51.9,3364.6,571274
Equatorial Guinea,GNQ,1996,52.1,4426.3,593496
Equatorial Guinea,GNQ,1997,52.4,8445.6,616897
Equatorial Guinea,GNQ,1998,52.6,9712.2,641478
Equatorial Guinea,GNQ,1999,53.0,11690.1,667222
Equatorial Guinea,GNQ,2000,53.4,12914.9,703287
Equatorial Guinea,GNQ,2001,53.8,21167.7,749836
Equatorial Guinea,GNQ,2002,54.3,24845.0,797968
Equatorial Guinea,GNQ,2003,54.8,27571.2,847867
Equatorial Guinea,GNQ,2004,55.3,33419.9,899924
Equatorial Guinea,GNQ,2005,55.8,35569.7,947370
Equatorial Guinea,GNQ,2006,56.4,36615.7,990349
Equatorial Guinea,GNQ,2007,56.9,41277.8,1036053
Equatorial Guinea,GNQ,2008,57.4,47562.3,1084538
Equatorial Guinea,GNQ,2009,57.9,47161.3,1135683
Equatorial Guinea,GNQ,2010,58.3,42037.9,1189097
Equatorial Guinea,GNQ,2011,58.8,43841.0,1241843
Equatorial Guinea,GNQ,2012,59.3,46255.0,1293485
Equatorial Guinea,GNQ,2013,59.8,43209.0,1346220
Equatorial Guinea,GNQ,2014,60.2,41907.0,1399829
Equatorial Guinea,GNQ,2015,60.6,37822.0,1453925
Equatorial Guinea,GNQ,2016,61.1,33206.6,1508192
Equatorial Guinea,GNQ,2017,61.5,30206.9,1562401
Equatorial Guinea,GNQ,2018,61.9,27353.8,1616425
Equatorial Guinea,GNQ,2019,62.3,25006.3,1670184
Equatorial Guinea,GNQ,2020,62.1,23300.3,1716479
Equatorial Guinea,GNQ,2021,62.4,22537.5,1758796
Equatorial Guinea,GNQ,2022,63.4,22707.2,1803549
Eritrea,ERI,1952,34.0,,840352
Eritrea,ERI,1953,34.4,,854708
Eritrea,ERI,1954,34.8,,870030
Eritrea,ERI,1955,35.2,,886245
Eritrea,ERI,1956,35.6,,903421
Eritrea,ERI,1957,30.4,,918807
Eritrea,ERI,1958,30.9,,932595
Eritrea,ERI,1959,37.0,,950562
Eritrea,ERI,1960,37.4,,972558
Eritrea,ERI,1961,37.9,,995576
Eritrea,ERI,1962,38.3,,1019789
Eritrea,ERI,1963,38.8,,1045096
Eritrea,ERI,1964,39.2,,1071293
Eritrea,ERI,1965,39.6,,1098337
Eritrea,ERI,1966,37.6,,1124959
Eritrea,ERI,1967,40.2,,1152345
Eritrea,ERI,1968,40.5,,1181742
Eritrea,ERI,1969,40.8,,1212005
Eritrea,ERI,1970,41.2,,1243457
Eritrea,ERI,1971,41.5,,1276160
Eritrea,ERI,1972,40.7,,1309248
Eritrea,ERI,1973,41.1,,1342677
Eritrea,ERI,1974,39.0,,1375687
Eritrea,ERI,1975,39.0,,1408218
Eritrea,ERI,1976,42.6,,1443811
Eritrea,ERI,1977,43.0,,1482567
Eritrea,ERI,1978,43.4,,1522382
Eritrea,ERI,1979,43.8,,1563332
Eritrea,ERI,1980,44.6,,1605800
Eritrea,ERI,1981,45.0,,1649946
Eritrea,ERI,1982,44.9,,1695465
Eritrea,ERI,1983,37.2,,1736163
Eritrea,ERI,1984,37.7,,1771736
Eritrea,ERI,1985,38.6,,1807812
Eritrea,ERI,1986,39.5,,1845169
Eritrea,ERI,1987,47.4,,1888672
Eritrea,ERI,1988,48.1,,1938264
Eritrea,ERI,1989,47.8,,1987021
Eritrea,ERI,1990,49.7,,2032749
Eritrea,ERI,1991,50.5,,1919575
Eritrea,ERI,1992,52.4,,1798750
Eritrea,ERI,1993,53.2,,1856017
Eritrea,ERI,1994,54.0,,1913919
Eritrea,ERI,1995,54.8,,2025273
Eritrea,ERI,1996,55.5,,2128464
Eritrea,ERI,1997,56.2,,2152146
Eritrea,ERI,1998,50.0,,2180423
Eritrea,ERI,1999,44.5,,2212785
Eritrea,ERI,2000,56.3,,2247036
Eritrea,ERI,2001,58.4,,2312083
Eritrea,ERI,2002,58.9,,2392981
Eritrea,ERI,2003,59.5,,2493906
Eritrea,ERI,2004,60.1,,2598288
Eritrea,ERI,2005,60.6,,2661215
Eritrea,ERI,2006,61.5,,2703501
Eritrea,ERI,2007,62.0,,2743226
Eritrea,ERI,2008,62.4,,2816331
Eritrea,ERI,2009,63.2,,2887887
Eritrea,ERI,2010,63.7,,2945184
Eritrea,ERI,2011,64.2,,2998493
Eritrea,ERI,2012,64.7,,3036998
Eritrea,ERI,2013,65.0,,3074367
Eritrea,ERI,2014,65.5,,3095168
Eritrea,ERI,2015,65.9,,3105554
Eritrea,ERI,2016,66.2,,3124700
Eritrea,ERI,2017,66.6,,3150350
Eritrea,ERI,2018,67.0,,3192763
Eritrea,ERI,2019,67.3,,3240194
Eritrea,ERI,2020,67.0,,3291277
Eritrea,ERI,2021,66.9,,3350185
Eritrea,ERI,2022,67.8,,3409450
Estonia,EST,1952,67.2,,1129878
Estonia,EST,1953,67.5,,1142644
Estonia,EST,1954,67.8,,1154811
Estonia,EST,1955,68.2,,1166878
Estonia,EST,1956,68.5,,1178166
Estonia,EST,1957,68.8,,1188785
Estonia,EST,1958,68.8,,1200410
Estonia,EST,1959,68.7,,1209942
Estonia,EST,1960,69.3,,1220464
Estonia,EST,1961,69.6,,1235168
Estonia,EST,1962,69.8,,1249633
Estonia,EST,1963,69.9,,1263754
Estonia,EST,1964,70.6,,1278341
Estonia,EST,1965,70.7,,1292807
Estonia,EST,1966,70.7,,1306445
Estonia,EST,1967,71.0,,1320059
Estonia,EST,1968,70.6,,1334308
Estonia,EST,1969,70.3,,1348696
Estonia,EST,1970,70.4,,1361872
Estonia,EST,1971,70.6,,1374523
Estonia,EST,1972,70.4,,1387217
Estonia,EST,1973,70.7,13799.0,1399344
Estonia,EST,1974,70.8,,1411552
Estonia,EST,1975,70.1,,1423506
Estonia,EST,1976,69.7,,1434868
Estonia,EST,1977,69.8,,1446571
Estonia,EST,1978,69.7,,1458228
Estonia,EST,1979,69.4,,1468020
Estonia,EST,1980,69.5,15044.0,1476465
Estonia,EST,1981,69.3,15478.0,1485343
Estonia,EST,1982,69.9,15927.0,1494911
Estonia,EST,1983,69.8,16361.0,1505247
Estonia,EST,1984,69.6,16660.0,1515613
Estonia,EST,1985,69.8,16541.0,1525281
Estonia,EST,1986,70.9,16866.0,1535594
Estonia,EST,1987,70.9,16898.0,1547258
Estonia,EST,1988,71.0,17661.0,1559101
Estonia,EST,1989,70.5,18779.0,1567590
Estonia,EST,1990,69.9,17247.0,1570309
Estonia,EST,1991,69.8,15350.6,1565380
Estonia,EST,1992,69.2,13214.4,1540214
Estonia,EST,1993,68.2,12207.2,1504344
Estonia,EST,1994,66.7,12070.1,1475716
Estonia,EST,1995,67.8,12881.3,1452774
Estonia,EST,1996,70.0,13547.7,1434655
Estonia,EST,1997,70.2,15074.8,1421494
Estonia,EST,1998,69.8,15593.0,1411206
Estonia,EST,1999,70.7,15335.1,1403578
Estonia,EST,2000,71.0,16807.0,1397001
Estonia,EST,2001,70.8,17696.6,1388174
Estonia,EST,2002,71.4,18589.2,1379438
Estonia,EST,2003,71.9,19771.7,1370849
Estonia,EST,2004,72.4,20803.8,1362682
Estonia,EST,2005,73.0,22518.5,1354847
Estonia,EST,2006,73.2,24578.8,1346885
Estonia,EST,2007,73.2,26177.9,1340709
Estonia,EST,2008,74.3,24429.0,1337078
Estonia,EST,2009,75.2,20538.0,1334528
Estonia,EST,2010,75.9,20713.4,1331450
Estonia,EST,2011,76.3,21997.0,1327366
Estonia,EST,2012,76.4,22784.3,1322615
Estonia,EST,2013,77.3,23204.1,1317920
Estonia,EST,2014,77.1,23982.8,1314457
Estonia,EST,2015,77.7,24473.7,1314580
Estonia,EST,2016,77.8,25196.2,1315850
Estonia,EST,2017,78.2,26661.6,1317430
Estonia,EST,2018,78.3,27596.4,1321972
Estonia,EST,2019,78.8,28505.6,1326822
Estonia,EST,2020,78.9,28261.6,1329675
Estonia,EST,2021,77.4,30499.2,1331750
Estonia,EST,2022,78.2,30067.4,1350093
Eswatini,SWZ,1952,44.0,628.0,285637
Eswatini,SWZ,1953,44.3,638.0,292742
Eswatini,SWZ,1954,44.6,658.0,299943
Eswatini,SWZ,1955,44.8,663.0,307222
Eswatini,SWZ,1956,45.1,673.0,314620
Eswatini,SWZ,1957,45.4,682.0,322131
Eswatini,SWZ,1958,45.8,684.0,329770
Eswatini,SWZ,1959,46.1,706.0,337521
Eswatini,SWZ,1960,46.4,783.0,345339
Eswatini,SWZ,1961,46.7,861.0,353265
Eswatini,SWZ,1962,47.1,1017.0,361376
Eswatini,SWZ,1963,47.5,1047.0,369768
Eswatini,SWZ,1964,47.9,1172.0,378660
Eswatini,SWZ,1965,48.4,1320.0,388342
Eswatini,SWZ,1966,49.0,1341.0,398773
Eswatini,SWZ,1967,49.5,1431.0,409044
Eswatini,SWZ,1968,50.1,1329.0,419154
Eswatini,SWZ,1969,50.6,1350.0,429884
Eswatini,SWZ,1970,51.2,1704.0,441223
Eswatini,SWZ,1971,51.8,1722.0,453192
Eswatini,SWZ,1972,52.4,1889.0,465791
Eswatini,SWZ,1973,53.0,1902.0,479043
Eswatini,SWZ,1974,53.7,2204.0,493004
Eswatini,SWZ,1975,54.4,2856.0,507675
Eswatini,SWZ,1976,55.2,3142.0,523339
Eswatini,SWZ,1977,56.0,3083.0,540353
Eswatini,SWZ,1978,56.8,3030.0,558446
Eswatini,SWZ,1979,57.5,2990.0,577208
Eswatini,SWZ,1980,58.2,2946.0,596657
Eswatini,SWZ,1981,58.8,3049.0,616816
Eswatini,SWZ,1982,59.5,3005.0,637656
Eswatini,SWZ,1983,58.4,2888.0,658958
Eswatini,SWZ,1984,60.4,2858.0,680790
Eswatini,SWZ,1985,61.2,2812.0,706204
Eswatini,SWZ,1986,61.6,3210.0,734736
Eswatini,SWZ,1987,61.9,3403.0,763812
Eswatini,SWZ,1988,61.9,3492.0,799806
Eswatini,SWZ,1989,61.7,3668.0,837810
Eswatini,SWZ,1990,61.2,3881.0,872436
Eswatini,SWZ,1991,60.4,3851.3,908193
Eswatini,SWZ,1992,59.3,3901.4,943426
Eswatini,SWZ,1993,58.1,3982.3,971327
Eswatini,SWZ,1994,56.6,4134.2,971221
Eswatini,SWZ,1995,55.1,4383.7,970439
Eswatini,SWZ,1996,53.3,4514.5,989847
Eswatini,SWZ,1997,51.7,4620.9,1006647
Eswatini,SWZ,1998,50.1,4712.5,1019657
Eswatini,SWZ,1999,48.8,4827.3,1030785
Eswatini,SWZ,2000,47.6,4894.5,1041428
Eswatini,SWZ,2001,46.3,4976.9,1051066
Eswatini,SWZ,2002,45.4,5136.7,1059456
Eswatini,SWZ,2003,44.6,5377.6,1066706
Eswatini,SWZ,2004,43.9,5559.5,1073170
Eswatini,SWZ,2005,44.0,5867.2,1079022
Eswatini,SWZ,2006,44.6,6187.8,1084442
Eswatini,SWZ,2007,45.2,6467.8,1090713
Eswatini,SWZ,2008,45.9,6791.4,1098098
Eswatini,SWZ,2009,46.9,7011.1,1105158
Eswatini,SWZ,2010,48.3,7192.8,1111651
Eswatini,SWZ,2011,49.1,7389.0,1117845
Eswatini,SWZ,2012,50.7,7552.0,1123870
Eswatini,SWZ,2013,52.1,7805.0,1130000
Eswatini,SWZ,2014,53.5,7927.0,1136305
Eswatini,SWZ,2015,54.9,7969.0,1142822
Eswatini,SWZ,2016,56.2,7993.1,1149516
Eswatini,SWZ,2017,57.6,8092.3,1158198
Eswatini,SWZ,2018,58.7,8219.5,1168933
Eswatini,SWZ,2019,59.8,8375.4,1179885
Eswatini,SWZ,2020,59.9,8167.7,1192734
Eswatini,SWZ,2021,58.2,8725.7,1206598
Eswatini,SWZ,2022,63.0,8522.4,1218921
Ethiopia,ETH,1952,36.2,636.0,18326176
Ethiopia,ETH,1953,36.6,662.0,18674772
Ethiopia,ETH,1954,37.0,650.0,19038036
Ethiopia,ETH,1955,37.3,673.0,19419768
Ethiopia,ETH,1956,37.8,682.0,19818886
Ethiopia,ETH,1957,32.2,665.0,20173747
Ethiopia,ETH,1958,32.6,674.0,20480281
Ethiopia,ETH,1959,39.2,681.0,20878098
Ethiopia,ETH,1960,39.6,701.0,21376688
Ethiopia,ETH,1961,40.2,722.0,21906102
Ethiopia,ETH,1962,40.5,736.0,22465125
Ethiopia,ETH,1963,41.0,818.0,23051639
Ethiopia,ETH,1964,41.3,840.0,23666547
Ethiopia,ETH,1965,41.4,872.0,24310615
Ethiopia,ETH,1966,39.3,888.0,24952691
Ethiopia,ETH,1967,41.9,907.0,25620283
Ethiopia,ETH,1968,42.1,902.0,26337933
Ethiopia,ETH,1969,42.1,917.0,27072575
Ethiopia,ETH,1970,42.1,948.0,27829135
Ethiopia,ETH,1971,42.2,968.0,28600114
Ethiopia,ETH,1972,41.0,995.0,29374611
Ethiopia,ETH,1973,41.1,1004.0,30166789
Ethiopia,ETH,1974,39.1,993.0,30957277
Ethiopia,ETH,1975,38.9,972.0,31723255
Ethiopia,ETH,1976,41.3,974.0,32534428
Ethiopia,ETH,1977,41.4,977.0,33167276
Ethiopia,ETH,1978,41.5,952.0,33734601
Ethiopia,ETH,1979,42.4,999.0,34238655
Ethiopia,ETH,1980,42.8,1033.0,34428515
Ethiopia,ETH,1981,43.1,1009.0,35304010
Ethiopia,ETH,1982,43.4,980.0,36701293
Ethiopia,ETH,1983,36.3,999.0,37740821
Ethiopia,ETH,1984,36.7,956.0,38735728
Ethiopia,ETH,1985,37.7,880.0,39842136
Ethiopia,ETH,1986,38.4,920.0,41037658
Ethiopia,ETH,1987,45.9,980.0,42460039
Ethiopia,ETH,1988,45.7,969.0,44150834
Ethiopia,ETH,1989,45.6,956.0,45879686
Ethiopia,ETH,1990,45.1,915.0,47609760
Ethiopia,ETH,1991,46.7,810.8,49717203
Ethiopia,ETH,1992,47.3,708.4,51853756
Ethiopia,ETH,1993,47.7,699.2,53708892
Ethiopia,ETH,1994,47.9,731.8,55611514
Ethiopia,ETH,1995,48.2,744.1,57537340
Ethiopia,ETH,1996,48.7,783.0,59467640
Ethiopia,ETH,1997,49.2,815.1,61404541
Ethiopia,ETH,1998,49.8,786.3,63363523
Ethiopia,ETH,1999,49.5,761.9,65374561
Ethiopia,ETH,2000,50.9,771.7,67411496
Ethiopia,ETH,2001,51.4,783.9,69487767
Ethiopia,ETH,2002,52.1,793.9,71635521
Ethiopia,ETH,2003,52.9,764.5,73832664
Ethiopia,ETH,2004,53.7,771.5,76077211
Ethiopia,ETH,2005,54.4,829.2,78367476
Ethiopia,ETH,2006,55.4,880.7,80703495
Ethiopia,ETH,2007,56.6,936.4,83103218
Ethiopia,ETH,2008,57.7,990.0,85543670
Ethiopia,ETH,2009,58.7,1043.5,88007641
Ethiopia,ETH,2010,59.7,1106.4,90538518
Ethiopia,ETH,2011,60.6,1199.0,93149977
Ethiopia,ETH,2012,61.4,1291.8,95798771
Ethiopia,ETH,2013,62.2,1385.2,98438752
Ethiopia,ETH,2014,62.9,1488.9,101115615
Ethiopia,ETH,2015,63.6,1601.3,103867140
Ethiopia,ETH,2016,64.2,1722.3,106718163
Ethiopia,ETH,2017,64.8,1840.4,109666482
Ethiopia,ETH,2018,65.3,1936.8,112664157
Ethiopia,ETH,2019,65.7,2030.7,115737384
Ethiopia,ETH,2020,66.0,2121.9,118917670
Ethiopia,ETH,2021,65.3,2190.7,122138588
Ethiopia,ETH,2022,66.9,2289.4,125384285
Falkland Islands,FLK,1952,49.9,,2234
Falkland Islands,FLK,1953,50.3,,2232
Falkland Islands,FLK,1954,50.9,,2206
Falkland Islands,FLK,1955,51.3,,2206
Falkland Islands,FLK,1956,51.8,,2210
Falkland Islands,FLK,1957,52.3,,2221
Falkland Islands,FLK,1958,52.8,,2236
Falkland Islands,FLK,1959,53.2,,2263
Falkland Islands,FLK,1960,53.5,,2284
Falkland Islands,FLK,1961,53.8,,2309
Falkland Islands,FLK,1962,54.0,,2330
Falkland Islands,FLK,1963,54.2,,2325
Falkland Islands,FLK,1964,54.3,,2322
Falkland Islands,FLK,1965,54.5,,2315
Falkland Islands,FLK,1966,54.7,,2316
Falkland Islands,FLK,1967,54.8,,2308
Falkland Islands,FLK,1968,55.0,,2300
Falkland Islands,FLK,1969,55.2,,2299
Falkland Islands,FLK,1970,55.4,,2298
Falkland Islands,FLK,1971,55.6,,2295
Falkland Islands,FLK,1972,55.8,,2298
Falkland Islands,FLK,1973,56.0,,2302
Falkland Islands,FLK,1974,56.1,,2309
Falkland Islands,FLK,1975,56.2,,2316
Falkland Islands,FLK,1976,56.1,,2320
Falkland Islands,FLK,1977,55.8,,2314
Falkland Islands,FLK,1978,55.4,,2304
Falkland Islands,FLK,1979,54.7,,2284
Falkland Islands,FLK,1980,53.9,,2271
Falkland Islands,FLK,1981,53.1,,2268
Falkland Islands,FLK,1982,52.4,,2270
Falkland Islands,FLK,1983,51.8,,2268
Falkland Islands,FLK,1984,51.4,,2265
Falkland Islands,FLK,1985,51.2,,2259
Falkland Islands,FLK,1986,51.2,,2261
Falkland Islands,FLK,1987,51.3,,2280
Falkland Islands,FLK,1988,51.7,,2308
Falkland Islands,FLK,1989,52.4,,2339
Falkland Islands,FLK,1990,53.3,,2368
Falkland Islands,FLK,1991,54.6,,2417
Falkland Islands,FLK,1992,56.3,,2503
Falkland Islands,FLK,1993,58.2,,2596
Falkland Islands,FLK,1994,60.2,,2687
Falkland Islands,FLK,1995,62.4,,2789
Falkland Islands,FLK,1996,64.4,,2871
Falkland Islands,FLK,1997,66.4,,2929
Falkland Islands,FLK,1998,68.2,,2995
Falkland Islands,FLK,1999,69.8,,3055
Falkland Islands,FLK,2000,71.1,,3119
Falkland Islands,FLK,2001,72.3,,3167
Falkland Islands,FLK,2002,73.2,,3193
Falkland Islands,FLK,2003,74.0,,3212
Falkland Islands,FLK,2004,74.7,,3230
Falkland Islands,FLK,2005,75.3,,3242
Falkland Islands,FLK,2006,75.9,,3254
Falkland Islands,FLK,2007,76.5,,3249
Falkland Islands,FLK,2008,77.0,,3244
Falkland Islands,FLK,2009,77.4,,3233
Falkland Islands,FLK,2010,77.7,,3218
Falkland Islands,FLK,2011,78.0,,3205
Falkland Islands,FLK,2012,78.2,,3223
Falkland Islands,FLK,2013,78.3,,3291
Falkland Islands,FLK,2014,78.4,,3362
Falkland Islands,FLK,2015,78.4,,3432
Falkland Islands,FLK,2016,78.5,,3499
Falkland Islands,FLK,2017,78.5,,3541
Falkland Islands,FLK,2018,78.6,,3549
Falkland Islands,FLK,2019,78.6,,3541
Falkland Islands,FLK,2020,78.8,,3537
Falkland Islands,FLK,2021,79.0,,3524
Falkland Islands,FLK,2022,79.0,,3515
Faroe Islands,FRO,1952,62.7,,32038
Faroe Islands,FRO,1953,63.9,,32065
Faroe Islands,FRO,1954,65.2,,32094
Faroe Islands,FRO,1955,66.6,,32137
Faroe Islands,FRO,1956,68.0,,32349
Faroe Islands,FRO,1957,69.3,,32750
Faroe Islands,FRO,1958,70.4,,33195
Faroe Islands,FRO,1959,71.3,,33677
Faroe Islands,FRO,1960,72.0,,34150
Faroe Islands,FRO,1961,72.6,,34580
Faroe Islands,FRO,1962,73.1,,34988
Faroe Islands,FRO,1963,73.4,,35413
Faroe Islands,FRO,1964,73.7,,35866
Faroe Islands,FRO,1965,74.0,,36372
Faroe Islands,FRO,1966,74.2,,36840
Faroe Islands,FRO,1967,74.4,,37226
Faroe Islands,FRO,1968,74.6,,37586
Faroe Islands,FRO,1969,74.7,,37929
Faroe Islands,FRO,1970,74.8,,38294
Faroe Islands,FRO,1971,75.0,,38723
Faroe Islands,FRO,1972,75.1,,39199
Faroe Islands,FRO,1973,75.2,,39659
Faroe Islands,FRO,1974,75.2,,40134
Faroe Islands,FRO,1975,75.3,,40591
Faroe Islands,FRO,1976,75.4,,41045
Faroe Islands,FRO,1977,75.5,,41487
Faroe Islands,FRO,1978,75.6,,41989
Faroe Islands,FRO,1979,75.7,,42544
Faroe Islands,FRO,1980,75.8,,43092
Faroe Islands,FRO,1981,75.8,,43653
Faroe Islands,FRO,1982,75.9,,44193
Faroe Islands,FRO,1983,75.9,,44696
Faroe Islands,FRO,1984,76.0,,45168
Faroe Islands,FRO,1985,76.0,,45599
Faroe Islands,FRO,1986,76.2,,46028
Faroe Islands,FRO,1987,76.3,,46486
Faroe Islands,FRO,1988,76.5,,46981
Faroe Islands,FRO,1989,76.7,,47536
Faroe Islands,FRO,1990,76.9,,47525
Faroe Islands,FRO,1991,77.1,,46839
Faroe Islands,FRO,1992,77.3,,46043
Faroe Islands,FRO,1993,77.4,,45160
Faroe Islands,FRO,1994,77.5,,44195
Faroe Islands,FRO,1995,77.7,,43863
Faroe Islands,FRO,1996,77.8,,44203
Faroe Islands,FRO,1997,77.9,,44568
Faroe Islands,FRO,1998,78.0,,44920
Faroe Islands,FRO,1999,78.1,,45242
Faroe Islands,FRO,2000,78.3,,45687
Faroe Islands,FRO,2001,78.3,,46262
Faroe Islands,FRO,2002,78.4,,46852
Faroe Islands,FRO,2003,78.4,,47448
Faroe Islands,FRO,2004,78.4,,48041
Faroe Islands,FRO,2005,78.4,,48386
Faroe Islands,FRO,2006,78.4,,48456
Faroe Islands,FRO,2007,78.4,,48498
Faroe Islands,FRO,2008,78.5,,48528
Faroe Islands,FRO,2009,78.6,,48512
Faroe Islands,FRO,2010,78.7,,48191
Faroe Islands,FRO,2011,78.9,,47957
Faroe Islands,FRO,2012,79.0,,48113
Faroe Islands,FRO,2013,79.2,,48297
Faroe Islands,FRO,2014,79.3,,48515
Faroe Islands,FRO,2015,79.4,,48916
Faroe Islands,FRO,2016,79.6,,49554
Faroe Islands,FRO,2017,79.7,,50268
Faroe Islands,FRO,2018,79.8,,51062
Faroe Islands,FRO,2019,79.9,,51868
Faroe Islands,FRO,2020,80.0,,52615
Faroe Islands,FRO,2021,79.8,,53324
Faroe Islands,FRO,2022,79.3,,54039
Fiji,FJI,1952,52.6,,323374
Fiji,FJI,1953,53.4,,331225
Fiji,FJI,1954,54.2,,339754
Fiji,FJI,1955,55.3,,349084
Fiji,FJI,1956,56.2,,359218
Fiji,FJI,1957,57.1,,369923
Fiji,FJI,1958,57.8,,381079
Fiji,FJI,1959,58.2,,392770
Fiji,FJI,1960,58.6,,404901
Fiji,FJI,1961,59.1,,417418
Fiji,FJI,1962,59.7,,430550
Fiji,FJI,1963,60.2,,444288
Fiji,FJI,1964,60.7,,458333
Fiji,FJI,1965,61.4,,472583
Fiji,FJI,1966,61.6,,486493
Fiji,FJI,1967,61.4,,498881
Fiji,FJI,1968,61.7,,510008
Fiji,FJI,1969,61.4,,520805
Fiji,FJI,1970,61.7,,531198
Fiji,FJI,1971,61.7,,541132
Fiji,FJI,1972,61.6,,550508
Fiji,FJI,1973,60.6,,559232
Fiji,FJI,1974,61.2,,567498
Fiji,FJI,1975,61.7,,575919
Fiji,FJI,1976,62.1,,585544
Fiji,FJI,1977,62.7,,597811
Fiji,FJI,1978,63.1,,612101
Fiji,FJI,1979,62.3,,626876
Fiji,FJI,1980,62.4,,641985
Fiji,FJI,1981,62.3,,657473
Fiji,FJI,1982,62.2,,673422
Fiji,FJI,1983,62.9,,689845
Fiji,FJI,1984,63.2,,706722
Fiji,FJI,1985,64.0,,723767
Fiji,FJI,1986,64.0,,739320
Fiji,FJI,1987,64.3,,750551
Fiji,FJI,1988,65.0,,758707
Fiji,FJI,1989,65.4,,766331
Fiji,FJI,1990,65.1,,773325
Fiji,FJI,1991,65.5,,779666
Fiji,FJI,1992,65.4,,785349
Fiji,FJI,1993,65.5,,790380
Fiji,FJI,1994,65.8,,794779
Fiji,FJI,1995,66.0,,798750
Fiji,FJI,1996,66.2,,803788
Fiji,FJI,1997,66.3,,812145
Fiji,FJI,1998,66.5,,822259
Fiji,FJI,1999,66.7,,831835
Fiji,FJI,2000,66.2,,840913
Fiji,FJI,2001,66.2,,849606
Fiji,FJI,2002,65.5,,858057
Fiji,FJI,2003,65.7,,866297
Fiji,FJI,2004,65.8,,874369
Fiji,FJI,2005,66.0,,882384
Fiji,FJI,2006,66.1,,890370
Fiji,FJI,2007,66.2,,897843
Fiji,FJI,2008,66.3,,903403
Fiji,FJI,2009,66.3,,907248
Fiji,FJI,2010,66.8,,910427
Fiji,FJI,2011,66.9,,912991
Fiji,FJI,2012,65.8,,914920
Fiji,FJI,2013,66.5,,916359
Fiji,FJI,2014,66.6,,917589
Fiji,FJI,2015,66.5,,918585
Fiji,FJI,2016,66.7,,919167
Fiji,FJI,2017,67.1,,918762
Fiji,FJI,2018,67.0,,917185
Fiji,FJI,2019,67.0,,914906
Fiji,FJI,2020,66.9,,914971
Fiji,FJI,2021,64.9,,916718
Fiji,FJI,2022,67.1,,919428
Finland,FIN,1952,66.5,7450.0,4090839
Finland,FIN,1953,66.6,7415.0,4139764
Finland,FIN,1954,67.5,7973.0,4187256
Finland,FIN,1955,67.3,8284.0,4235197
Finland,FIN,1956,68.0,8440.0,4281930
Finland,FIN,1957,67.5,8751.0,4324192
Finland,FIN,1958,68.6,8725.0,4359882
Finland,FIN,1959,68.8,9172.0,4394750
Finland,FIN,1960,69.0,9931.0,4429631
Finland,FIN,1961,69.0,10613.0,4460998
Finland,FIN,1962,68.7,10869.0,4491739
Finland,FIN,1963,69.2,11148.0,4523897
Finland,FIN,1964,69.4,11647.0,4549092
Finland,FIN,1965,69.1,12226.0,4564150
Finland,FIN,1966,69.6,12471.0,4581446
Finland,FIN,1967,69.8,12667.0,4606642
Finland,FIN,1968,69.8,12900.0,4627352
Finland,FIN,1969,69.6,14151.0,4624083
Finland,FIN,1970,70.3,15266.0,4606308
Finland,FIN,1971,70.1,15565.0,4612135
Finland,FIN,1972,70.9,16654.0,4639548
Finland,FIN,1973,71.4,17669.0,4665909
Finland,FIN,1974,71.3,18109.0,4690366
Finland,FIN,1975,71.8,18237.0,4711172
Finland,FIN,1976,72.0,18104.0,4725340
Finland,FIN,1977,72.5,18100.0,4738581
Finland,FIN,1978,73.1,18425.0,4752243
Finland,FIN,1979,73.4,19657.0,4764437
Finland,FIN,1980,73.6,20640.0,4779358
Finland,FIN,1981,74.0,20935.0,4799849
Finland,FIN,1982,74.5,21495.0,4826884
Finland,FIN,1983,74.4,21944.0,4855791
Finland,FIN,1984,74.7,22486.0,4881827
Finland,FIN,1985,74.4,23148.0,4902262
Finland,FIN,1986,74.8,23621.0,4918256
Finland,FIN,1987,74.8,24519.0,4932257
Finland,FIN,1988,74.8,25644.0,4946629
Finland,FIN,1989,75.0,27012.0,4964525
Finland,FIN,1990,75.0,26884.0,4986576
Finland,FIN,1991,75.4,25174.9,5013889
Finland,FIN,1992,75.6,24219.8,5042145
Finland,FIN,1993,75.9,23943.7,5066594
Finland,FIN,1994,76.6,24797.7,5088454
Finland,FIN,1995,76.6,25761.6,5107919
Finland,FIN,1996,76.9,26637.3,5124715
Finland,FIN,1997,77.1,28239.9,5139927
Finland,FIN,1998,77.3,29715.3,5153545
Finland,FIN,1999,77.5,30986.9,5165516
Finland,FIN,2000,77.7,32689.8,5176197
Finland,FIN,2001,78.1,33481.7,5187970
Finland,FIN,2002,78.3,33986.6,5200548
Finland,FIN,2003,78.5,34607.2,5212958
Finland,FIN,2004,78.8,35888.6,5228147
Finland,FIN,2005,79.0,36787.3,5246078
Finland,FIN,2006,79.4,38160.7,5266248
Finland,FIN,2007,79.4,39998.5,5288715
Finland,FIN,2008,79.7,40129.7,5313379
Finland,FIN,2009,79.8,36662.6,5338854
Finland,FIN,2010,80.0,37615.1,5363347
Finland,FIN,2011,80.4,38432.0,5388236
Finland,FIN,2012,80.5,37715.0,5413978
Finland,FIN,2013,80.9,37203.1,5439057
Finland,FIN,2014,81.1,36907.9,5461686
Finland,FIN,2015,81.4,36986.7,5479719
Finland,FIN,2016,81.3,37924.2,5495468
Finland,FIN,2017,81.5,39043.2,5508398
Finland,FIN,2018,81.6,39430.9,5515730
Finland,FIN,2019,81.9,39874.8,5521754
Finland,FIN,2020,81.8,38871.7,5529616
Finland,FIN,2021,81.8,39977.9,5541069
Finland,FIN,2022,81.2,40701.5,5569300
France,FRA,1952,67.4,8869.0,42780274
France,FRA,1953,67.3,9060.0,43227873
France,FRA,1954,68.2,9428.0,43676898
France,FRA,1955,68.4,9881.0,44136093
France,FRA,1956,68.5,10278.0,44588525
France,FRA,1957,68.9,10779.0,45036374
France,FRA,1958,70.1,10927.0,45493502
France,FRA,1959,70.2,11124.0,45963766
France,FRA,1960,70.4,11792.0,46428136
France,FRA,1961,71.0,12302.0,46893841
France,FRA,1962,70.5,12859.0,47352626
France,FRA,1963,70.3,13330.0,47817823
France,FRA,1964,71.3,14057.0,48319087
France,FRA,1965,71.1,14609.0,48772824
France,FRA,1966,71.5,15213.0,49184651
France,FRA,1967,71.5,15792.0,49574907
France,FRA,1968,71.5,16365.0,49947252
France,FRA,1969,71.2,17352.0,50355300
France,FRA,1970,72.1,18187.0,50813071
France,FRA,1971,72.1,18881.0,51293056
France,FRA,1972,72.3,19549.0,51743877
France,FRA,1973,72.5,20441.0,52162210
France,FRA,1974,72.8,20902.0,52504744
France,FRA,1975,72.9,20653.0,52746324
France,FRA,1976,73.1,21465.0,52959120
France,FRA,1977,73.7,22177.0,53197133
France,FRA,1978,73.8,22698.0,53429668
France,FRA,1979,74.1,23326.0,53660898
France,FRA,1980,74.2,23537.0,53941061
France,FRA,1981,74.4,23655.0,54255004
France,FRA,1982,74.8,24120.0,54582405
France,FRA,1983,74.7,24300.0,54889407
France,FRA,1984,75.2,24519.0,55176626
France,FRA,1985,75.3,24755.0,55467153
France,FRA,1986,75.6,25238.0,55752833
France,FRA,1987,76.1,25756.0,56048366
France,FRA,1988,76.4,26763.0,56361846
France,FRA,1989,76.5,27576.0,56685081
France,FRA,1990,76.8,28129.0,56990239
France,FRA,1991,77.0,28294.3,57271564
France,FRA,1992,77.3,28619.8,57554867
France,FRA,1993,77.3,28336.2,57801261
France,FRA,1994,77.8,28908.0,57999868
France,FRA,1995,77.9,29418.9,58192207
France,FRA,1996,78.1,29736.6,58380638
France,FRA,1997,78.4,30341.8,58568662
France,FRA,1998,78.6,31323.1,58778817
France,FRA,1999,78.7,32284.6,59084209
France,FRA,2000,79.0,33409.7,59483716
France,FRA,2001,79.2,33920.1,59905131
France,FRA,2002,79.4,34152.8,60327247
France,FRA,2003,79.4,34292.0,60741119
France,FRA,2004,80.3,35093.8,61175244
France,FRA,2005,80.3,35495.5,61625031
France,FRA,2006,80.7,36166.2,62049831
France,FRA,2007,81.0,36845.7,62432438
France,FRA,2008,81.0,36761.8,62780187
France,FRA,2009,81.2,35534.9,63106460
France,FRA,2010,81.4,36086.7,63417366
France,FRA,2011,81.8,36691.0,63733776
France,FRA,2012,81.7,36625.9,64058465
France,FRA,2013,82.0,36647.2,64387736
France,FRA,2014,82.4,36818.5,64692495
France,FRA,2015,82.1,37077.9,64916337
France,FRA,2016,82.4,37343.8,65086853
France,FRA,2017,82.4,38037.3,65284775
France,FRA,2018,82.6,38555.5,65519537
France,FRA,2019,82.7,39084.7,65729460
France,FRA,2020,82.2,35913.8,65905273
France,FRA,2021,82.3,38242.1,66083547
France,FRA,2022,82.5,39065.7,66277412
French Guiana,GUF,1952,49.0,,24022
French Guiana,GUF,1953,49.5,,24351
French Guiana,GUF,1954,50.1,,24747
French Guiana,GUF,1955,50.7,,25454
French Guiana,GUF,1956,51.6,,26479
French Guiana,GUF,1957,52.6,,27563
French Guiana,GUF,1958,53.6,,28692
French Guiana,GUF,1959,54.7,,29873
French Guiana,GUF,1960,55.8,,31105
French Guiana,GUF,1961,56.9,,32400
French Guiana,GUF,1962,57.9,,33798
French Guiana,GUF,1963,58.9,,35331
French Guiana,GUF,1964,59.7,,36967
French Guiana,GUF,1965,60.5,,38700
French Guiana,GUF,1966,61.3,,40492
French Guiana,GUF,1967,61.9,,42255
French Guiana,GUF,1968,62.4,,43704
French Guiana,GUF,1969,62.9,,44949
French Guiana,GUF,1970,63.3,,46298
French Guiana,GUF,1971,63.7,,47739
French Guiana,GUF,1972,64.0,,49242
French Guiana,GUF,1973,64.4,,50753
French Guiana,GUF,1974,64.7,,52426
French Guiana,GUF,1975,65.0,,54481
French Guiana,GUF,1976,65.3,,56742
French Guiana,GUF,1977,65.5,,59050
French Guiana,GUF,1978,66.0,,61419
French Guiana,GUF,1979,66.6,,63854
French Guiana,GUF,1980,67.1,,66366
French Guiana,GUF,1981,67.6,,68956
French Guiana,GUF,1982,68.1,,72287
French Guiana,GUF,1983,68.6,,76583
French Guiana,GUF,1984,69.0,,81259
French Guiana,GUF,1985,69.4,,86115
French Guiana,GUF,1986,69.7,,91170
French Guiana,GUF,1987,70.0,,96427
French Guiana,GUF,1988,70.4,,101883
French Guiana,GUF,1989,70.6,,107580
French Guiana,GUF,1990,70.9,,112699
French Guiana,GUF,1991,71.0,,116988
French Guiana,GUF,1992,71.2,,121257
French Guiana,GUF,1993,71.5,,125658
French Guiana,GUF,1994,71.7,,130128
French Guiana,GUF,1995,71.9,,134644
French Guiana,GUF,1996,72.1,,139180
French Guiana,GUF,1997,72.2,,143736
French Guiana,GUF,1998,72.5,,148390
French Guiana,GUF,1999,72.7,,153752
French Guiana,GUF,2000,73.0,,160633
French Guiana,GUF,2001,73.3,,168544
French Guiana,GUF,2002,73.5,,176719
French Guiana,GUF,2003,73.6,,185101
French Guiana,GUF,2004,73.8,,193656
French Guiana,GUF,2005,74.1,,202452
French Guiana,GUF,2006,74.6,,210976
French Guiana,GUF,2007,75.0,,219123
French Guiana,GUF,2008,75.4,,226106
French Guiana,GUF,2009,75.6,,230715
French Guiana,GUF,2010,75.9,,234578
French Guiana,GUF,2011,76.0,,239525
French Guiana,GUF,2012,76.2,,245784
French Guiana,GUF,2013,76.5,,253250
French Guiana,GUF,2014,76.7,,260564
French Guiana,GUF,2015,76.6,,266377
French Guiana,GUF,2016,76.7,,271278
French Guiana,GUF,2017,76.8,,276158
French Guiana,GUF,2018,77.2,,280972
French Guiana,GUF,2019,76.6,,285574
French Guiana,GUF,2020,77.5,,289063
French Guiana,GUF,2021,74.2,,293023
French Guiana,GUF,2022,76.8,,298319
French Polynesia,PYF,1952,53.8,,67638
French Polynesia,PYF,1953,54.7,,69505
French Polynesia,PYF,1954,55.6,,71577
French Polynesia,PYF,1955,56.4,,73862
French Polynesia,PYF,1956,57.2,,76343
French Polynesia,PYF,1957,57.9,,78456
French Polynesia,PYF,1958,58.4,,80162
French Polynesia,PYF,1959,59.0,,81912
French Polynesia,PYF,1960,59.4,,83689
French Polynesia,PYF,1961,59.9,,85452
French Polynesia,PYF,1962,60.2,,87278
French Polynesia,PYF,1963,60.5,,89748
French Polynesia,PYF,1964,60.8,,92834
French Polynesia,PYF,1965,61.1,,96033
French Polynesia,PYF,1966,61.4,,99336
French Polynesia,PYF,1967,61.6,,102769
French Polynesia,PYF,1968,61.9,,106369
French Polynesia,PYF,1969,62.2,,110119
French Polynesia,PYF,1970,62.5,,114027
French Polynesia,PYF,1971,62.8,,117959
French Polynesia,PYF,1972,63.1,,121900
French Polynesia,PYF,1973,63.4,,125912
French Polynesia,PYF,1974,63.8,,129974
French Polynesia,PYF,1975,64.2,,134055
French Polynesia,PYF,1976,64.8,,138135
French Polynesia,PYF,1977,65.3,,142321
French Polynesia,PYF,1978,65.9,,146835
French Polynesia,PYF,1979,66.6,,151582
French Polynesia,PYF,1980,67.4,,156485
French Polynesia,PYF,1981,68.2,,161519
French Polynesia,PYF,1982,68.9,,166650
French Polynesia,PYF,1983,69.7,,171758
French Polynesia,PYF,1984,70.6,,176480
French Polynesia,PYF,1985,71.2,,181003
French Polynesia,PYF,1986,72.0,,185685
French Polynesia,PYF,1987,72.4,,190462
French Polynesia,PYF,1988,73.1,,195208
French Polynesia,PYF,1989,73.5,,199650
French Polynesia,PYF,1990,73.9,,203780
French Polynesia,PYF,1991,74.3,,207755
French Polynesia,PYF,1992,74.7,,211570
French Polynesia,PYF,1993,75.2,,215229
French Polynesia,PYF,1994,75.7,,218747
French Polynesia,PYF,1995,76.2,,222128
French Polynesia,PYF,1996,76.8,,225500
French Polynesia,PYF,1997,77.4,,229132
French Polynesia,PYF,1998,77.8,,232898
French Polynesia,PYF,1999,78.6,,236606
French Polynesia,PYF,2000,79.0,,240346
French Polynesia,PYF,2001,79.3,,244107
French Polynesia,PYF,2002,79.5,,247785
French Polynesia,PYF,2003,79.7,,251650
French Polynesia,PYF,2004,79.8,,255663
French Polynesia,PYF,2005,80.0,,259517
French Polynesia,PYF,2006,80.1,,263234
French Polynesia,PYF,2007,80.3,,266448
French Polynesia,PYF,2008,80.6,,268390
French Polynesia,PYF,2009,80.9,,269494
French Polynesia,PYF,2010,81.1,,270590
French Polynesia,PYF,2011,81.4,,271734
French Polynesia,PYF,2012,81.7,,273092
French Polynesia,PYF,2013,81.9,,274736
French Polynesia,PYF,2014,82.2,,276391
French Polynesia,PYF,2015,82.3,,277877
French Polynesia,PYF,2016,82.6,,279180
French Polynesia,PYF,2017,82.8,,280096
French Polynesia,PYF,2018,83.0,,279823
French Polynesia,PYF,2019,83.2,,279040
French Polynesia,PYF,2020,82.5,,279218
French Polynesia,PYF,2021,79.6,,279808
French Polynesia,PYF,2022,83.9,,280388
Gabon,GAB,1952,40.7,3143.0,478588
Gabon,GAB,1953,41.5,3237.0,481760
Gabon,GAB,1954,42.2,3335.0,485163
Gabon,GAB,1955,42.9,3437.0,488818
Gabon,GAB,1956,43.7,3539.0,492790
Gabon,GAB,1957,44.4,3642.0,497074
Gabon,GAB,1958,45.1,3749.0,501738
Gabon,GAB,1959,45.8,3857.0,506813
Gabon,GAB,1960,46.4,3982.0,512324
Gabon,GAB,1961,47.1,4415.0,518275
Gabon,GAB,1962,47.8,4497.0,524656
Gabon,GAB,1963,48.4,4599.0,531459
Gabon,GAB,1964,49.0,4616.0,538665
Gabon,GAB,1965,49.7,4626.0,546320
Gabon,GAB,1966,50.3,4761.0,554471
Gabon,GAB,1967,50.9,4882.0,563114
Gabon,GAB,1968,51.5,4927.0,572267
Gabon,GAB,1969,52.1,5252.0,583284
Gabon,GAB,1970,52.7,5587.0,595856
Gabon,GAB,1971,53.3,6027.0,608355
Gabon,GAB,1972,53.8,6559.0,620968
Gabon,GAB,1973,54.4,6935.0,634003
Gabon,GAB,1974,54.9,9083.0,647699
Gabon,GAB,1975,55.5,9985.0,662205
Gabon,GAB,1976,56.0,12747.0,677631
Gabon,GAB,1977,56.5,10849.0,693994
Gabon,GAB,1978,57.0,8013.0,711250
Gabon,GAB,1979,57.4,8091.0,729380
Gabon,GAB,1980,57.9,8402.0,748395
Gabon,GAB,1981,58.3,8625.0,768394
Gabon,GAB,1982,58.6,8099.0,789291
Gabon,GAB,1983,59.0,8281.0,811007
Gabon,GAB,1984,59.3,8612.0,833501
Gabon,GAB,1985,59.7,8131.0,856737
Gabon,GAB,1986,60.0,7818.0,880706
Gabon,GAB,1987,60.2,6320.0,905481
Gabon,GAB,1988,60.4,6982.0,931023
Gabon,GAB,1989,60.6,7422.0,957147
Gabon,GAB,1990,60.7,7646.0,983740
Gabon,GAB,1991,60.9,8296.6,1010821
Gabon,GAB,1992,61.0,8194.5,1038386
Gabon,GAB,1993,61.1,8551.1,1066404
Gabon,GAB,1994,61.2,9192.6,1094724
Gabon,GAB,1995,61.3,9834.0,1123212
Gabon,GAB,1996,61.3,10389.2,1152018
Gabon,GAB,1997,61.4,11202.8,1181445
Gabon,GAB,1998,61.5,11758.2,1211744
Gabon,GAB,1999,61.7,10648.1,1243023
Gabon,GAB,2000,61.8,10637.8,1275578
Gabon,GAB,2001,62.0,11104.6,1309594
Gabon,GAB,2002,62.2,11141.5,1345142
Gabon,GAB,2003,62.5,11665.8,1382354
Gabon,GAB,2004,62.7,12022.5,1421620
Gabon,GAB,2005,63.0,12438.0,1463503
Gabon,GAB,2006,63.3,12342.8,1508338
Gabon,GAB,2007,63.6,13455.6,1556242
Gabon,GAB,2008,64.0,13330.3,1607182
Gabon,GAB,2009,64.4,13617.9,1661567
Gabon,GAB,2010,64.7,14926.7,1719883
Gabon,GAB,2011,65.1,16403.0,1781987
Gabon,GAB,2012,65.4,16682.3,1846893
Gabon,GAB,2013,65.8,16964.4,1913061
Gabon,GAB,2014,66.1,17098.1,1978400
Gabon,GAB,2015,66.3,17180.0,2040990
Gabon,GAB,2016,66.6,16995.2,2100310
Gabon,GAB,2017,66.8,16576.2,2156902
Gabon,GAB,2018,67.0,16253.9,2212320
Gabon,GAB,2019,67.3,16449.7,2267711
Gabon,GAB,2020,67.1,15745.7,2322538
Gabon,GAB,2021,67.1,15597.8,2376729
Gabon,GAB,2022,67.7,15720.9,2430750
Gambia,GMB,1952,31.7,1022.0,322644
Gambia,GMB,1953,31.9,1036.0,331095
Gambia,GMB,1954,32.2,1068.0,339818
Gambia,GMB,1955,32.4,1074.0,348799
Gambia,GMB,1956,32.8,1086.0,358040
Gambia,GMB,1957,33.1,1097.0,367552
Gambia,GMB,1958,33.6,1097.0,377378
Gambia,GMB,1959,34.1,1129.0,387547
Gambia,GMB,1960,34.6,1167.0,398071
Gambia,GMB,1961,35.1,1318.0,408937
Gambia,GMB,1962,35.6,1262.0,420171
Gambia,GMB,1963,36.1,1232.0,431766
Gambia,GMB,1964,36.6,1274.0,443693
Gambia,GMB,1965,37.1,1368.0,455960
Gambia,GMB,1966,37.6,1545.0,468524
Gambia,GMB,1967,38.1,1548.0,481598
Gambia,GMB,1968,38.5,1519.0,495278
Gambia,GMB,1969,39.0,1629.0,509443
Gambia,GMB,1970,39.5,1422.0,524115
Gambia,GMB,1971,40.0,1376.0,539394
Gambia,GMB,1972,40.5,1334.0,555380
Gambia,GMB,1973,41.1,1411.0,572006
Gambia,GMB,1974,41.7,1452.0,589093
Gambia,GMB,1975,42.2,1497.0,606829
Gambia,GMB,1976,42.9,1436.0,625678
Gambia,GMB,1977,43.4,1417.0,645781
Gambia,GMB,1978,43.6,1446.0,667107
Gambia,GMB,1979,44.5,1360.0,689783
Gambia,GMB,1980,45.0,1325.0,713921
Gambia,GMB,1981,44.5,1521.0,739132
Gambia,GMB,1982,46.3,1581.0,765759
Gambia,GMB,1983,46.9,1482.0,794528
Gambia,GMB,1984,47.5,1462.0,825634
Gambia,GMB,1985,48.2,1451.0,858879
Gambia,GMB,1986,48.8,1422.0,894019
Gambia,GMB,1987,49.4,1406.0,931102
Gambia,GMB,1988,50.1,1417.0,970162
Gambia,GMB,1989,50.7,1407.0,1011367
Gambia,GMB,1990,51.3,1400.0,1054703
Gambia,GMB,1991,51.9,1390.7,1099960
Gambia,GMB,1992,52.5,1391.4,1145583
Gambia,GMB,1993,53.2,1385.6,1188372
Gambia,GMB,1994,53.8,1345.0,1227233
Gambia,GMB,1995,54.3,1317.2,1264320
Gambia,GMB,1996,54.8,1336.8,1301421
Gambia,GMB,1997,55.2,1308.5,1338898
Gambia,GMB,1998,56.0,1324.9,1376994
Gambia,GMB,1999,56.5,1385.6,1415786
Gambia,GMB,2000,56.9,1440.9,1455095
Gambia,GMB,2001,57.3,1495.1,1495023
Gambia,GMB,2002,57.7,1473.4,1535700
Gambia,GMB,2003,58.2,1479.0,1577619
Gambia,GMB,2004,58.7,1585.8,1621309
Gambia,GMB,2005,59.1,1541.6,1667035
Gambia,GMB,2006,59.7,1530.7,1715285
Gambia,GMB,2007,60.0,1557.8,1765778
Gambia,GMB,2008,60.5,1618.4,1817859
Gambia,GMB,2009,60.7,1692.6,1871428
Gambia,GMB,2010,61.2,1772.7,1926634
Gambia,GMB,2011,61.6,1669.0,1983785
Gambia,GMB,2012,61.9,1725.0,2043097
Gambia,GMB,2013,62.3,1767.0,2103825
Gambia,GMB,2014,62.6,1743.0,2164535
Gambia,GMB,2015,63.0,1786.0,2224530
Gambia,GMB,2016,63.4,1770.4,2283775
Gambia,GMB,2017,63.7,1805.9,2342191
Gambia,GMB,2018,64.0,1886.1,2399633
Gambia,GMB,2019,64.4,1952.3,2456847
Gambia,GMB,2020,64.4,1914.2,2515744
Gambia,GMB,2021,63.8,1964.5,2576015
Gambia,GMB,2022,64.9,2010.5,2636472
Georgia,GEO,1952,58.4,,3586787
Georgia,GEO,1953,58.8,,3633971
Georgia,GEO,1954,59.1,,3682725
Georgia,GEO,1955,59.5,,3734031
Georgia,GEO,1956,59.9,,3789583
Georgia,GEO,1957,60.2,,3849537
Georgia,GEO,1958,60.6,,3913631
Georgia,GEO,1959,61.0,,3981697
Georgia,GEO,1960,61.3,,4053800
Georgia,GEO,1961,61.7,,4129030
Georgia,GEO,1962,62.1,,4205705
Georgia,GEO,1963,62.5,,4282796
Georgia,GEO,1964,62.8,,4358325
Georgia,GEO,1965,63.1,,4429323
Georgia,GEO,1966,63.4,,4503023
Georgia,GEO,1967,63.8,,4582954
Georgia,GEO,1968,64.1,,4663584
Georgia,GEO,1969,64.5,,4743027
Georgia,GEO,1970,64.9,,4804060
Georgia,GEO,1971,65.2,,4843142
Georgia,GEO,1972,65.5,,4877271
Georgia,GEO,1973,65.9,9456.0,4911012
Georgia,GEO,1974,66.2,,4944639
Georgia,GEO,1975,66.5,,4979408
Georgia,GEO,1976,66.9,,5015923
Georgia,GEO,1977,67.2,,5053556
Georgia,GEO,1978,67.6,,5091795
Georgia,GEO,1979,67.9,,5128680
Georgia,GEO,1980,68.3,10519.0,5165546
Georgia,GEO,1981,68.7,11053.0,5205035
Georgia,GEO,1982,69.1,11611.0,5246476
Georgia,GEO,1983,69.1,12234.0,5290185
Georgia,GEO,1984,68.8,13128.0,5334255
Georgia,GEO,1985,69.0,13868.0,5376897
Georgia,GEO,1986,69.2,13839.0,5419131
Georgia,GEO,1987,69.2,13707.0,5461017
Georgia,GEO,1988,68.8,14665.0,5500241
Georgia,GEO,1989,68.6,14161.0,5499644
Georgia,GEO,1990,68.7,12140.0,5448865
Georgia,GEO,1991,68.2,9535.1,5379509
Georgia,GEO,1992,67.8,5286.9,5294186
Georgia,GEO,1993,67.4,3792.6,5178784
Georgia,GEO,1994,68.7,3463.5,5046267
Georgia,GEO,1995,69.4,3610.8,4925742
Georgia,GEO,1996,70.6,4030.9,4812774
Georgia,GEO,1997,69.7,4480.9,4695359
Georgia,GEO,1998,69.8,4619.9,4576447
Georgia,GEO,1999,70.0,4763.4,4455581
Georgia,GEO,2000,70.1,4891.7,4328361
Georgia,GEO,2001,70.4,5125.1,4209641
Georgia,GEO,2002,70.4,5407.0,4127854
Georgia,GEO,2003,71.4,6013.0,4085489
Georgia,GEO,2004,71.0,6342.7,4056076
Georgia,GEO,2005,70.7,6849.8,4026135
Georgia,GEO,2006,71.0,7398.1,3996584
Georgia,GEO,2007,71.0,8300.1,3967592
Georgia,GEO,2008,70.9,8461.9,3941192
Georgia,GEO,2009,71.1,8062.1,3918935
Georgia,GEO,2010,71.7,8443.4,3895932
Georgia,GEO,2011,72.5,8946.0,3868724
Georgia,GEO,2012,72.7,9497.1,3839208
Georgia,GEO,2013,73.0,9856.7,3809128
Georgia,GEO,2014,73.1,10307.6,3792921
Georgia,GEO,2015,73.2,10629.6,3791570
Georgia,GEO,2016,73.1,10945.5,3792061
Georgia,GEO,2017,73.4,11479.4,3792860
Georgia,GEO,2018,74.0,12035.7,3794881
Georgia,GEO,2019,74.2,12631.7,3796722
Georgia,GEO,2020,73.5,11770.8,3795680
Georgia,GEO,2021,71.6,12994.8,3788450
Georgia,GEO,2022,74.1,14360.4,3794782
Germany,DEU,1952,67.5,7257.0,69826948
Germany,DEU,1953,67.8,7818.0,69935116
Germany,DEU,1954,68.1,8364.0,70104621
Germany,DEU,1955,68.3,9240.0,70334149
Germany,DEU,1956,68.6,9846.0,70613897
Germany,DEU,1957,68.5,10348.0,71088145
Germany,DEU,1958,69.2,10739.0,71694674
Germany,DEU,1959,69.3,11440.0,72241718
Germany,DEU,1960,69.3,12282.0,72811635
Germany,DEU,1961,69.8,12675.0,73376114
Germany,DEU,1962,70.0,13106.0,73997000
Germany,DEU,1963,70.1,13367.0,74698003
Germany,DEU,1964,70.6,14062.0,75313480
Germany,DEU,1965,70.6,14642.0,75966968
Germany,DEU,1966,70.7,14964.0,76611025
Germany,DEU,1967,71.0,14979.0,76970794
Germany,DEU,1968,70.6,15723.0,77321280
Germany,DEU,1969,70.5,16641.0,77944022
Germany,DEU,1970,70.7,17277.0,78205103
Germany,DEU,1971,70.9,17657.0,78345876
Germany,DEU,1972,71.1,18301.0,78719924
Germany,DEU,1973,71.4,19074.0,78966975
Germany,DEU,1974,71.7,19228.0,78996691
Germany,DEU,1975,71.5,19193.0,78701861
Germany,DEU,1976,72.0,20218.0,78364503
Germany,DEU,1977,72.6,20837.0,78185560
Germany,DEU,1978,72.6,21447.0,78115357
Germany,DEU,1979,72.9,22305.0,78147898
Germany,DEU,1980,73.1,22497.0,78315373
Germany,DEU,1981,73.3,22553.0,78448044
Germany,DEU,1982,73.6,22380.0,78393670
Germany,DEU,1983,73.9,22840.0,78224137
Germany,DEU,1984,74.4,23564.0,77998197
Germany,DEU,1985,74.5,24133.0,77863423
Germany,DEU,1986,74.7,24657.0,77923806
Germany,DEU,1987,75.1,25027.0,78062321
Germany,DEU,1988,75.3,25759.0,78385992
Germany,DEU,1989,75.5,26393.0,79007062
Germany,DEU,1990,75.3,25391.0,79707963
Germany,DEU,1991,75.6,26770.0,80303190
Germany,DEU,1992,76.0,27385.1,80934901
Germany,DEU,1993,76.1,27250.7,81486771
Germany,DEU,1994,76.4,28140.1,81773613
Germany,DEU,1995,76.6,28868.9,82019890
Germany,DEU,1996,76.8,29350.0,82263195
Germany,DEU,1997,77.2,30186.9,82389631
Germany,DEU,1998,77.6,31129.6,82011933
Germany,DEU,1999,77.8,32087.6,81678279
Germany,DEU,2000,78.1,33367.3,81797255
Germany,DEU,2001,78.4,34260.3,81933882
Germany,DEU,2002,78.5,34590.9,82068328
Germany,DEU,2003,78.5,34716.4,82111619
Germany,DEU,2004,79.1,35528.7,82092706
Germany,DEU,2005,79.3,36205.6,82046733
Germany,DEU,2006,79.6,38014.1,81701971
Germany,DEU,2007,79.7,39752.2,81298546
Germany,DEU,2008,79.8,40715.4,81110780
Germany,DEU,2009,79.9,38962.9,80935276
Germany,DEU,2010,80.1,41109.6,80830916
Germany,DEU,2011,80.4,43189.0,80857877
Germany,DEU,2012,80.5,43288.3,80916391
Germany,DEU,2013,80.5,43359.1,81041581
Germany,DEU,2014,80.9,44132.8,81376078
Germany,DEU,2015,80.6,44405.2,82077546
Germany,DEU,2016,80.8,45030.5,82760102
Germany,DEU,2017,80.9,46065.1,83104010
Germany,DEU,2018,80.9,46377.4,83368507
Germany,DEU,2019,81.2,46761.9,83559184
Germany,DEU,2020,81.0,44996.4,83628711
Germany,DEU,2021,81.1,46159.0,83697080
Germany,DEU,2022,80.6,46647.8,84086227
Ghana,GHA,1952,44.0,1728.0,5387494
Ghana,GHA,1953,44.5,1916.0,5553969
Ghana,GHA,1954,45.0,2099.0,5729430
Ghana,GHA,1955,45.4,1913.0,5914933
Ghana,GHA,1956,45.7,1970.0,6109604
Ghana,GHA,1957,46.1,1978.0,6312498
Ghana,GHA,1958,46.4,1892.0,6520157
Ghana,GHA,1959,46.7,2106.0,6735545
Ghana,GHA,1960,46.9,2197.0,6961216
Ghana,GHA,1961,47.1,2212.0,7162672
Ghana,GHA,1962,47.3,2257.0,7337378
Ghana,GHA,1963,47.5,2270.0,7514721
Ghana,GHA,1964,47.6,2254.0,7695744
Ghana,GHA,1965,47.7,2220.0,7882609
Ghana,GHA,1966,47.7,2158.0,8074529
Ghana,GHA,1967,47.7,2134.0,8271924
Ghana,GHA,1968,47.8,2101.0,8475734
Ghana,GHA,1969,47.9,2112.0,8690384
Ghana,GHA,1970,47.9,2270.0,8925813
Ghana,GHA,1971,47.9,2377.0,9176264
Ghana,GHA,1972,48.3,2235.0,9438189
Ghana,GHA,1973,48.6,2227.0,9714615
Ghana,GHA,1974,48.9,2319.0,10000528
Ghana,GHA,1975,49.3,1988.0,10294312
Ghana,GHA,1976,49.7,1878.0,10594918
Ghana,GHA,1977,50.1,1882.0,10911869
Ghana,GHA,1978,50.5,2008.0,11248453
Ghana,GHA,1979,50.8,1929.0,11597251
Ghana,GHA,1980,51.1,1844.0,11941451
Ghana,GHA,1981,51.3,1820.0,12281722
Ghana,GHA,1982,51.4,1661.0,12643820
Ghana,GHA,1983,51.8,1487.0,13029841
Ghana,GHA,1984,52.2,1530.0,13370591
Ghana,GHA,1985,52.7,1559.0,13661237
Ghana,GHA,1986,53.3,1575.0,13965221
Ghana,GHA,1987,53.8,1605.0,14289110
Ghana,GHA,1988,54.4,1648.0,14636577
Ghana,GHA,1989,54.9,1685.0,15006814
Ghana,GHA,1990,55.4,1693.0,15394650
Ghana,GHA,1991,55.7,1742.6,15787495
Ghana,GHA,1992,56.1,1771.6,16184863
Ghana,GHA,1993,56.3,1791.1,16589521
Ghana,GHA,1994,56.2,1813.6,16993190
Ghana,GHA,1995,56.7,1856.6,17399023
Ghana,GHA,1996,57.0,1907.9,17810184
Ghana,GHA,1997,57.2,1964.9,18238961
Ghana,GHA,1998,57.5,2018.0,18688041
Ghana,GHA,1999,57.8,2066.7,19149875
Ghana,GHA,2000,58.1,2100.3,19637085
Ghana,GHA,2001,58.4,2143.1,20167073
Ghana,GHA,2002,58.7,2192.0,20729392
Ghana,GHA,2003,59.0,2256.8,21296710
Ghana,GHA,2004,59.3,2329.5,21868298
Ghana,GHA,2005,59.6,2411.3,22449446
Ghana,GHA,2006,60.0,2504.0,23040704
Ghana,GHA,2007,60.3,2553.2,23642284
Ghana,GHA,2008,60.6,2725.8,24249945
Ghana,GHA,2009,60.9,2793.9,24862667
Ghana,GHA,2010,61.3,2946.0,25475000
Ghana,GHA,2011,61.6,3283.0,26095091
Ghana,GHA,2012,62.0,3467.1,26734273
Ghana,GHA,2013,62.4,3621.6,27386193
Ghana,GHA,2014,62.8,3627.8,28041592
Ghana,GHA,2015,63.2,3610.6,28696071
Ghana,GHA,2016,63.5,3640.8,29356736
Ghana,GHA,2017,63.8,3841.9,30008364
Ghana,GHA,2018,64.1,3983.1,30637592
Ghana,GHA,2019,64.5,4143.4,31258943
Ghana,GHA,2020,64.3,4069.3,31887802
Ghana,GHA,2021,64.3,4190.6,32518662
Ghana,GHA,2022,65.2,4242.4,33149152
Gibraltar,GIB,1952,65.6,,21496
Gibraltar,GIB,1953,66.2,,21624
Gibraltar,GIB,1954,66.8,,21726
Gibraltar,GIB,1955,67.7,,21808
Gibraltar,GIB,1956,68.5,,21869
Gibraltar,GIB,1957,69.1,,21908
Gibraltar,GIB,1958,69.7,,21906
Gibraltar,GIB,1959,70.1,,21891
Gibraltar,GIB,1960,70.2,,21861
Gibraltar,GIB,1961,70.2,,21895
Gibraltar,GIB,1962,70.2,,22218
Gibraltar,GIB,1963,70.2,,22772
Gibraltar,GIB,1964,70.4,,23338
Gibraltar,GIB,1965,70.8,,23897
Gibraltar,GIB,1966,71.2,,24468
Gibraltar,GIB,1967,71.5,,25042
Gibraltar,GIB,1968,71.7,,25601
Gibraltar,GIB,1969,71.8,,26145
Gibraltar,GIB,1970,71.9,,26657
Gibraltar,GIB,1971,72.1,,27044
Gibraltar,GIB,1972,72.4,,27312
Gibraltar,GIB,1973,72.7,,27559
Gibraltar,GIB,1974,73.1,,27775
Gibraltar,GIB,1975,73.3,,27973
Gibraltar,GIB,1976,73.4,,28158
Gibraltar,GIB,1977,73.5,,28323
Gibraltar,GIB,1978,73.5,,28470
Gibraltar,GIB,1979,73.6,,28599
Gibraltar,GIB,1980,73.8,,28698
Gibraltar,GIB,1981,74.0,,28764
Gibraltar,GIB,1982,74.3,,28792
Gibraltar,GIB,1983,74.6,,28754
Gibraltar,GIB,1984,74.9,,28668
Gibraltar,GIB,1985,75.2,,28538
Gibraltar,GIB,1986,75.6,,28352
Gibraltar,GIB,1987,75.9,,28116
Gibraltar,GIB,1988,76.2,,27862
Gibraltar,GIB,1989,76.5,,27568
Gibraltar,GIB,1990,76.8,,27223
Gibraltar,GIB,1991,77.1,,26921
Gibraltar,GIB,1992,77.4,,26900
Gibraltar,GIB,1993,77.7,,27098
Gibraltar,GIB,1994,78.1,,27265
Gibraltar,GIB,1995,78.3,,27402
Gibraltar,GIB,1996,78.7,,27513
Gibraltar,GIB,1997,79.1,,27611
Gibraltar,GIB,1998,79.5,,27676
Gibraltar,GIB,1999,79.8,,27719
Gibraltar,GIB,2000,80.1,,27734
Gibraltar,GIB,2001,80.4,,27685
Gibraltar,GIB,2002,80.6,,27850
Gibraltar,GIB,2003,80.7,,28301
Gibraltar,GIB,2004,80.9,,28741
Gibraltar,GIB,2005,81.0,,29191
Gibraltar,GIB,2006,81.1,,29620
Gibraltar,GIB,2007,81.3,,30032
Gibraltar,GIB,2008,81.5,,30431
Gibraltar,GIB,2009,81.8,,30847
Gibraltar,GIB,2010,82.1,,31271
Gibraltar,GIB,2011,82.3,,31685
Gibraltar,GIB,2012,82.5,,32054
Gibraltar,GIB,2013,82.6,,32429
Gibraltar,GIB,2014,82.6,,32836
Gibraltar,GIB,2015,82.7,,33214
Gibraltar,GIB,2016,82.7,,33682
Gibraltar,GIB,2017,82.9,,34267
Gibraltar,GIB,2018,83.0,,34883
Gibraltar,GIB,2019,83.2,,35518
Gibraltar,GIB,2020,83.1,,36198
Gibraltar,GIB,2021,80.3,,36881
Gibraltar,GIB,2022,83.5,,37631
Greece,GRC,1952,67.3,3272.0,7775541
Greece,GRC,1953,67.5,3681.0,7841269
Greece,GRC,1954,68.0,3759.0,7910864
Greece,GRC,1955,68.6,4007.0,7984712
Greece,GRC,1956,68.1,4313.0,8060991
Greece,GRC,1957,68.4,4557.0,8136981
Greece,GRC,1958,69.7,4723.0,8214992
Greece,GRC,1959,69.6,4846.0,8297715
Greece,GRC,1960,70.5,5015.0,8384484
Greece,GRC,1961,70.4,5408.0,8447008
Greece,GRC,1962,70.3,5577.0,8473374
Greece,GRC,1963,70.6,6122.0,8488371
Greece,GRC,1964,70.5,6601.0,8504000
Greece,GRC,1965,71.5,7187.0,8521368
Greece,GRC,1966,71.9,7570.0,8579991
Greece,GRC,1967,71.4,7892.0,8655153
Greece,GRC,1968,71.5,8394.0,8717916
Greece,GRC,1969,72.1,9191.0,8747069
Greece,GRC,1970,72.7,9900.0,8747778
Greece,GRC,1971,72.9,10559.0,8787031
Greece,GRC,1972,72.7,11795.0,8849379
Greece,GRC,1973,73.0,12202.0,8893404
Greece,GRC,1974,73.5,11716.0,8929111
Greece,GRC,1975,73.5,12309.0,9016969
Greece,GRC,1976,73.7,12919.0,9160211
Greece,GRC,1977,73.8,13158.0,9282025
Greece,GRC,1978,74.4,13860.0,9389966
Greece,GRC,1979,74.7,14193.0,9526008
Greece,GRC,1980,74.5,14300.0,9653419
Greece,GRC,1981,74.9,14180.0,9754398
Greece,GRC,1982,75.2,14153.0,9837470
Greece,GRC,1983,75.5,14132.0,9911493
Greece,GRC,1984,75.8,14453.0,9978779
Greece,GRC,1985,76.1,14850.0,10037038
Greece,GRC,1986,76.5,15047.0,10088766
Greece,GRC,1987,76.1,14944.0,10134533
Greece,GRC,1988,77.0,15596.0,10177007
Greece,GRC,1989,77.1,16117.0,10218041
Greece,GRC,1990,77.3,15964.0,10258494
Greece,GRC,1991,77.4,16409.7,10306645
Greece,GRC,1992,77.3,16546.0,10359895
Greece,GRC,1993,77.7,16331.3,10412752
Greece,GRC,1994,77.9,16724.3,10466266
Greece,GRC,1995,77.9,17148.2,10519233
Greece,GRC,1996,78.0,17719.6,10570083
Greece,GRC,1997,78.4,18588.3,10622327
Greece,GRC,1998,78.3,19378.7,10675411
Greece,GRC,1999,78.4,20076.6,10727953
Greece,GRC,2000,78.4,20965.3,10782638
Greece,GRC,2001,78.9,21913.8,10843166
Greece,GRC,2002,79.0,22894.0,10890287
Greece,GRC,2003,79.1,24380.1,10918467
Greece,GRC,2004,79.4,25780.4,10947369
Greece,GRC,2005,79.7,26091.5,10981340
Greece,GRC,2006,79.8,27731.1,11016107
Greece,GRC,2007,79.7,28822.9,11045737
Greece,GRC,2008,80.1,28907.9,11076874
Greece,GRC,2009,80.4,27839.9,11108067
Greece,GRC,2010,80.6,26517.5,11124666
Greece,GRC,2011,80.6,24349.0,11108838
Greece,GRC,2012,80.4,22746.2,11048291
Greece,GRC,2013,81.1,22335.3,10967534
Greece,GRC,2014,81.1,22591.6,10893169
Greece,GRC,2015,80.8,22696.2,10820902
Greece,GRC,2016,81.3,22679.8,10775506
Greece,GRC,2017,81.0,22972.9,10753532
Greece,GRC,2018,81.5,23403.6,10730846
Greece,GRC,2019,81.3,23869.8,10718581
Greece,GRC,2020,81.5,21767.2,10699370
Greece,GRC,2021,80.5,23732.2,10579561
Greece,GRC,2022,79.9,25283.9,10412481
Greenland,GRL,1952,42.8,,24194
Greenland,GRL,1953,44.7,,24827
Greenland,GRL,1954,46.7,,25518
Greenland,GRL,1955,48.8,,26283
Greenland,GRL,1956,51.1,,27199
Greenland,GRL,1957,53.5,,28285
Greenland,GRL,1958,55.6,,29457
Greenland,GRL,1959,57.2,,30746
Greenland,GRL,1960,58.5,,32123
Greenland,GRL,1961,59.4,,33435
Greenland,GRL,1962,59.9,,34667
Greenland,GRL,1963,60.3,,35923
Greenland,GRL,1964,60.7,,37225
Greenland,GRL,1965,61.2,,38583
Greenland,GRL,1966,61.7,,39990
Greenland,GRL,1967,62.2,,41421
Greenland,GRL,1968,62.7,,42801
Greenland,GRL,1969,63.0,,44159
Greenland,GRL,1970,63.0,,45485
Greenland,GRL,1971,63.0,,46519
Greenland,GRL,1972,62.7,,47279
Greenland,GRL,1973,62.4,,48000
Greenland,GRL,1974,62.0,,48647
Greenland,GRL,1975,61.7,,49189
Greenland,GRL,1976,61.7,,49612
Greenland,GRL,1977,61.7,,49776
Greenland,GRL,1978,61.8,,49771
Greenland,GRL,1979,62.0,,49802
Greenland,GRL,1980,62.2,,50130
Greenland,GRL,1981,62.3,,50732
Greenland,GRL,1982,62.5,,51354
Greenland,GRL,1983,62.6,,51987
Greenland,GRL,1984,62.7,,52632
Greenland,GRL,1985,62.8,,53234
Greenland,GRL,1986,62.9,,53759
Greenland,GRL,1987,62.9,,54280
Greenland,GRL,1988,63.0,,54819
Greenland,GRL,1989,63.1,,55333
Greenland,GRL,1990,63.2,,55650
Greenland,GRL,1991,63.5,,55740
Greenland,GRL,1992,63.8,,55769
Greenland,GRL,1993,64.1,,55780
Greenland,GRL,1994,63.9,,55766
Greenland,GRL,1995,64.2,,55857
Greenland,GRL,1996,64.3,,56020
Greenland,GRL,1997,64.5,,56115
Greenland,GRL,1998,64.7,,56175
Greenland,GRL,1999,65.1,,56148
Greenland,GRL,2000,65.6,,56228
Greenland,GRL,2001,66.3,,56433
Greenland,GRL,2002,67.0,,56617
Greenland,GRL,2003,67.6,,56781
Greenland,GRL,2004,67.5,,56926
Greenland,GRL,2005,67.8,,56969
Greenland,GRL,2006,68.1,,56901
Greenland,GRL,2007,68.3,,56807
Greenland,GRL,2008,68.4,,56683
Greenland,GRL,2009,68.4,,56547
Greenland,GRL,2010,68.5,,56634
Greenland,GRL,2011,68.8,,56853
Greenland,GRL,2012,69.4,,56797
Greenland,GRL,2013,69.8,,56532
Greenland,GRL,2014,70.1,,56195
Greenland,GRL,2015,70.2,,56048
Greenland,GRL,2016,70.4,,56082
Greenland,GRL,2017,70.4,,56094
Greenland,GRL,2018,70.4,,56100
Greenland,GRL,2019,70.3,,56109
Greenland,GRL,2020,70.2,,56105
Greenland,GRL,2021,70.0,,56065
Greenland,GRL,2022,70.1,,56014
Grenada,GRD,1952,54.8,,78952
Grenada,GRD,1953,55.7,,80229
Grenada,GRD,1954,56.7,,81795
Grenada,GRD,1955,57.8,,83657
Grenada,GRD,1956,59.0,,85817
Grenada,GRD,1957,60.3,,88168
Grenada,GRD,1958,61.4,,90432
Grenada,GRD,1959,62.4,,92449
Grenada,GRD,1960,63.1,,94074
Grenada,GRD,1961,63.6,,95347
Grenada,GRD,1962,63.8,,96393
Grenada,GRD,1963,63.8,,97212
Grenada,GRD,1964,64.2,,97772
Grenada,GRD,1965,64.8,,98081
Grenada,GRD,1966,65.6,,98137
Grenada,GRD,1967,66.5,,98079
Grenada,GRD,1968,66.9,,98097
Grenada,GRD,1969,67.0,,98220
Grenada,GRD,1970,66.9,,98431
Grenada,GRD,1971,66.9,,98659
Grenada,GRD,1972,67.2,,98793
Grenada,GRD,1973,67.6,,98723
Grenada,GRD,1974,67.9,,98501
Grenada,GRD,1975,68.0,,98144
Grenada,GRD,1976,67.9,,97655
Grenada,GRD,1977,67.9,,97031
Grenada,GRD,1978,67.9,,96322
Grenada,GRD,1979,67.9,,95507
Grenada,GRD,1980,68.1,,94554
Grenada,GRD,1981,68.3,,94066
Grenada,GRD,1982,68.6,,94399
Grenada,GRD,1983,64.3,,94963
Grenada,GRD,1984,69.1,,95518
Grenada,GRD,1985,69.3,,96124
Grenada,GRD,1986,69.6,,96807
Grenada,GRD,1987,69.8,,97537
Grenada,GRD,1988,70.0,,98323
Grenada,GRD,1989,70.3,,99133
Grenada,GRD,1990,70.5,,99973
Grenada,GRD,1991,70.8,,100806
Grenada,GRD,1992,71.1,,101618
Grenada,GRD,1993,71.4,,102398
Grenada,GRD,1994,71.8,,103150
Grenada,GRD,1995,72.1,,103890
Grenada,GRD,1996,72.4,,104599
Grenada,GRD,1997,72.6,,105309
Grenada,GRD,1998,72.8,,106023
Grenada,GRD,1999,72.9,,106744
Grenada,GRD,2000,73.0,,107466
Grenada,GRD,2001,73.0,,107998
Grenada,GRD,2002,73.1,,108414
Grenada,GRD,2003,73.3,,108895
Grenada,GRD,2004,72.4,,109338
Grenada,GRD,2005,73.7,,109744
Grenada,GRD,2006,73.9,,110149
Grenada,GRD,2007,74.2,,110532
Grenada,GRD,2008,74.4,,110911
Grenada,GRD,2009,74.6,,111266
Grenada,GRD,2010,74.7,,111600
Grenada,GRD,2011,74.9,,112093
Grenada,GRD,2012,75.0,,112792
Grenada,GRD,2013,75.0,,113499
Grenada,GRD,2014,75.0,,114148
Grenada,GRD,2015,75.0,,114691
Grenada,GRD,2016,75.0,,115147
Grenada,GRD,2017,75.0,,115448
Grenada,GRD,2018,75.0,,115703
Grenada,GRD,2019,75.0,,115995
Grenada,GRD,2020,75.0,,116353
Grenada,GRD,2021,74.5,,116696
Grenada,GRD,2022,75.2,,116928
Guadeloupe,GLP,1952,54.2,,225645
Guadeloupe,GLP,1953,55.0,,231981
Guadeloupe,GLP,1954,56.1,,238396
Guadeloupe,GLP,1955,57.3,,244795
Guadeloupe,GLP,1956,57.6,,251286
Guadeloupe,GLP,1957,58.4,,257978
Guadeloupe,GLP,1958,59.3,,264886
Guadeloupe,GLP,1959,60.3,,272044
Guadeloupe,GLP,1960,61.1,,279439
Guadeloupe,GLP,1961,61.6,,286403
Guadeloupe,GLP,1962,62.3,,292012
Guadeloupe,GLP,1963,62.7,,296544
Guadeloupe,GLP,1964,62.6,,300628
Guadeloupe,GLP,1965,63.2,,304581
Guadeloupe,GLP,1966,63.1,,308512
Guadeloupe,GLP,1967,63.4,,312159
Guadeloupe,GLP,1968,63.6,,314900
Guadeloupe,GLP,1969,64.2,,316750
Guadeloupe,GLP,1970,64.7,,318118
Guadeloupe,GLP,1971,65.1,,319086
Guadeloupe,GLP,1972,65.6,,319678
Guadeloupe,GLP,1973,66.1,,320008
Guadeloupe,GLP,1974,66.7,,320574
Guadeloupe,GLP,1975,67.2,,322469
Guadeloupe,GLP,1976,67.8,,325311
Guadeloupe,GLP,1977,68.5,,327718
Guadeloupe,GLP,1978,68.9,,329313
Guadeloupe,GLP,1979,69.4,,330398
Guadeloupe,GLP,1980,69.9,,331218
Guadeloupe,GLP,1981,70.4,,332515
Guadeloupe,GLP,1982,70.9,,335826
Guadeloupe,GLP,1983,71.4,,341393
Guadeloupe,GLP,1984,71.8,,347996
Guadeloupe,GLP,1985,72.2,,354895
Guadeloupe,GLP,1986,72.6,,361927
Guadeloupe,GLP,1987,73.0,,368959
Guadeloupe,GLP,1988,73.3,,376001
Guadeloupe,GLP,1989,73.6,,382812
Guadeloupe,GLP,1990,73.9,,388820
Guadeloupe,GLP,1991,74.3,,393787
Guadeloupe,GLP,1992,74.6,,398165
Guadeloupe,GLP,1993,74.9,,402324
Guadeloupe,GLP,1994,75.2,,406330
Guadeloupe,GLP,1995,75.5,,410191
Guadeloupe,GLP,1996,75.9,,413932
Guadeloupe,GLP,1997,76.2,,417595
Guadeloupe,GLP,1998,76.4,,420476
Guadeloupe,GLP,1999,76.7,,420943
Guadeloupe,GLP,2000,77.1,,419565
Guadeloupe,GLP,2001,77.3,,417844
Guadeloupe,GLP,2002,77.8,,415762
Guadeloupe,GLP,2003,78.2,,413418
Guadeloupe,GLP,2004,78.3,,410859
Guadeloupe,GLP,2005,78.2,,408085
Guadeloupe,GLP,2006,78.4,,407230
Guadeloupe,GLP,2007,79.1,,408303
Guadeloupe,GLP,2008,79.7,,408987
Guadeloupe,GLP,2009,79.7,,408998
Guadeloupe,GLP,2010,80.1,,408815
Guadeloupe,GLP,2011,80.5,,409063
Guadeloupe,GLP,2012,81.0,,409153
Guadeloupe,GLP,2013,80.8,,408367
Guadeloupe,GLP,2014,81.2,,406652
Guadeloupe,GLP,2015,81.3,,403950
Guadeloupe,GLP,2016,81.6,,404642
Guadeloupe,GLP,2017,81.8,,412701
Guadeloupe,GLP,2018,81.4,,415184
Guadeloupe,GLP,2019,81.4,,410266
Guadeloupe,GLP,2020,80.6,,407401
Guadeloupe,GLP,2021,78.2,,399157
Guadeloupe,GLP,2022,80.9,,384702
Guam,GUM,1952,60.2,,61896
Guam,GUM,1953,60.5,,62553
Guam,GUM,1954,60.9,,63286
Guam,GUM,1955,61.2,,64099
Guam,GUM,1956,61.5,,64985
Guam,GUM,1957,61.9,,65959
Guam,GUM,1958,62.2,,67006
Guam,GUM,1959,62.6,,68112
Guam,GUM,1960,62.9,,69543
Guam,GUM,1961,63.2,,71322
Guam,GUM,1962,63.3,,73211
Guam,GUM,1963,63.8,,75105
Guam,GUM,1964,64.1,,77021
Guam,GUM,1965,64.4,,78946
Guam,GUM,1966,64.6,,80860
Guam,GUM,1967,64.9,,82732
Guam,GUM,1968,65.2,,84580
Guam,GUM,1969,65.5,,86421
Guam,GUM,1970,65.8,,88380
Guam,GUM,1971,66.1,,90475
Guam,GUM,1972,66.5,,92630
Guam,GUM,1973,66.9,,94794
Guam,GUM,1974,67.5,,96952
Guam,GUM,1975,68.0,,99071
Guam,GUM,1976,68.3,,101177
Guam,GUM,1977,69.0,,103310
Guam,GUM,1978,69.6,,105439
Guam,GUM,1979,70.1,,107657
Guam,GUM,1980,70.7,,110154
Guam,GUM,1981,71.2,,112917
Guam,GUM,1982,71.7,,115729
Guam,GUM,1983,72.1,,118518
Guam,GUM,1984,72.6,,121316
Guam,GUM,1985,73.1,,124133
Guam,GUM,1986,73.3,,126981
Guam,GUM,1987,73.5,,129867
Guam,GUM,1988,73.4,,132816
Guam,GUM,1989,73.5,,135812
Guam,GUM,1990,73.5,,138623
Guam,GUM,1991,73.5,,141093
Guam,GUM,1992,73.6,,143400
Guam,GUM,1993,74.0,,145670
Guam,GUM,1994,74.3,,147882
Guam,GUM,1995,74.5,,150064
Guam,GUM,1996,74.6,,152178
Guam,GUM,1997,74.7,,154225
Guam,GUM,1998,74.8,,156244
Guam,GUM,1999,74.8,,158297
Guam,GUM,2000,74.9,,160078
Guam,GUM,2001,75.2,,161339
Guam,GUM,2002,75.5,,162326
Guam,GUM,2003,75.9,,163146
Guam,GUM,2004,76.1,,163815
Guam,GUM,2005,76.4,,164373
Guam,GUM,2006,76.5,,164848
Guam,GUM,2007,76.4,,165278
Guam,GUM,2008,76.2,,165704
Guam,GUM,2009,76.1,,166189
Guam,GUM,2010,76.1,,166533
Guam,GUM,2011,76.2,,166554
Guam,GUM,2012,76.2,,166348
Guam,GUM,2013,76.4,,165979
Guam,GUM,2014,76.4,,165492
Guam,GUM,2015,76.4,,164914
Guam,GUM,2016,76.4,,164240
Guam,GUM,2017,76.5,,163501
Guam,GUM,2018,76.6,,162689
Guam,GUM,2019,76.6,,161819
Guam,GUM,2020,75.5,,162167
Guam,GUM,2021,75.4,,163741
Guam,GUM,2022,77.1,,165193
Guatemala,GTM,1952,38.9,3226.0,3261653
Guatemala,GTM,1953,39.5,3239.0,3348816
Guatemala,GTM,1954,40.1,3194.0,3439109
Guatemala,GTM,1955,40.7,3170.0,3533311
Guatemala,GTM,1956,41.3,3347.0,3631180
Guatemala,GTM,1957,41.9,3424.0,3732743
Guatemala,GTM,1958,43.1,3470.0,3837036
Guatemala,GTM,1959,44.3,3524.0,3946497
Guatemala,GTM,1960,45.8,3496.0,4063659
Guatemala,GTM,1961,46.1,3532.0,4186205
Guatemala,GTM,1962,46.5,3543.0,4312050
Guatemala,GTM,1963,46.6,3762.0,4440271
Guatemala,GTM,1964,47.1,3814.0,4571105
Guatemala,GTM,1965,47.2,3900.0,4704973
Guatemala,GTM,1966,47.5,4033.0,4840960
Guatemala,GTM,1967,47.7,4114.0,4978867
Guatemala,GTM,1968,47.8,4385.0,5118119
Guatemala,GTM,1969,47.5,4497.0,5257088
Guatemala,GTM,1970,48.5,4653.0,5396972
Guatemala,GTM,1971,50.3,4801.0,5538359
Guatemala,GTM,1972,51.8,5037.0,5682834
Guatemala,GTM,1973,52.8,5255.0,5831640
Guatemala,GTM,1974,53.0,5461.0,5981201
Guatemala,GTM,1975,52.8,5439.0,6128733
Guatemala,GTM,1976,47.6,5705.0,6262409
Guatemala,GTM,1977,55.2,6005.0,6401516
Guatemala,GTM,1978,56.4,6156.0,6561540
Guatemala,GTM,1979,56.6,6298.0,6727798
Guatemala,GTM,1980,55.3,6384.0,6900215
Guatemala,GTM,1981,54.7,6256.0,7075648
Guatemala,GTM,1982,48.9,5903.0,7240249
Guatemala,GTM,1983,57.9,5585.0,7419642
Guatemala,GTM,1984,59.1,5469.0,7630682
Guatemala,GTM,1985,59.8,5292.0,7849691
Guatemala,GTM,1986,60.3,5136.0,8070818
Guatemala,GTM,1987,61.0,5098.0,8296488
Guatemala,GTM,1988,61.5,5086.0,8532104
Guatemala,GTM,1989,61.7,5144.0,8775549
Guatemala,GTM,1990,61.8,5165.0,9024775
Guatemala,GTM,1991,61.9,5166.6,9272592
Guatemala,GTM,1992,62.0,5303.6,9522265
Guatemala,GTM,1993,62.4,5383.0,9779760
Guatemala,GTM,1994,63.0,5414.5,10043713
Guatemala,GTM,1995,63.7,5501.0,10312999
Guatemala,GTM,1996,64.5,5511.9,10583528
Guatemala,GTM,1997,65.2,5601.2,10857754
Guatemala,GTM,1998,66.0,5730.6,11139147
Guatemala,GTM,1999,66.6,5824.9,11422977
Guatemala,GTM,2000,67.1,5860.3,11697592
Guatemala,GTM,2001,67.4,5882.7,11969423
Guatemala,GTM,2002,67.8,5980.2,12246923
Guatemala,GTM,2003,68.2,6004.1,12525843
Guatemala,GTM,2004,68.2,6070.2,12807409
Guatemala,GTM,2005,68.2,6130.5,13087637
Guatemala,GTM,2006,68.8,6305.8,13367455
Guatemala,GTM,2007,69.3,6545.8,13652042
Guatemala,GTM,2008,69.5,6604.7,13935172
Guatemala,GTM,2009,69.7,6488.6,14215614
Guatemala,GTM,2010,69.9,6526.5,14500118
Guatemala,GTM,2011,70.3,6650.0,14792123
Guatemala,GTM,2012,70.7,6718.3,15089639
Guatemala,GTM,2013,70.9,6813.4,15387339
Guatemala,GTM,2014,70.9,6978.1,15681725
Guatemala,GTM,2015,70.9,7127.0,15971745
Guatemala,GTM,2016,71.2,7186.7,16268761
Guatemala,GTM,2017,71.6,7279.7,16567363
Guatemala,GTM,2018,71.5,7399.2,16845688
Guatemala,GTM,2019,71.6,7565.8,17103803
Guatemala,GTM,2020,70.0,7309.4,17357331
Guatemala,GTM,2021,67.9,7764.7,17598652
Guatemala,GTM,2022,71.2,7969.4,17847877
Guernsey,GGY,1952,72.7,,46117
Guernsey,GGY,1953,71.5,,46231
Guernsey,GGY,1954,73.1,,46335
Guernsey,GGY,1955,71.6,,46418
Guernsey,GGY,1956,75.9,,46517
Guernsey,GGY,1957,72.6,,46683
Guernsey,GGY,1958,73.6,,46843
Guernsey,GGY,1959,73.9,,47005
Guernsey,GGY,1960,75.2,,47191
Guernsey,GGY,1961,72.9,,47502
Guernsey,GGY,1962,73.6,,48016
Guernsey,GGY,1963,73.8,,48644
Guernsey,GGY,1964,73.1,,49312
Guernsey,GGY,1965,72.2,,49996
Guernsey,GGY,1966,73.7,,50676
Guernsey,GGY,1967,73.4,,51387
Guernsey,GGY,1968,72.4,,52137
Guernsey,GGY,1969,72.4,,52884
Guernsey,GGY,1970,72.6,,53658
Guernsey,GGY,1971,73.0,,54181
Guernsey,GGY,1972,72.9,,54307
Guernsey,GGY,1973,74.2,,54329
Guernsey,GGY,1974,73.6,,54351
Guernsey,GGY,1975,73.6,,54297
Guernsey,GGY,1976,73.6,,54218
Guernsey,GGY,1977,74.1,,54163
Guernsey,GGY,1978,74.4,,54110
Guernsey,GGY,1979,74.3,,54045
Guernsey,GGY,1980,75.5,,53956
Guernsey,GGY,1981,74.7,,54055
Guernsey,GGY,1982,72.4,,54374
Guernsey,GGY,1983,76.2,,54778
Guernsey,GGY,1984,76.2,,55238
Guernsey,GGY,1985,76.0,,55724
Guernsey,GGY,1986,76.0,,56265
Guernsey,GGY,1987,76.4,,56873
Guernsey,GGY,1988,76.7,,57523
Guernsey,GGY,1989,77.6,,58212
Guernsey,GGY,1990,76.6,,58921
Guernsey,GGY,1991,76.8,,59404
Guernsey,GGY,1992,77.8,,59534
Guernsey,GGY,1993,76.8,,59524
Guernsey,GGY,1994,77.0,,59487
Guernsey,GGY,1995,78.1,,59403
Guernsey,GGY,1996,78.1,,59415
Guernsey,GGY,1997,78.7,,59580
Guernsey,GGY,1998,79.2,,59802
Guernsey,GGY,1999,80.3,,60048
Guernsey,GGY,2000,79.4,,60295
Guernsey,GGY,2001,79.5,,60484
Guernsey,GGY,2002,79.6,,60611
Guernsey,GGY,2003,79.7,,60704
Guernsey,GGY,2004,80.4,,60806
Guernsey,GGY,2005,80.7,,60897
Guernsey,GGY,2006,81.2,,61015
Guernsey,GGY,2007,81.3,,61126
Guernsey,GGY,2008,81.6,,61255
Guernsey,GGY,2009,81.9,,61390
Guernsey,GGY,2010,82.3,,61539
Guernsey,GGY,2011,82.6,,61699
Guernsey,GGY,2012,82.4,,61881
Guernsey,GGY,2013,82.8,,62045
Guernsey,GGY,2014,83.0,,62188
Guernsey,GGY,2015,82.7,,62259
Guernsey,GGY,2016,82.6,,62216
Guernsey,GGY,2017,82.3,,62214
Guernsey,GGY,2018,82.7,,62458
Guernsey,GGY,2019,83.3,,62808
Guernsey,GGY,2020,83.3,,63128
Guernsey,GGY,2021,82.0,,63436
Guernsey,GGY,2022,83.1,,63750
Guinea,GIN,1952,35.7,550.0,3111689
Guinea,GIN,1953,35.8,563.0,3162520
Guinea,GIN,1954,35.9,587.0,3214564
Guinea,GIN,1955,36.0,598.0,3267862
Guinea,GIN,1956,36.1,610.0,3322503
Guinea,GIN,1957,36.2,622.0,3378657
Guinea,GIN,1958,36.4,630.0,3436437
Guinea,GIN,1959,36.5,655.0,3495776
Guinea,GIN,1960,36.6,671.0,3556756
Guinea,GIN,1961,36.8,703.0,3619554
Guinea,GIN,1962,37.0,741.0,3684278
Guinea,GIN,1963,37.2,689.0,3750961
Guinea,GIN,1964,37.4,720.0,3819729
Guinea,GIN,1965,37.7,756.0,3890724
Guinea,GIN,1966,38.0,759.0,3964159
Guinea,GIN,1967,38.2,767.0,4040156
Guinea,GIN,1968,38.5,776.0,4118553
Guinea,GIN,1969,38.8,784.0,4198302
Guinea,GIN,1970,39.1,795.0,4277540
Guinea,GIN,1971,39.4,822.0,4355205
Guinea,GIN,1972,39.7,826.0,4431293
Guinea,GIN,1973,39.9,821.0,4506326
Guinea,GIN,1974,40.2,848.0,4580513
Guinea,GIN,1975,40.6,854.0,4653877
Guinea,GIN,1976,41.0,905.0,4727031
Guinea,GIN,1977,41.4,858.0,4801129
Guinea,GIN,1978,41.9,897.0,4877853
Guinea,GIN,1979,42.3,869.0,4959287
Guinea,GIN,1980,42.8,872.0,5047423
Guinea,GIN,1981,43.3,859.0,5143296
Guinea,GIN,1982,43.9,858.0,5247672
Guinea,GIN,1983,44.2,850.0,5359815
Guinea,GIN,1984,44.9,824.0,5480098
Guinea,GIN,1985,45.3,821.0,5610369
Guinea,GIN,1986,45.7,819.0,5750669
Guinea,GIN,1987,46.1,826.0,5900199
Guinea,GIN,1988,46.5,856.0,6056575
Guinea,GIN,1989,46.9,869.0,6215816
Guinea,GIN,1990,47.3,861.0,6434383
Guinea,GIN,1991,47.8,827.0,6697167
Guinea,GIN,1992,48.3,833.2,6914370
Guinea,GIN,1993,48.8,862.7,7128174
Guinea,GIN,1994,49.2,882.5,7345106
Guinea,GIN,1995,49.8,906.3,7553252
Guinea,GIN,1996,50.5,927.1,7770035
Guinea,GIN,1997,51.1,976.5,7931371
Guinea,GIN,1998,51.6,1010.8,8081993
Guinea,GIN,1999,52.0,1031.4,8265121
Guinea,GIN,2000,52.4,1046.6,8428837
Guinea,GIN,2001,52.7,1090.7,8539963
Guinea,GIN,2002,53.2,1148.5,8674072
Guinea,GIN,2003,53.6,1146.3,8870790
Guinea,GIN,2004,54.0,1159.8,9062724
Guinea,GIN,2005,54.4,1186.6,9245844
Guinea,GIN,2006,54.9,1188.5,9441174
Guinea,GIN,2007,55.2,1253.4,9662278
Guinea,GIN,2008,55.7,1290.4,9898870
Guinea,GIN,2009,56.1,1255.2,10143540
Guinea,GIN,2010,56.4,1291.7,10396090
Guinea,GIN,2011,56.8,1347.0,10656812
Guinea,GIN,2012,57.1,1397.0,10921580
Guinea,GIN,2013,57.5,1421.0,11191874
Guinea,GIN,2014,57.6,1399.0,11472921
Guinea,GIN,2015,57.9,1364.0,11767077
Guinea,GIN,2016,58.5,1473.0,12073031
Guinea,GIN,2017,58.7,1583.5,12385668
Guinea,GIN,2018,59.0,1642.1,12704776
Guinea,GIN,2019,59.4,1690.9,13034349
Guinea,GIN,2020,59.3,1726.5,13371185
Guinea,GIN,2021,59.4,1769.9,13710515
Guinea,GIN,2022,60.4,1809.3,14055136
Guinea-Bissau,GNB,1952,36.1,516.0,553920
Guinea-Bissau,GNB,1953,36.3,547.0,557634
Guinea-Bissau,GNB,1954,36.4,652.0,560983
Guinea-Bissau,GNB,1955,36.6,622.0,564074
Guinea-Bissau,GNB,1956,36.8,703.0,566981
Guinea-Bissau,GNB,1957,37.0,744.0,569752
Guinea-Bissau,GNB,1958,37.1,762.0,572426
Guinea-Bissau,GNB,1959,37.3,765.0,575035
Guinea-Bissau,GNB,1960,37.6,800.0,577634
Guinea-Bissau,GNB,1961,37.8,851.0,582546
Guinea-Bissau,GNB,1962,38.0,899.0,589479
Guinea-Bissau,GNB,1963,35.6,932.0,594426
Guinea-Bissau,GNB,1964,35.8,1027.0,588550
Guinea-Bissau,GNB,1965,35.9,1097.0,575012
Guinea-Bissau,GNB,1966,36.1,1165.0,566915
Guinea-Bissau,GNB,1967,36.3,1232.0,569016
Guinea-Bissau,GNB,1968,36.7,1270.0,578180
Guinea-Bissau,GNB,1969,37.0,1333.0,581625
Guinea-Bissau,GNB,1970,37.3,1395.0,584409
Guinea-Bissau,GNB,1971,37.5,1333.0,586230
Guinea-Bissau,GNB,1972,37.8,1412.0,586632
Guinea-Bissau,GNB,1973,38.2,1411.0,592815
Guinea-Bissau,GNB,1974,41.6,1458.0,613346
Guinea-Bissau,GNB,1975,41.9,1479.0,650972
Guinea-Bissau,GNB,1976,42.3,1443.0,694194
Guinea-Bissau,GNB,1977,42.6,1317.0,741796
Guinea-Bissau,GNB,1978,42.9,1465.0,791693
Guinea-Bissau,GNB,1979,43.2,1468.0,819878
Guinea-Bissau,GNB,1980,43.6,1207.0,829314
Guinea-Bissau,GNB,1981,43.9,1173.0,842436
Guinea-Bissau,GNB,1982,44.3,1195.0,855899
Guinea-Bissau,GNB,1983,44.6,1129.0,869596
Guinea-Bissau,GNB,1984,44.9,1162.0,883528
Guinea-Bissau,GNB,1985,45.3,1184.0,897707
Guinea-Bissau,GNB,1986,45.5,1146.0,912129
Guinea-Bissau,GNB,1987,45.8,1183.0,926872
Guinea-Bissau,GNB,1988,46.3,1235.0,942065
Guinea-Bissau,GNB,1989,46.6,1259.0,957792
Guinea-Bissau,GNB,1990,46.9,1270.0,973678
Guinea-Bissau,GNB,1991,47.2,1282.7,994640
Guinea-Bissau,GNB,1992,47.5,1287.3,1024365
Guinea-Bissau,GNB,1993,47.8,1280.3,1058755
Guinea-Bissau,GNB,1994,47.8,1284.9,1092037
Guinea-Bissau,GNB,1995,48.5,1310.2,1119950
Guinea-Bissau,GNB,1996,48.8,1337.5,1143544
Guinea-Bissau,GNB,1997,48.0,1388.1,1165550
Guinea-Bissau,GNB,1998,48.1,1130.8,1187478
Guinea-Bissau,GNB,1999,48.5,1256.1,1210211
Guinea-Bissau,GNB,2000,50.6,1230.6,1234747
Guinea-Bissau,GNB,2001,51.1,1233.1,1261281
Guinea-Bissau,GNB,2002,51.6,1196.2,1289317
Guinea-Bissau,GNB,2003,52.2,1181.9,1318809
Guinea-Bissau,GNB,2004,52.8,1194.7,1349569
Guinea-Bissau,GNB,2005,52.9,1226.6,1381590
Guinea-Bissau,GNB,2006,54.1,1233.8,1415315
Guinea-Bissau,GNB,2007,54.9,1252.6,1450989
Guinea-Bissau,GNB,2008,55.3,1270.7,1488059
Guinea-Bissau,GNB,2009,56.3,1292.0,1526384
Guinea-Bissau,GNB,2010,57.0,1329.4,1566352
Guinea-Bissau,GNB,2011,57.7,1413.0,1608084
Guinea-Bissau,GNB,2012,58.3,1361.0,1651425
Guinea-Bissau,GNB,2013,58.9,1378.0,1695980
Guinea-Bissau,GNB,2014,59.5,1355.0,1741126
Guinea-Bissau,GNB,2015,60.1,1393.0,1786461
Guinea-Bissau,GNB,2016,60.6,1443.4,1831898
Guinea-Bissau,GNB,2017,61.1,1492.0,1877074
Guinea-Bissau,GNB,2018,61.7,1511.9,1922167
Guinea-Bissau,GNB,2019,62.2,1543.4,1967704
Guinea-Bissau,GNB,2020,61.3,1531.3,2013259
Guinea-Bissau,GNB,2021,61.7,1593.8,2058841
Guinea-Bissau,GNB,2022,63.6,1625.4,2105535
Guyana,GUY,1952,51.3,,441249
Guyana,GUY,1953,52.4,,454563
Guyana,GUY,1954,53.3,,468986
Guyana,GUY,1955,54.1,,484374
Guyana,GUY,1956,55.2,,500583
Guyana,GUY,1957,56.1,,517510
Guyana,GUY,1958,56.4,,535076
Guyana,GUY,1959,57.0,,553074
Guyana,GUY,1960,57.5,,569156
Guyana,GUY,1961,57.9,,582581
Guyana,GUY,1962,58.3,,595468
Guyana,GUY,1963,58.6,,608542
Guyana,GUY,1964,59.0,,621774
Guyana,GUY,1965,59.1,,635135
Guyana,GUY,1966,59.3,,648654
Guyana,GUY,1967,59.5,,662316
Guyana,GUY,1968,59.7,,676171
Guyana,GUY,1969,59.8,,690229
Guyana,GUY,1970,60.0,,702714
Guyana,GUY,1971,60.1,,712672
Guyana,GUY,1972,60.1,,721630
Guyana,GUY,1973,60.2,,730149
Guyana,GUY,1974,60.3,,738063
Guyana,GUY,1975,60.4,,745407
Guyana,GUY,1976,60.4,,752258
Guyana,GUY,1977,60.6,,758659
Guyana,GUY,1978,60.6,,764594
Guyana,GUY,1979,60.7,,770067
Guyana,GUY,1980,60.8,,774372
Guyana,GUY,1981,60.9,,776461
Guyana,GUY,1982,61.0,,776718
Guyana,GUY,1983,61.2,,775897
Guyana,GUY,1984,61.3,,774119
Guyana,GUY,1985,61.4,,771484
Guyana,GUY,1986,61.5,,768104
Guyana,GUY,1987,61.7,,764125
Guyana,GUY,1988,61.8,,759674
Guyana,GUY,1989,62.1,,754873
Guyana,GUY,1990,62.3,,749891
Guyana,GUY,1991,62.5,,747870
Guyana,GUY,1992,62.8,,749919
Guyana,GUY,1993,63.0,,752969
Guyana,GUY,1994,63.0,,755821
Guyana,GUY,1995,62.7,,758395
Guyana,GUY,1996,62.7,,760535
Guyana,GUY,1997,62.9,,762250
Guyana,GUY,1998,63.4,,763596
Guyana,GUY,1999,63.8,,764490
Guyana,GUY,2000,64.1,,764836
Guyana,GUY,2001,64.4,,764484
Guyana,GUY,2002,64.2,,763657
Guyana,GUY,2003,64.1,,763107
Guyana,GUY,2004,64.2,,762424
Guyana,GUY,2005,64.4,,760922
Guyana,GUY,2006,64.8,,758976
Guyana,GUY,2007,65.5,,756874
Guyana,GUY,2008,65.7,,754614
Guyana,GUY,2009,66.0,,752097
Guyana,GUY,2010,66.2,,749259
Guyana,GUY,2011,66.5,,746161
Guyana,GUY,2012,66.4,,746296
Guyana,GUY,2013,66.7,,750020
Guyana,GUY,2014,67.3,,754231
Guyana,GUY,2015,67.7,,758783
Guyana,GUY,2016,68.1,,763553
Guyana,GUY,2017,68.5,,768483
Guyana,GUY,2018,68.8,,791563
Guyana,GUY,2019,69.1,,807668
Guyana,GUY,2020,67.8,,807486
Guyana,GUY,2021,64.3,,815484
Guyana,GUY,2022,69.9,,821638
Haiti,HTI,1952,38.8,1860.0,3366271
Haiti,HTI,1953,39.5,1771.0,3419842
Haiti,HTI,1954,40.1,1884.0,3475540
Haiti,HTI,1955,41.0,1776.0,3533747
Haiti,HTI,1956,41.6,1897.0,3594808
Haiti,HTI,1957,42.1,1752.0,3657822
Haiti,HTI,1958,42.6,1855.0,3722713
Haiti,HTI,1959,43.0,1734.0,3789692
Haiti,HTI,1960,43.4,1809.0,3858447
Haiti,HTI,1961,43.8,1702.0,3929036
Haiti,HTI,1962,44.2,1828.0,4001578
Haiti,HTI,1963,42.7,1675.0,4073068
Haiti,HTI,1964,44.9,1604.0,4146245
Haiti,HTI,1965,45.4,1588.0,4223822
Haiti,HTI,1966,45.6,1546.0,4302647
Haiti,HTI,1967,46.1,1482.0,4383003
Haiti,HTI,1968,46.5,1510.0,4465327
Haiti,HTI,1969,46.9,1527.0,4549340
Haiti,HTI,1970,47.3,1567.0,4635126
Haiti,HTI,1971,47.6,1651.0,4723251
Haiti,HTI,1972,47.9,1635.0,4813866
Haiti,HTI,1973,48.2,1678.0,4906746
Haiti,HTI,1974,48.5,1742.0,5001803
Haiti,HTI,1975,48.7,1726.0,5099095
Haiti,HTI,1976,49.0,1835.0,5198354
Haiti,HTI,1977,49.2,1808.0,5299480
Haiti,HTI,1978,49.5,1859.0,5402580
Haiti,HTI,1979,49.7,1959.0,5507590
Haiti,HTI,1980,50.0,2063.0,5614494
Haiti,HTI,1981,50.3,1964.0,5723727
Haiti,HTI,1982,50.6,1855.0,5835939
Haiti,HTI,1983,50.9,1835.0,5951101
Haiti,HTI,1984,51.3,1803.0,6069238
Haiti,HTI,1985,51.6,1776.0,6190868
Haiti,HTI,1986,51.9,1729.0,6316123
Haiti,HTI,1987,52.2,1682.0,6445125
Haiti,HTI,1988,52.6,1701.0,6578150
Haiti,HTI,1989,52.9,1619.0,6714732
Haiti,HTI,1990,53.2,1602.0,6854444
Haiti,HTI,1991,53.5,1628.7,6995455
Haiti,HTI,1992,54.0,1536.0,7136577
Haiti,HTI,1993,54.5,1443.2,7278182
Haiti,HTI,1994,54.7,1262.3,7419776
Haiti,HTI,1995,55.6,1378.5,7562551
Haiti,HTI,1996,56.1,1426.4,7707560
Haiti,HTI,1997,56.7,1456.2,7854304
Haiti,HTI,1998,57.1,1480.6,8002144
Haiti,HTI,1999,57.7,1513.3,8151301
Haiti,HTI,2000,58.2,1520.7,8303151
Haiti,HTI,2001,58.6,1501.1,8455917
Haiti,HTI,2002,59.0,1494.2,8607648
Haiti,HTI,2003,59.4,1495.9,8759913
Haiti,HTI,2004,58.5,1439.2,8910267
Haiti,HTI,2005,60.3,1461.8,9061274
Haiti,HTI,2006,60.7,1493.0,9216569
Haiti,HTI,2007,61.1,1541.8,9373300
Haiti,HTI,2008,61.3,1555.5,9530782
Haiti,HTI,2009,61.7,1604.1,9689585
Haiti,HTI,2010,45.6,1556.6,9803299
Haiti,HTI,2011,61.6,1648.0,9914904
Haiti,HTI,2012,62.3,1674.0,10069770
Haiti,HTI,2013,62.6,1722.0,10222365
Haiti,HTI,2014,63.0,1749.0,10373241
Haiti,HTI,2015,63.2,1742.0,10523249
Haiti,HTI,2016,63.3,1748.7,10671462
Haiti,HTI,2017,63.8,1767.9,10817759
Haiti,HTI,2018,64.1,1773.1,10962373
Haiti,HTI,2019,64.3,1719.4,11105165
Haiti,HTI,2020,63.8,1641.8,11243846
Haiti,HTI,2021,62.6,1591.8,11374592
Haiti,HTI,2022,63.9,1546.4,11503603
Honduras,HND,1952,42.0,2083.0,1645832
Honduras,HND,1953,42.5,2184.0,1691967
Honduras,HND,1954,43.0,1997.0,1739823
Honduras,HND,1955,43.7,1986.0,1789399
Honduras,HND,1956,44.2,2080.0,1840670
Honduras,HND,1957,44.9,2107.0,1893583
Honduras,HND,1958,45.6,2106.0,1948157
Honduras,HND,1959,46.4,2090.0,2004321
Honduras,HND,1960,47.1,2147.0,2062067
Honduras,HND,1961,47.7,2130.0,2121245
Honduras,HND,1962,48.6,2174.0,2182064
Honduras,HND,1963,49.4,2177.0,2244884
Honduras,HND,1964,50.2,2209.0,2309861
Honduras,HND,1965,50.9,2314.0,2377163
Honduras,HND,1966,51.6,2364.0,2446752
Honduras,HND,1967,52.3,2410.0,2518650
Honduras,HND,1968,53.0,2463.0,2593057
Honduras,HND,1969,53.7,2396.0,2670286
Honduras,HND,1970,54.4,2391.0,2750721
Honduras,HND,1971,55.0,2404.0,2834624
Honduras,HND,1972,55.7,2448.0,2922075
Honduras,HND,1973,54.6,2544.0,3011471
Honduras,HND,1974,52.5,2797.0,3099844
Honduras,HND,1975,57.5,2764.0,3193239
Honduras,HND,1976,58.2,2954.0,3294460
Honduras,HND,1977,58.7,3153.0,3398659
Honduras,HND,1978,59.2,3346.0,3505466
Honduras,HND,1979,59.8,3382.0,3614990
Honduras,HND,1980,60.4,3282.0,3727179
Honduras,HND,1981,61.0,3231.0,3841781
Honduras,HND,1982,61.7,3076.0,3958735
Honduras,HND,1983,62.4,2947.0,4078177
Honduras,HND,1984,62.8,2968.0,4199855
Honduras,HND,1985,63.2,2982.0,4323338
Honduras,HND,1986,63.7,2898.0,4448905
Honduras,HND,1987,64.1,2970.0,4576911
Honduras,HND,1988,64.4,3009.0,4707683
Honduras,HND,1989,64.8,3045.0,4841843
Honduras,HND,1990,65.2,2960.0,4980493
Honduras,HND,1991,65.6,2993.1,5123797
Honduras,HND,1992,65.9,3094.5,5271437
Honduras,HND,1993,66.1,3216.9,5423253
Honduras,HND,1994,66.5,3106.0,5579247
Honduras,HND,1995,66.9,3163.8,5739636
Honduras,HND,1996,67.3,3210.3,5903962
Honduras,HND,1997,67.5,3303.3,6071458
Honduras,HND,1998,62.4,3332.9,6234436
Honduras,HND,1999,68.0,3215.2,6400470
Honduras,HND,2000,68.3,3335.7,6577781
Honduras,HND,2001,68.5,3365.2,6757992
Honduras,HND,2002,68.7,3431.3,6938866
Honduras,HND,2003,68.9,3527.1,7119213
Honduras,HND,2004,69.0,3686.7,7299003
Honduras,HND,2005,69.2,3851.1,7478362
Honduras,HND,2006,69.4,4045.3,7656832
Honduras,HND,2007,69.5,4237.3,7834806
Honduras,HND,2008,69.7,4358.8,8012590
Honduras,HND,2009,69.8,4200.2,8189904
Honduras,HND,2010,69.8,4305.9,8365881
Honduras,HND,2011,70.1,4421.0,8540587
Honduras,HND,2012,70.5,4518.0,8715081
Honduras,HND,2013,70.8,4561.0,8889276
Honduras,HND,2014,71.0,4620.0,9063127
Honduras,HND,2015,71.3,4706.0,9237306
Honduras,HND,2016,71.6,4803.3,9412380
Honduras,HND,2017,71.8,4949.0,9588144
Honduras,HND,2018,72.0,5052.2,9765209
Honduras,HND,2019,72.1,5099.8,9943637
Honduras,HND,2020,70.9,4567.9,10119638
Honduras,HND,2021,69.5,5062.1,10289881
Honduras,HND,2022,72.7,5186.5,10463880
Hong Kong,HKG,1952,59.8,3846.0,2164804
Hong Kong,HKG,1953,60.9,3982.0,2264328
Hong Kong,HKG,1954,61.9,4124.0,2368614
Hong Kong,HKG,1955,62.8,4280.0,2478199
Hong Kong,HKG,1956,63.4,4450.0,2594259
Hong Kong,HKG,1957,64.0,4626.0,2717187
Hong Kong,HKG,1958,64.7,4799.0,2845505
Hong Kong,HKG,1959,65.4,4957.0,2974551
Hong Kong,HKG,1960,66.1,5088.0,3094853
Hong Kong,HKG,1961,66.9,5169.0,3076660
Hong Kong,HKG,1962,67.3,5780.0,2889091
Hong Kong,HKG,1963,68.0,6381.0,2662600
Hong Kong,HKG,1964,68.6,6664.0,3136041
Hong Kong,HKG,1965,68.9,7414.0,3855425
Hong Kong,HKG,1966,69.3,7412.0,4015304
Hong Kong,HKG,1967,69.9,7474.0,3474133
Hong Kong,HKG,1968,70.7,7696.0,3065330
Hong Kong,HKG,1969,71.0,8534.0,3395527
Hong Kong,HKG,1970,71.3,9250.0,3739916
Hong Kong,HKG,1971,71.5,9787.0,3989231
Hong Kong,HKG,1972,71.7,10632.0,4117125
Hong Kong,HKG,1973,72.2,11717.0,4223248
Hong Kong,HKG,1974,72.5,11719.0,4330727
Hong Kong,HKG,1975,72.8,11456.0,4438382
Hong Kong,HKG,1976,73.0,12929.0,4545134
Hong Kong,HKG,1977,73.3,13986.0,4650487
Hong Kong,HKG,1978,73.6,14689.0,4754069
Hong Kong,HKG,1979,73.9,15903.0,4857668
Hong Kong,HKG,1980,74.2,17086.0,4962488
Hong Kong,HKG,1981,74.6,18301.0,5060960
Hong Kong,HKG,1982,74.9,18527.0,5150097
Hong Kong,HKG,1983,75.3,19349.0,5235115
Hong Kong,HKG,1984,75.7,21042.0,5315980
Hong Kong,HKG,1985,76.2,20883.0,5393122
Hong Kong,HKG,1986,76.7,22823.0,5451437
Hong Kong,HKG,1987,77.1,25414.0,5486376
Hong Kong,HKG,1988,77.1,27063.0,5514904
Hong Kong,HKG,1989,77.2,27377.0,5540576
Hong Kong,HKG,1990,77.4,27960.0,5560599
Hong Kong,HKG,1991,77.7,29008.7,5628091
Hong Kong,HKG,1992,78.0,30202.5,5759558
Hong Kong,HKG,1993,78.3,31242.2,5902506
Hong Kong,HKG,1994,78.7,32219.4,6042259
Hong Kong,HKG,1995,79.1,31941.9,6177105
Hong Kong,HKG,1996,79.5,32261.8,6302469
Hong Kong,HKG,1997,79.7,33385.8,6416674
Hong Kong,HKG,1998,80.1,30866.4,6521331
Hong Kong,HKG,1999,80.4,31134.2,6616524
Hong Kong,HKG,2000,80.7,32894.0,6704665
Hong Kong,HKG,2001,81.0,32734.2,6774243
Hong Kong,HKG,2002,81.2,33038.2,6821412
Hong Kong,HKG,2003,81.1,33594.3,6858906
Hong Kong,HKG,2004,81.5,36053.0,6888164
Hong Kong,HKG,2005,81.7,38191.9,6908483
Hong Kong,HKG,2006,81.9,40172.9,6931089
Hong Kong,HKG,2007,82.1,42230.9,6971344
Hong Kong,HKG,2008,82.3,42635.5,7020689
Hong Kong,HKG,2009,82.6,41076.2,7064464
Hong Kong,HKG,2010,82.9,43170.6,7101614
Hong Kong,HKG,2011,83.2,44532.0,7142969
Hong Kong,HKG,2012,83.4,44795.1,7201059
Hong Kong,HKG,2013,83.7,45997.9,7264330
Hong Kong,HKG,2014,83.9,46941.6,7319502
Hong Kong,HKG,2015,84.1,47653.7,7366411
Hong Kong,HKG,2016,84.4,48385.1,7408006
Hong Kong,HKG,2017,84.7,49841.5,7444889
Hong Kong,HKG,2018,85.0,50847.7,7471190
Hong Kong,HKG,2019,85.3,49631.1,7485817
Hong Kong,HKG,2020,84.7,46550.3,7490240
Hong Kong,HKG,2021,85.1,50006.3,7484604
Hong Kong,HKG,2022,83.5,48289.4,7465913
Hungary,HUN,1952,63.9,4403.0,9503933
Hungary,HUN,1953,63.9,4441.0,9594481
Hungary,HUN,1954,65.4,4543.0,9704596
Hungary,HUN,1955,66.9,4894.0,9823216
Hungary,HUN,1956,66.0,4632.0,9853996
Hungary,HUN,1957,66.3,5051.0,9837926
Hungary,HUN,1958,67.4,5367.0,9880680
Hungary,HUN,1959,67.3,5553.0,9936845
Hungary,HUN,1960,68.1,5816.0,9983383
Hungary,HUN,1961,69.0,6083.0,10026515
Hungary,HUN,1962,67.9,6315.0,10058067
Hungary,HUN,1963,68.9,6644.0,10083843
Hungary,HUN,1964,69.5,6994.0,10114375
Hungary,HUN,1965,69.1,7029.0,10141118
Hungary,HUN,1966,69.9,7406.0,10170409
Hungary,HUN,1967,69.5,7801.0,10206812
Hungary,HUN,1968,69.3,7865.0,10244548
Hungary,HUN,1969,69.4,8069.0,10281595
Hungary,HUN,1970,69.2,8015.0,10315142
Hungary,HUN,1971,69.1,8349.0,10343972
Hungary,HUN,1972,69.7,8505.0,10374303
Hungary,HUN,1973,69.6,8920.0,10407441
Hungary,HUN,1974,69.3,9111.0,10453918
Hungary,HUN,1975,69.4,9253.0,10515654
Hungary,HUN,1976,69.7,9231.0,10573770
Hungary,HUN,1977,69.9,9765.0,10623145
Hungary,HUN,1978,69.5,9967.0,10660190
Hungary,HUN,1979,69.7,9964.0,10688259
Hungary,HUN,1980,69.1,10052.0,10695372
Hungary,HUN,1981,69.2,10123.0,10679329
Hungary,HUN,1982,69.4,10493.0,10656109
Hungary,HUN,1983,68.9,10401.0,10622989
Hungary,HUN,1984,69.0,10696.0,10584329
Hungary,HUN,1985,68.9,10452.0,10547258
Hungary,HUN,1986,69.1,10678.0,10511099
Hungary,HUN,1987,69.6,10861.0,10475103
Hungary,HUN,1988,69.9,11207.0,10440534
Hungary,HUN,1989,69.4,11003.0,10403421
Hungary,HUN,1990,69.4,10296.0,10381280
Hungary,HUN,1991,69.4,9255.9,10378174
Hungary,HUN,1992,69.2,9153.9,10371477
Hungary,HUN,1993,69.2,9294.5,10356869
Hungary,HUN,1994,69.6,9772.2,10339936
Hungary,HUN,1995,70.0,10134.8,10322792
Hungary,HUN,1996,70.6,10359.2,10302238
Hungary,HUN,1997,71.0,10942.3,10278600
Hungary,HUN,1998,70.9,11663.0,10251717
Hungary,HUN,1999,71.0,12316.7,10219797
Hungary,HUN,2000,71.8,13129.3,10190598
Hungary,HUN,2001,72.4,13933.6,10166693
Hungary,HUN,2002,72.5,14899.3,10138461
Hungary,HUN,2003,72.5,15829.9,10108970
Hungary,HUN,2004,72.9,16999.0,10085788
Hungary,HUN,2005,72.9,18140.6,10065703
Hungary,HUN,2006,73.3,19253.1,10049946
Hungary,HUN,2007,73.4,19763.8,10034084
Hungary,HUN,2008,74.0,20380.6,10016653
Hungary,HUN,2009,74.2,19461.1,10001381
Hungary,HUN,2010,74.5,20036.3,9979128
Hungary,HUN,2011,74.9,20886.0,9946675
Hungary,HUN,2012,75.2,20731.7,9916621
Hungary,HUN,2013,75.7,21163.6,9889344
Hungary,HUN,2014,75.8,22118.8,9862843
Hungary,HUN,2015,75.7,22993.4,9839211
Hungary,HUN,2016,76.2,23568.9,9810529
Hungary,HUN,2017,76.0,24641.2,9785608
Hungary,HUN,2018,76.2,25995.5,9774395
Hungary,HUN,2019,76.5,27272.3,9770346
Hungary,HUN,2020,75.7,26091.4,9749459
Hungary,HUN,2021,74.2,28086.0,9707848
Hungary,HUN,2022,76.2,29451.9,9684308
Iceland,ISL,1952,72.4,8823.0,147778
Iceland,ISL,1953,72.3,8886.0,150750
Iceland,ISL,1954,73.3,9446.0,154272
Iceland,ISL,1955,73.3,10096.0,157751
Iceland,ISL,1956,72.9,10323.0,161091
Iceland,ISL,1957,73.4,10079.0,164767
Iceland,ISL,1958,73.3,10568.0,168490
Iceland,ISL,1959,72.6,10702.0,172008
Iceland,ISL,1960,74.0,10959.0,175572
Iceland,ISL,1961,73.4,10728.0,179014
Iceland,ISL,1962,73.6,11435.0,182360
Iceland,ISL,1963,72.9,12366.0,185658
Iceland,ISL,1964,73.5,13386.0,189043
Iceland,ISL,1965,73.8,14100.0,192344
Iceland,ISL,1966,73.1,15058.0,195604
Iceland,ISL,1967,73.7,14642.0,198796
Iceland,ISL,1968,73.9,13648.0,201519
Iceland,ISL,1969,73.7,13880.0,203383
Iceland,ISL,1970,73.8,14830.0,204489
Iceland,ISL,1971,73.5,16606.0,206171
Iceland,ISL,1972,74.4,17366.0,209209
Iceland,ISL,1973,74.3,18277.0,212385
Iceland,ISL,1974,74.1,19054.0,215273
Iceland,ISL,1975,75.3,18935.0,218029
Iceland,ISL,1976,76.6,19877.0,220196
Iceland,ISL,1977,76.1,21465.0,221842
Iceland,ISL,1978,76.4,22579.0,223580
Iceland,ISL,1979,76.5,23443.0,225765
Iceland,ISL,1980,76.6,24528.0,228147
Iceland,ISL,1981,76.2,25284.0,230754
Iceland,ISL,1982,76.8,25477.0,233852
Iceland,ISL,1983,76.4,24605.0,236968
Iceland,ISL,1984,77.3,25357.0,239513
Iceland,ISL,1985,77.4,25990.0,241414
Iceland,ISL,1986,77.9,27439.0,243195
Iceland,ISL,1987,77.1,29576.0,245864
Iceland,ISL,1988,76.9,28934.0,249734
Iceland,ISL,1989,77.9,28652.0,252861
Iceland,ISL,1990,77.7,28760.0,254842
Iceland,ISL,1991,77.8,28258.0,257817
Iceland,ISL,1992,78.6,26859.3,261087
Iceland,ISL,1993,78.8,26833.8,263760
Iceland,ISL,1994,79.0,27457.8,266063
Iceland,ISL,1995,77.5,27235.8,267516
Iceland,ISL,1996,78.6,28277.8,268967
Iceland,ISL,1997,78.7,29939.1,271194
Iceland,ISL,1998,79.4,31444.6,274121
Iceland,ISL,1999,79.2,32186.9,277450
Iceland,ISL,2000,79.5,33108.3,281293
Iceland,ISL,2001,80.4,33794.5,285058
Iceland,ISL,2002,80.3,33470.5,287609
Iceland,ISL,2003,80.8,33920.7,289616
Iceland,ISL,2004,80.7,36209.2,292172
Iceland,ISL,2005,81.2,37884.1,296852
Iceland,ISL,2006,80.9,38707.2,303883
Iceland,ISL,2007,81.1,41111.2,311662
Iceland,ISL,2008,81.2,40810.2,317519
Iceland,ISL,2009,81.4,37701.8,318619
Iceland,ISL,2010,81.6,36272.7,318163
Iceland,ISL,2011,82.0,36740.0,319139
Iceland,ISL,2012,82.3,36933.9,320851
Iceland,ISL,2013,81.7,38245.5,323891
Iceland,ISL,2014,82.4,38463.0,327517
Iceland,ISL,2015,82.2,39756.5,330962
Iceland,ISL,2016,81.8,41682.9,335571
Iceland,ISL,2017,82.2,42419.4,343537
Iceland,ISL,2018,82.5,43321.1,352860
Iceland,ISL,2019,82.8,43136.6,360709
Iceland,ISL,2020,82.7,39368.4,366626
Iceland,ISL,2021,82.8,40412.6,372647
Iceland,ISL,2022,81.6,42145.6,380368
India,IND,1952,42.1,1003.0,361874906
India,IND,1953,42.4,1047.0,370104570
India,IND,1954,43.2,1071.0,378687141
India,IND,1955,43.7,1078.0,387700892
India,IND,1956,44.1,1117.0,396988905
India,IND,1957,44.4,1084.0,406253895
India,IND,1958,44.8,1141.0,415777436
India,IND,1959,45.3,1143.0,425780669
India,IND,1960,45.6,1200.0,435990342
India,IND,1961,45.8,1208.0,446564731
India,IND,1962,46.1,1208.0,457283091
India,IND,1963,46.5,1242.0,468138576
India,IND,1964,46.7,1309.0,479229599
India,IND,1965,45.6,1229.0,490140142
India,IND,1966,45.9,1215.0,500740250
India,IND,1967,46.2,1286.0,511606377
India,IND,1968,47.9,1290.0,522716893
India,IND,1969,48.3,1347.0,533880545
India,IND,1970,48.6,1384.0,545864271
India,IND,1971,48.9,1364.0,558096385
India,IND,1972,49.2,1329.0,570482138
India,IND,1973,49.6,1360.0,583465599
India,IND,1974,50.3,1344.0,597041391
India,IND,1975,50.8,1430.0,611309536
India,IND,1976,51.3,1417.0,625861887
India,IND,1977,51.8,1494.0,640801106
India,IND,1978,52.4,1540.0,655728226
India,IND,1979,53.0,1427.0,671155746
India,IND,1980,53.6,1495.0,687354029
India,IND,1981,54.2,1557.0,703696251
India,IND,1982,54.7,1570.0,720313473
India,IND,1983,55.3,1663.0,737372683
India,IND,1984,55.8,1690.0,754875449
India,IND,1985,56.3,1720.0,772647800
India,IND,1986,56.8,1755.0,790689977
India,IND,1987,57.3,1793.0,808931268
India,IND,1988,57.7,1938.0,827342994
India,IND,1989,58.2,2024.0,846039528
India,IND,1990,58.6,2087.0,864972221
India,IND,1991,59.0,2062.3,883927605
India,IND,1992,59.4,2115.3,902957075
India,IND,1993,59.8,2176.4,922118380
India,IND,1994,60.2,2254.9,941163772
India,IND,1995,60.6,2356.0,960301046
India,IND,1996,61.0,2475.6,979678460
India,IND,1997,61.4,2514.0,999133764
India,IND,1998,61.9,2611.8,1018665080
India,IND,1999,62.3,2707.7,1038225822
India,IND,2000,62.7,2753.1,1057922731
India,IND,2001,63.2,2837.9,1077898579
India,IND,2002,63.6,2870.9,1097600380
India,IND,2003,64.1,3035.9,1116803000
India,IND,2004,64.5,3212.5,1135991509
India,IND,2005,64.9,3396.6,1154676321
India,IND,2006,65.4,3629.4,1172878888
India,IND,2007,65.8,3870.7,1190676028
India,IND,2008,66.2,4030.7,1207930960
India,IND,2009,66.7,4270.7,1225524764
India,IND,2010,67.2,4525.7,1243481565
India,IND,2011,67.6,4768.0,1261224956
India,IND,2012,68.1,4982.1,1278674501
India,IND,2013,68.5,5224.1,1295829507
India,IND,2014,68.9,5524.1,1312277184
India,IND,2015,69.3,5869.8,1328024494
India,IND,2016,69.7,6326.1,1343944296
India,IND,2017,70.1,6638.7,1359657398
India,IND,2018,70.4,7046.4,1374659067
India,IND,2019,70.7,7294.0,1389030307
India,IND,2020,70.2,6730.5,1402617694
India,IND,2021,67.3,7315.1,1414203896
India,IND,2022,71.7,7765.6,1425423209
Indonesia,IDN,1952,41.5,1401.0,71876439
Indonesia,IDN,1953,42.2,1451.0,73569145
Indonesia,IDN,1954,42.9,1517.0,75367367
Indonesia,IDN,1955,43.6,1537.0,77273505
Indonesia,IDN,1956,44.3,1533.0,79282557
Indonesia,IDN,1957,45.0,1613.0,81390843
Indonesia,IDN,1958,45.4,1530.0,83592765
Indonesia,IDN,1959,46.2,1570.0,85892866
Indonesia,IDN,1960,46.8,1613.0,88296074
Indonesia,IDN,1961,47.4,1690.0,90791252
Indonesia,IDN,1962,48.1,1653.0,93375848
Indonesia,IDN,1963,48.7,1557.0,96051426
Indonesia,IDN,1964,49.4,1583.0,98833758
Indonesia,IDN,1965,42.8,1567.0,101365131
Indonesia,IDN,1966,48.4,1535.0,103792758
Indonesia,IDN,1967,51.3,1470.0,106526398
Indonesia,IDN,1968,51.9,1580.0,109450008
Indonesia,IDN,1969,52.6,1739.0,112517639
Indonesia,IDN,1970,53.3,1882.0,115657496
Indonesia,IDN,1971,53.8,1946.0,118833700
Indonesia,IDN,1972,54.4,2117.0,122039844
Indonesia,IDN,1973,54.9,2375.0,125288516
Indonesia,IDN,1974,55.4,2439.0,128555052
Indonesia,IDN,1975,56.0,2386.0,131843848
Indonesia,IDN,1976,56.4,2536.0,135173656
Indonesia,IDN,1977,57.1,2670.0,138533540
Indonesia,IDN,1978,57.6,2727.0,141953161
Indonesia,IDN,1979,58.2,2810.0,145434830
Indonesia,IDN,1980,58.7,2981.0,148950537
Indonesia,IDN,1981,59.1,3119.0,152485036
Indonesia,IDN,1982,59.7,2941.0,156052153
Indonesia,IDN,1983,60.3,2994.0,159651382
Indonesia,IDN,1984,60.9,3134.0,163251124
Indonesia,IDN,1985,61.4,3143.0,166776183
Indonesia,IDN,1986,61.7,3269.0,170175065
Indonesia,IDN,1987,62.1,3370.0,173511157
Indonesia,IDN,1988,62.4,3500.0,176855071
Indonesia,IDN,1989,62.9,3747.0,180201638
Indonesia,IDN,1990,63.2,4007.0,183501097
Indonesia,IDN,1991,63.7,4310.8,186778239
Indonesia,IDN,1992,64.2,4536.4,190043742
Indonesia,IDN,1993,64.9,4837.1,193305169
Indonesia,IDN,1994,65.0,5140.0,196591829
Indonesia,IDN,1995,65.3,5494.9,199888055
Indonesia,IDN,1996,65.5,5851.3,203204353
Indonesia,IDN,1997,65.8,6055.8,206536089
Indonesia,IDN,1998,65.9,5203.6,209826791
Indonesia,IDN,1999,66.0,5186.7,213004667
Indonesia,IDN,2000,66.3,5384.4,216077789
Indonesia,IDN,2001,66.6,5526.1,219097905
Indonesia,IDN,2002,67.0,5720.3,222088499
Indonesia,IDN,2003,67.1,5938.9,225048005
Indonesia,IDN,2004,65.5,6180.9,227926649
Indonesia,IDN,2005,67.5,6482.0,230871648
Indonesia,IDN,2006,67.7,6782.6,233951650
Indonesia,IDN,2007,67.9,7157.3,237062338
Indonesia,IDN,2008,68.1,7633.2,240157902
Indonesia,IDN,2009,68.3,7935.8,243220024
Indonesia,IDN,2010,68.4,8386.4,246305327
Indonesia,IDN,2011,68.6,8849.0,249470029
Indonesia,IDN,2012,68.9,9272.0,252698525
Indonesia,IDN,2013,69.1,9676.1,255852464
Indonesia,IDN,2014,69.3,10050.7,258877395
Indonesia,IDN,2015,69.5,10432.3,261799249
Indonesia,IDN,2016,69.7,10849.7,264627429
Indonesia,IDN,2017,70.0,11292.3,267346654
Indonesia,IDN,2018,70.1,11768.5,269951847
Indonesia,IDN,2019,70.3,12250.3,272489381
Indonesia,IDN,2020,68.8,11895.1,274814861
Indonesia,IDN,2021,67.5,12234.0,276758056
Indonesia,IDN,2022,70.9,12801.7,278830527
Iran,IRN,1952,39.2,2597.0,17344436
Iran,IRN,1953,39.5,2531.0,17778109
Iran,IRN,1954,40.0,2464.0,18226205
Iran,IRN,1955,40.6,2397.0,18700800
Iran,IRN,1956,41.1,2541.0,19204391
Iran,IRN,1957,41.3,2817.0,19726844
Iran,IRN,1958,42.2,3057.0,20266508
Iran,IRN,1959,42.8,3226.0,20846777
Iran,IRN,1960,43.3,3437.0,21470433
Iran,IRN,1961,43.9,3622.0,22125729
Iran,IRN,1962,43.8,3586.0,22807908
Iran,IRN,1963,45.1,3867.0,23519008
Iran,IRN,1964,45.7,4026.0,24262863
Iran,IRN,1965,46.4,4388.0,25036982
Iran,IRN,1966,47.1,4686.0,25829273
Iran,IRN,1967,47.8,5062.0,26628430
Iran,IRN,1968,47.9,5659.0,27437391
Iran,IRN,1969,49.4,6212.0,28273483
Iran,IRN,1970,50.2,6677.0,29145099
Iran,IRN,1971,51.1,7296.0,30029069
Iran,IRN,1972,51.7,8247.0,30921178
Iran,IRN,1973,52.9,8706.0,31839835
Iran,IRN,1974,53.9,9210.0,32796453
Iran,IRN,1975,54.8,9377.0,33802971
Iran,IRN,1976,55.8,10665.0,34837282
Iran,IRN,1977,56.7,10205.0,35933181
Iran,IRN,1978,56.0,8710.0,37126534
Iran,IRN,1979,58.5,7678.0,38424956
Iran,IRN,1980,58.4,6334.0,39842323
Iran,IRN,1981,56.6,5887.0,41989316
Iran,IRN,1982,57.6,6535.0,44272140
Iran,IRN,1983,58.5,7108.0,46029540
Iran,IRN,1984,60.9,6951.0,47793999
Iran,IRN,1985,61.5,6853.0,49582289
Iran,IRN,1986,62.1,5984.0,51446046
Iran,IRN,1987,62.7,5713.0,53323491
Iran,IRN,1988,63.3,5249.0,55072691
Iran,IRN,1989,65.3,5303.0,56704920
Iran,IRN,1990,64.1,5620.0,58380098
Iran,IRN,1991,66.2,6380.6,59986931
Iran,IRN,1992,66.7,7036.3,61184982
Iran,IRN,1993,67.0,6914.8,61403548
Iran,IRN,1994,67.5,6884.7,61520598
Iran,IRN,1995,67.9,7093.7,62205571
Iran,IRN,1996,68.3,7746.4,62881298
Iran,IRN,1997,68.6,8113.7,63639637
Iran,IRN,1998,69.2,8458.4,64519866
Iran,IRN,1999,69.7,8714.6,65445389
Iran,IRN,2000,70.2,9104.8,66418661
Iran,IRN,2001,70.6,9620.6,67452005
Iran,IRN,2002,71.1,10467.4,68011318
Iran,IRN,2003,70.5,11502.9,68769343
Iran,IRN,2004,72.0,12404.3,70256316
Iran,IRN,2005,72.4,13110.1,71828455
Iran,IRN,2006,72.9,14185.8,73392747
Iran,IRN,2007,73.3,15467.1,74602648
Iran,IRN,2008,73.7,15740.0,75514201
Iran,IRN,2009,74.0,16575.1,76457831
Iran,IRN,2010,74.4,17751.3,77420851
Iran,IRN,2011,74.7,18024.0,78383602
Iran,IRN,2012,75.0,17556.5,79370583
Iran,IRN,2013,75.3,16842.9,80414689
Iran,IRN,2014,75.6,17449.9,81502045
Iran,IRN,2015,75.9,16922.9,82619365
Iran,IRN,2016,76.2,17738.1,83812230
Iran,IRN,2017,76.4,18416.5,85026761
Iran,IRN,2018,76.6,18154.5,86117999
Iran,IRN,2019,76.9,17400.4,87051649
Iran,IRN,2020,74.1,17296.3,87723448
Iran,IRN,2021,73.8,18052.4,88455490
Iran,IRN,2022,76.8,18473.1,89524247
Iraq,IRQ,1952,40.5,2482.0,5913013
Iraq,IRQ,1953,42.1,3394.0,6064249
Iraq,IRQ,1954,43.5,3926.0,6219477
Iraq,IRQ,1955,45.0,3663.0,6366279
Iraq,IRQ,1956,46.4,3808.0,6507499
Iraq,IRQ,1957,47.7,3666.0,6633379
Iraq,IRQ,1958,49.0,3974.0,6741679
Iraq,IRQ,1959,49.7,4022.0,6870386
Iraq,IRQ,1960,51.5,4360.0,7022057
Iraq,IRQ,1961,52.3,4720.0,7194561
Iraq,IRQ,1962,53.5,4809.0,7413876
Iraq,IRQ,1963,54.4,4578.0,7667932
Iraq,IRQ,1964,55.2,4965.0,7929572
Iraq,IRQ,1965,56.4,5241.0,8202145
Iraq,IRQ,1966,57.3,5338.0,8485103
Iraq,IRQ,1967,58.4,5043.0,8778876
Iraq,IRQ,1968,59.0,5745.0,9085016
Iraq,IRQ,1969,59.6,5745.0,9403356
Iraq,IRQ,1970,60.5,5536.0,9735611
Iraq,IRQ,1971,61.3,5686.0,10077818
Iraq,IRQ,1972,61.8,5297.0,10430169
Iraq,IRQ,1973,62.3,5982.0,10795872
Iraq,IRQ,1974,61.0,6097.0,11167770
Iraq,IRQ,1975,61.4,6878.0,11543643
Iraq,IRQ,1976,63.6,8007.0,11927652
Iraq,IRQ,1977,63.9,7957.0,12331051
Iraq,IRQ,1978,64.2,9075.0,12753355
Iraq,IRQ,1979,64.4,10769.0,13170372
Iraq,IRQ,1980,60.9,10165.0,13591996
Iraq,IRQ,1981,58.7,8035.0,14006379
Iraq,IRQ,1982,59.0,7704.0,14406082
Iraq,IRQ,1983,59.3,6805.0,14840558
Iraq,IRQ,1984,59.5,6593.0,15310729
Iraq,IRQ,1985,59.8,6268.0,15683431
Iraq,IRQ,1986,60.0,5992.0,16074146
Iraq,IRQ,1987,60.3,6052.0,16521051
Iraq,IRQ,1988,56.7,4635.0,16908823
Iraq,IRQ,1989,57.5,4098.0,17364553
Iraq,IRQ,1990,57.6,3918.0,17581208
Iraq,IRQ,1991,61.3,1518.7,17767257
Iraq,IRQ,1992,65.3,2046.2,18300849
Iraq,IRQ,1993,65.3,2132.4,19201195
Iraq,IRQ,1994,65.0,2108.5,20139818
Iraq,IRQ,1995,64.8,1996.9,20825859
Iraq,IRQ,1996,64.6,2337.5,21501321
Iraq,IRQ,1997,64.2,2337.9,22176604
Iraq,IRQ,1998,64.4,2794.8,22884402
Iraq,IRQ,1999,64.5,3157.1,23636530
Iraq,IRQ,2000,64.9,3649.5,24424060
Iraq,IRQ,2001,65.3,4147.6,25197842
Iraq,IRQ,2002,65.7,4631.7,26006558
Iraq,IRQ,2003,64.8,3782.5,26802660
Iraq,IRQ,2004,64.6,6061.6,27577876
Iraq,IRQ,2005,64.9,6441.4,28407450
Iraq,IRQ,2006,64.0,7117.6,28616518
Iraq,IRQ,2007,64.4,7587.6,28391606
Iraq,IRQ,2008,66.5,8587.3,28971042
Iraq,IRQ,2009,67.8,9268.7,30058207
Iraq,IRQ,2010,68.1,10274.3,31045367
Iraq,IRQ,2011,68.4,11484.0,32161425
Iraq,IRQ,2012,68.8,12521.5,33654843
Iraq,IRQ,2013,69.0,12877.2,35281987
Iraq,IRQ,2014,69.7,12559.5,36550058
Iraq,IRQ,2015,70.0,12574.5,37560535
Iraq,IRQ,2016,68.7,14173.8,38469628
Iraq,IRQ,2017,69.8,13403.6,39337358
Iraq,IRQ,2018,71.1,13724.7,40265629
Iraq,IRQ,2019,71.2,14203.6,41192172
Iraq,IRQ,2020,69.7,11717.4,42116602
Iraq,IRQ,2021,70.7,12355.6,43071208
Iraq,IRQ,2022,72.0,13071.9,44070556
Ireland,IRL,1952,67.2,5805.0,2941463
Ireland,IRL,1953,67.9,5973.0,2929083
Ireland,IRL,1954,68.0,6048.0,2915174
Ireland,IRL,1955,68.0,6248.0,2899545
Ireland,IRL,1956,69.0,6212.0,2883752
Ireland,IRL,1957,69.0,6239.0,2869103
Ireland,IRL,1958,69.3,6169.0,2854004
Ireland,IRL,1959,69.4,6437.0,2839216
Ireland,IRL,1960,70.2,6825.0,2827691
Ireland,IRL,1961,69.6,7186.0,2824696
Ireland,IRL,1962,69.9,7390.0,2831496
Ireland,IRL,1963,70.2,7685.0,2843035
Ireland,IRL,1964,70.4,7948.0,2857169
Ireland,IRL,1965,70.6,8051.0,2873157
Ireland,IRL,1966,70.2,8097.0,2888884
Ireland,IRL,1967,71.2,8531.0,2905420
Ireland,IRL,1968,70.9,9197.0,2922789
Ireland,IRL,1969,70.8,9706.0,2940759
Ireland,IRL,1970,70.8,9881.0,2961402
Ireland,IRL,1971,71.6,10128.0,2993119
Ireland,IRL,1972,71.0,10621.0,3037153
Ireland,IRL,1973,71.2,10946.0,3084436
Ireland,IRL,1974,71.1,11225.0,3132177
Ireland,IRL,1975,71.7,11662.0,3180119
Ireland,IRL,1976,71.8,11639.0,3228393
Ireland,IRL,1977,71.9,12425.0,3277756
Ireland,IRL,1978,71.9,13150.0,3329185
Ireland,IRL,1979,72.2,13335.0,3375806
Ireland,IRL,1980,72.5,13614.0,3415240
Ireland,IRL,1981,72.9,13893.0,3448825
Ireland,IRL,1982,73.2,14061.0,3475532
Ireland,IRL,1983,73.2,13931.0,3497614
Ireland,IRL,1984,73.6,14435.0,3515953
Ireland,IRL,1985,73.6,14834.0,3531275
Ireland,IRL,1986,73.6,14768.0,3541875
Ireland,IRL,1987,74.4,15458.0,3540382
Ireland,IRL,1988,74.4,16313.0,3525092
Ireland,IRL,1989,74.5,17343.0,3511070
Ireland,IRL,1990,74.8,18838.0,3514015
Ireland,IRL,1991,75.0,19253.9,3534258
Ireland,IRL,1992,75.4,20032.7,3558417
Ireland,IRL,1993,75.3,20627.1,3576118
Ireland,IRL,1994,75.8,22004.8,3590162
Ireland,IRL,1995,75.5,24266.1,3610695
Ireland,IRL,1996,75.8,26562.9,3638507
Ireland,IRL,1997,76.0,29455.9,3672287
Ireland,IRL,1998,76.2,31908.6,3711075
Ireland,IRL,1999,76.1,35377.2,3752938
Ireland,IRL,2000,76.5,38806.5,3802589
Ireland,IRL,2001,77.1,40966.3,3862981
Ireland,IRL,2002,77.6,43012.8,3928441
Ireland,IRL,2003,78.1,44372.8,3992935
Ireland,IRL,2004,78.5,47028.9,4066066
Ireland,IRL,2005,78.9,49223.4,4155283
Ireland,IRL,2006,79.2,51296.2,4268775
Ireland,IRL,2007,79.6,52322.2,4393518
Ireland,IRL,2008,79.8,49583.1,4485992
Ireland,IRL,2009,80.1,47375.7,4533750
Ireland,IRL,2010,80.6,48623.8,4559084
Ireland,IRL,2011,80.7,48980.0,4579603
Ireland,IRL,2012,80.9,47360.1,4600135
Ireland,IRL,2013,81.1,48181.2,4624686
Ireland,IRL,2014,81.4,50732.3,4658236
Ireland,IRL,2015,81.5,53196.6,4702497
Ireland,IRL,2016,81.7,53686.8,4753506
Ireland,IRL,2017,82.1,55465.7,4810258
Ireland,IRL,2018,82.1,58083.4,4872559
Ireland,IRL,2019,82.4,59733.9,4933493
Ireland,IRL,2020,82.4,55134.9,4982602
Ireland,IRL,2021,81.9,57278.4,5028428
Ireland,IRL,2022,82.1,60257.1,5110015
Isle of Man,IMN,1952,63.6,,54666
Isle of Man,IMN,1953,64.1,,54095
Isle of Man,IMN,1954,64.5,,53469
Isle of Man,IMN,1955,64.8,,52801
Isle of Man,IMN,1956,65.0,,52086
Isle of Man,IMN,1957,64.9,,51329
Isle of Man,IMN,1958,64.9,,50547
Isle of Man,IMN,1959,64.7,,49739
Isle of Man,IMN,1960,64.6,,48887
Isle of Man,IMN,1961,64.4,,48473
Isle of Man,IMN,1962,64.4,,48713
Isle of Man,IMN,1963,64.5,,49170
Isle of Man,IMN,1964,64.7,,49650
Isle of Man,IMN,1965,64.9,,50113
Isle of Man,IMN,1966,65.2,,50775
Isle of Man,IMN,1967,65.4,,51764
Isle of Man,IMN,1968,65.5,,52916
Isle of Man,IMN,1969,65.6,,54094
Isle of Man,IMN,1970,65.7,,55323
Isle of Man,IMN,1971,65.8,,56452
Isle of Man,IMN,1972,66.0,,57393
Isle of Man,IMN,1973,66.2,,58280
Isle of Man,IMN,1974,66.5,,59165
Isle of Man,IMN,1975,66.8,,59986
Isle of Man,IMN,1976,67.1,,60773
Isle of Man,IMN,1977,67.4,,61595
Isle of Man,IMN,1978,67.7,,62424
Isle of Man,IMN,1979,68.1,,63261
Isle of Man,IMN,1980,68.4,,64103
Isle of Man,IMN,1981,68.8,,64622
Isle of Man,IMN,1982,69.1,,64710
Isle of Man,IMN,1983,69.5,,64656
Isle of Man,IMN,1984,69.8,,64552
Isle of Man,IMN,1985,70.0,,64426
Isle of Man,IMN,1986,70.3,,64723
Isle of Man,IMN,1987,70.7,,65624
Isle of Man,IMN,1988,71.1,,66703
Isle of Man,IMN,1989,71.4,,67811
Isle of Man,IMN,1990,71.8,,68943
Isle of Man,IMN,1991,72.2,,69835
Isle of Man,IMN,1992,72.5,,70378
Isle of Man,IMN,1993,72.8,,70797
Isle of Man,IMN,1994,73.1,,71187
Isle of Man,IMN,1995,73.4,,71531
Isle of Man,IMN,1996,73.6,,72066
Isle of Man,IMN,1997,73.9,,72925
Isle of Man,IMN,1998,74.2,,73880
Isle of Man,IMN,1999,74.5,,74808
Isle of Man,IMN,2000,74.8,,75679
Isle of Man,IMN,2001,75.3,,76498
Isle of Man,IMN,2002,75.8,,77294
Isle of Man,IMN,2003,76.3,,78066
Isle of Man,IMN,2004,76.9,,78807
Isle of Man,IMN,2005,77.5,,79535
Isle of Man,IMN,2006,78.0,,80310
Isle of Man,IMN,2007,78.5,,81163
Isle of Man,IMN,2008,78.9,,82045
Isle of Man,IMN,2009,79.3,,82954
Isle of Man,IMN,2010,79.6,,83884
Isle of Man,IMN,2011,79.8,,84398
Isle of Man,IMN,2012,80.0,,84354
Isle of Man,IMN,2013,80.1,,84158
Isle of Man,IMN,2014,80.2,,83912
Isle of Man,IMN,2015,80.3,,83612
Isle of Man,IMN,2016,80.4,,83484
Isle of Man,IMN,2017,80.5,,83625
Isle of Man,IMN,2018,80.6,,83812
Isle of Man,IMN,2019,80.7,,83975
Isle of Man,IMN,2020,80.6,,84078
Isle of Man,IMN,2021,80.4,,84121
Isle of Man,IMN,2022,81.0,,84148
Israel,ISR,1952,67.2,4828.0,1414224
Israel,ISR,1953,66.4,4638.0,1476336
Israel,ISR,1954,66.3,5378.0,1538044
Israel,ISR,1955,68.0,5899.0,1599497
Israel,ISR,1956,66.6,6153.0,1660640
Israel,ISR,1957,66.5,6363.0,1720530
Israel,ISR,1958,68.4,6550.0,1779007
Israel,ISR,1959,68.9,7175.0,1836348
Israel,ISR,1960,69.8,7433.0,1891941
Israel,ISR,1961,69.8,7964.0,1956894
Israel,ISR,1962,69.3,8396.0,2040967
Israel,ISR,1963,69.6,8915.0,2135049
Israel,ISR,1964,69.6,9430.0,2231855
Israel,ISR,1965,70.5,9997.0,2331450
Israel,ISR,1966,70.9,9867.0,2433836
Israel,ISR,1967,70.9,9918.0,2538658
Israel,ISR,1968,70.8,11210.0,2645472
Israel,ISR,1969,71.0,12310.0,2754159
Israel,ISR,1970,71.2,12913.0,2864773
Israel,ISR,1971,71.8,13885.0,2977303
Israel,ISR,1972,71.6,15108.0,3079404
Israel,ISR,1973,71.6,15374.0,3163042
Israel,ISR,1974,71.6,15980.0,3239987
Israel,ISR,1975,71.6,16176.0,3318087
Israel,ISR,1976,72.7,16053.0,3398266
Israel,ISR,1977,72.7,15721.0,3479619
Israel,ISR,1978,73.1,16139.0,3560404
Israel,ISR,1979,73.4,16761.0,3640877
Israel,ISR,1980,73.7,17508.0,3721666
Israel,ISR,1981,74.2,18103.0,3802233
Israel,ISR,1982,74.3,18155.0,3883640
Israel,ISR,1983,75.1,18468.0,3959631
Israel,ISR,1984,75.5,18305.0,4033735
Israel,ISR,1985,76.0,18605.0,4105362
Israel,ISR,1986,75.9,19160.0,4168966
Israel,ISR,1987,76.4,20196.0,4236875
Israel,ISR,1988,76.9,20256.0,4307324
Israel,ISR,1989,77.6,20091.0,4381512
Israel,ISR,1990,78.0,20829.0,4544995
Israel,ISR,1991,77.6,20912.9,4779892
Israel,ISR,1992,77.3,21531.6,4957240
Israel,ISR,1993,77.9,21485.0,5086041
Israel,ISR,1994,78.0,22128.8,5216697
Israel,ISR,1995,78.1,23378.2,5354734
Israel,ISR,1996,78.6,23980.0,5499555
Israel,ISR,1997,78.6,24226.7,5646476
Israel,ISR,1998,78.6,24506.2,5790143
Israel,ISR,1999,78.9,24644.2,5946079
Israel,ISR,2000,79.2,26058.8,6111194
Israel,ISR,2001,79.5,25427.3,6259977
Israel,ISR,2002,79.5,24823.6,6387714
Israel,ISR,2003,79.8,24545.2,6502821
Israel,ISR,2004,80.3,25210.9,6615084
Israel,ISR,2005,80.4,25686.4,6728212
Israel,ISR,2006,80.8,26571.3,6844029
Israel,ISR,2007,81.0,27624.9,6962456
Israel,ISR,2008,81.3,27857.6,7082621
Israel,ISR,2009,81.8,27644.7,7206096
Israel,ISR,2010,82.0,28575.5,7336735
Israel,ISR,2011,82.0,29370.0,7471023
Israel,ISR,2012,82.0,29580.8,7607781
Israel,ISR,2013,82.4,30316.6,7749369
Israel,ISR,2014,82.4,30906.1,7897173
Israel,ISR,2015,82.3,31050.4,8052916
Israel,ISR,2016,82.6,31822.9,8210006
Israel,ISR,2017,82.7,32549.8,8361796
Israel,ISR,2018,82.9,33227.1,8510067
Israel,ISR,2019,82.9,33951.9,8657466
Israel,ISR,2020,82.7,32730.9,8800380
Israel,ISR,2021,82.5,34969.0,8942925
Israel,ISR,2022,82.8,36648.9,9103143
Italy,ITA,1952,65.9,6371.0,47018177
Italy,ITA,1953,66.6,6790.0,47410885
Italy,ITA,1954,67.9,7092.0,47832233
Italy,ITA,1955,68.3,7453.0,48130817
Italy,ITA,1956,67.6,7745.0,48401948
Italy,ITA,1957,67.8,8158.0,48657025
Italy,ITA,1958,68.9,8544.0,48927096
Italy,ITA,1959,69.3,9011.0,49219450
Italy,ITA,1960,69.2,9430.0,49514555
Italy,ITA,1961,69.8,10158.0,49815254
Italy,ITA,1962,69.2,10882.0,50170591
Italy,ITA,1963,69.3,11576.0,50570978
Italy,ITA,1964,70.4,11934.0,51019579
Italy,ITA,1965,70.3,12111.0,51480733
Italy,ITA,1966,71.0,12659.0,51919068
Italy,ITA,1967,71.0,13476.0,52338335
Italy,ITA,1968,70.9,14513.0,52712156
Italy,ITA,1969,70.9,15248.0,53060141
Italy,ITA,1970,71.6,15492.0,53390231
Italy,ITA,1971,71.9,15683.0,53707794
Italy,ITA,1972,72.1,16035.0,54067562
Italy,ITA,1973,72.1,16950.0,54450571
Italy,ITA,1974,72.8,17607.0,54821114
Italy,ITA,1975,72.7,17123.0,55166046
Italy,ITA,1976,73.1,18147.0,55459415
Italy,ITA,1977,73.4,18599.0,55714552
Italy,ITA,1978,73.8,19230.0,55938969
Italy,ITA,1979,74.1,20275.0,56132382
Italy,ITA,1980,74.1,20959.0,56412086
Italy,ITA,1981,74.4,21041.0,56646752
Italy,ITA,1982,74.9,21123.0,56719178
Italy,ITA,1983,74.7,21345.0,56766114
Italy,ITA,1984,75.5,21868.0,56810355
Italy,ITA,1985,75.6,22469.0,56855499
Italy,ITA,1986,75.9,23106.0,56875982
Italy,ITA,1987,76.3,23824.0,56891919
Italy,ITA,1988,76.5,24743.0,56928748
Italy,ITA,1989,76.9,25454.0,56976750
Italy,ITA,1990,77.0,26003.0,57031457
Italy,ITA,1991,77.0,26570.4,57075394
Italy,ITA,1992,77.4,26960.6,57124993
Italy,ITA,1993,77.7,26902.4,57170762
Italy,ITA,1994,77.9,27668.3,57420136
Italy,ITA,1995,78.1,28666.4,57403342
Italy,ITA,1996,78.4,29231.3,57162098
Italy,ITA,1997,78.7,29960.7,57189272
Italy,ITA,1998,78.8,30649.6,57215190
Italy,ITA,1999,79.2,31340.5,57240796
Italy,ITA,2000,79.6,32717.0,57272200
Italy,ITA,2001,79.9,33511.4,57305760
Italy,ITA,2002,80.1,33780.1,57420636
Italy,ITA,2003,80.2,33917.8,57739697
Italy,ITA,2004,81.0,34472.1,58176736
Italy,ITA,2005,81.0,34872.1,58519696
Italy,ITA,2006,81.4,35713.8,58754434
Italy,ITA,2007,81.5,36310.7,59108723
Italy,ITA,2008,81.6,35942.9,59561687
Italy,ITA,2009,81.8,34055.2,59904016
Italy,ITA,2010,82.1,34765.9,60164212
Italy,ITA,2011,82.2,35151.0,60367882
Italy,ITA,2012,82.3,34010.0,60531522
Italy,ITA,2013,82.7,33317.2,60653864
Italy,ITA,2014,82.9,33310.7,60664169
Italy,ITA,2015,82.5,33620.7,60575314
Italy,ITA,2016,83.0,34120.4,60478103
Italy,ITA,2017,82.7,34754.8,60390317
Italy,ITA,2018,83.2,35149.8,60277496
Italy,ITA,2019,83.3,35407.2,60130136
Italy,ITA,2020,82.2,32385.3,59912763
Italy,ITA,2021,82.9,34827.1,59729353
Italy,ITA,2022,82.1,36224.3,59619106
Jamaica,JAM,1952,58.1,2397.0,1481349
Jamaica,JAM,1953,58.9,2695.0,1509742
Jamaica,JAM,1954,59.6,2962.0,1533451
Jamaica,JAM,1955,60.4,3220.0,1553716
Jamaica,JAM,1956,61.2,3491.0,1571975
Jamaica,JAM,1957,61.9,3934.0,1589680
Jamaica,JAM,1958,62.6,3918.0,1608269
Jamaica,JAM,1959,63.2,4050.0,1628236
Jamaica,JAM,1960,63.8,4230.0,1650009
Jamaica,JAM,1961,64.3,4307.0,1673267
Jamaica,JAM,1962,64.6,4339.0,1696935
Jamaica,JAM,1963,65.0,4395.0,1721105
Jamaica,JAM,1964,65.3,4629.0,1745574
Jamaica,JAM,1965,65.7,4894.0,1769206
Jamaica,JAM,1966,65.9,4988.0,1791477
Jamaica,JAM,1967,66.1,5066.0,1812870
Jamaica,JAM,1968,66.3,5235.0,1833769
Jamaica,JAM,1969,66.5,5547.0,1855132
Jamaica,JAM,1970,66.7,6135.0,1878191
Jamaica,JAM,1971,67.0,6062.0,1903734
Jamaica,JAM,1972,67.3,6150.0,1931552
Jamaica,JAM,1973,67.6,6583.0,1961225
Jamaica,JAM,1974,67.9,6229.0,1990904
Jamaica,JAM,1975,68.2,6129.0,2018985
Jamaica,JAM,1976,68.4,5681.0,2045578
Jamaica,JAM,1977,68.6,5501.0,2070657
Jamaica,JAM,1978,68.7,5482.0,2094848
Jamaica,JAM,1979,68.8,5318.0,2119492
Jamaica,JAM,1980,69.0,4975.0,2145661
Jamaica,JAM,1981,69.1,5040.0,2173823
Jamaica,JAM,1982,69.3,5019.0,2203895
Jamaica,JAM,1983,69.5,5117.0,2234834
Jamaica,JAM,1984,69.8,5059.0,2264563
Jamaica,JAM,1985,70.1,4814.0,2290657
Jamaica,JAM,1986,70.4,4884.0,2312124
Jamaica,JAM,1987,70.9,5254.0,2329816
Jamaica,JAM,1988,71.2,5397.0,2345786
Jamaica,JAM,1989,71.5,5748.0,2361923
Jamaica,JAM,1990,71.7,6035.0,2379880
Jamaica,JAM,1991,71.8,6116.6,2400873
Jamaica,JAM,1992,71.8,6292.0,2424698
Jamaica,JAM,1993,71.8,6414.5,2449913
Jamaica,JAM,1994,71.6,6517.1,2475225
Jamaica,JAM,1995,71.5,6656.3,2500152
Jamaica,JAM,1996,71.3,6648.9,2524470
Jamaica,JAM,1997,71.2,6523.6,2547853
Jamaica,JAM,1998,71.2,6432.7,2569740
Jamaica,JAM,1999,71.2,6485.3,2589796
Jamaica,JAM,2000,71.3,6531.3,2607827
Jamaica,JAM,2001,71.3,6615.2,2624410
Jamaica,JAM,2002,71.5,6660.8,2640582
Jamaica,JAM,2003,71.6,6908.7,2656629
Jamaica,JAM,2004,71.5,7005.0,2672227
Jamaica,JAM,2005,71.5,7073.8,2687070
Jamaica,JAM,2006,71.4,7287.0,2700973
Jamaica,JAM,2007,71.4,7402.2,2713808
Jamaica,JAM,2008,71.5,7353.1,2725633
Jamaica,JAM,2009,71.7,7115.4,2737001
Jamaica,JAM,2010,72.0,7025.9,2748573
Jamaica,JAM,2011,72.2,7141.0,2760493
Jamaica,JAM,2012,72.4,7119.5,2772432
Jamaica,JAM,2013,72.4,7147.5,2783689
Jamaica,JAM,2014,72.4,7198.4,2793756
Jamaica,JAM,2015,72.2,7268.2,2802536
Jamaica,JAM,2016,72.1,7381.3,2809919
Jamaica,JAM,2017,71.9,7433.1,2815765
Jamaica,JAM,2018,71.6,7569.1,2820103
Jamaica,JAM,2019,71.5,7641.1,2823275
Jamaica,JAM,2020,71.5,6880.5,2830745
Jamaica,JAM,2021,69.1,7193.1,2837680
Jamaica,JAM,2022,71.5,7481.7,2839150
Japan,JPN,1952,63.0,3724.0,89135133
Japan,JPN,1953,63.3,3944.0,90324185
Japan,JPN,1954,64.5,4116.0,91407673
Japan,JPN,1955,65.7,4417.0,92425476
Japan,JPN,1956,65.6,4699.0,93342005
Japan,JPN,1957,65.4,4999.0,94108980
Japan,JPN,1958,67.0,5243.0,94846958
Japan,JPN,1959,67.5,5665.0,95622973
Japan,JPN,1960,67.7,6354.0,96399755
Japan,JPN,1961,68.4,7055.0,97217594
Japan,JPN,1962,68.7,7614.0,98076405
Japan,JPN,1963,69.7,8176.0,98958230
Japan,JPN,1964,70.2,9035.0,99890175
Japan,JPN,1965,70.3,9459.0,100916018
Japan,JPN,1966,71.1,10370.0,101887833
Japan,JPN,1967,71.4,11400.0,102965530
Japan,JPN,1968,71.7,12725.0,104237476
Japan,JPN,1969,71.9,14145.0,105475169
Japan,JPN,1970,72.0,15484.0,106712370
Japan,JPN,1971,72.8,16004.0,107952031
Japan,JPN,1972,73.3,17110.0,109238963
Japan,JPN,1973,73.4,18226.0,110614742
Japan,JPN,1974,73.8,17765.0,112009689
Japan,JPN,1975,74.4,18082.0,113321197
Japan,JPN,1976,74.8,18600.0,114502792
Japan,JPN,1977,75.3,19230.0,115574278
Japan,JPN,1978,75.7,20060.0,116576940
Japan,JPN,1979,76.2,20982.0,117521561
Japan,JPN,1980,76.1,21404.0,118358761
Japan,JPN,1981,76.6,21924.0,118994054
Japan,JPN,1982,77.1,22440.0,119485775
Japan,JPN,1983,77.1,22805.0,119948943
Japan,JPN,1984,77.5,23548.0,120384395
Japan,JPN,1985,77.8,24437.0,120832158
Japan,JPN,1986,78.2,24992.0,121366733
Japan,JPN,1987,78.6,25904.0,121943588
Japan,JPN,1988,78.5,27393.0,122476957
Japan,JPN,1989,79.0,28601.0,122947411
Japan,JPN,1990,79.0,29949.0,123399767
Japan,JPN,1991,79.3,30837.4,123889870
Japan,JPN,1992,79.3,30977.8,124383707
Japan,JPN,1993,79.4,30920.7,124839955
Japan,JPN,1994,79.8,31135.4,125286861
Japan,JPN,1995,79.7,31887.3,125672659
Japan,JPN,1996,80.4,32784.2,125975304
Japan,JPN,1997,80.6,33038.3,126265926
Japan,JPN,1998,80.6,32558.2,126549182
Japan,JPN,1999,80.6,32394.5,126801566
Japan,JPN,2000,81.2,33210.8,127027794
Japan,JPN,2001,81.5,33246.4,127260144
Japan,JPN,2002,81.8,33195.4,127484599
Japan,JPN,2003,81.9,33620.0,127671254
Japan,JPN,2004,82.1,34313.6,127815769
Japan,JPN,2005,82.0,34857.8,127913331
Japan,JPN,2006,82.4,35333.1,127997247
Japan,JPN,2007,82.5,35892.7,128087683
Japan,JPN,2008,82.6,35496.2,128155992
Japan,JPN,2009,83.0,33590.0,128192471
Japan,JPN,2010,82.9,35011.4,128185273
Japan,JPN,2011,82.7,34979.0,128096430
Japan,JPN,2012,83.2,35537.4,127928283
Japan,JPN,2013,83.4,36312.3,127723642
Japan,JPN,2014,83.6,36440.2,127486601
Japan,JPN,2015,83.9,37053.2,127275868
Japan,JPN,2016,84.1,37384.6,127159950
Japan,JPN,2017,84.2,38079.0,127064686
Japan,JPN,2018,84.3,38403.7,126913432
Japan,JPN,2019,84.4,38332.9,126699421
Japan,JPN,2020,84.7,36826.6,126304533
Japan,JPN,2021,84.6,37678.3,125679342
Japan,JPN,2022,84.1,38268.8,124997585
Jersey,JEY,1952,69.8,,58738
Jersey,JEY,1953,70.0,,59385
Jersey,JEY,1954,70.1,,60019
Jersey,JEY,1955,70.3,,60631
Jersey,JEY,1956,70.4,,61206
Jersey,JEY,1957,70.4,,61782
Jersey,JEY,1958,70.5,,62397
Jersey,JEY,1959,70.5,,63024
Jersey,JEY,1960,70.5,,63668
Jersey,JEY,1961,70.6,,64320
Jersey,JEY,1962,70.8,,64983
Jersey,JEY,1963,71.0,,65640
Jersey,JEY,1964,71.1,,66293
Jersey,JEY,1965,71.2,,66936
Jersey,JEY,1966,71.3,,67554
Jersey,JEY,1967,71.2,,68160
Jersey,JEY,1968,71.1,,68707
Jersey,JEY,1969,71.2,,69204
Jersey,JEY,1970,71.1,,69672
Jersey,JEY,1971,71.2,,70418
Jersey,JEY,1972,71.3,,71501
Jersey,JEY,1973,71.6,,72578
Jersey,JEY,1974,71.7,,73586
Jersey,JEY,1975,71.9,,74526
Jersey,JEY,1976,72.0,,75213
Jersey,JEY,1977,72.0,,75603
Jersey,JEY,1978,72.1,,75907
Jersey,JEY,1979,72.3,,76227
Jersey,JEY,1980,72.7,,76549
Jersey,JEY,1981,73.2,,77067
Jersey,JEY,1982,73.6,,77843
Jersey,JEY,1983,74.0,,78681
Jersey,JEY,1984,74.5,,79531
Jersey,JEY,1985,74.7,,80393
Jersey,JEY,1986,75.0,,81190
Jersey,JEY,1987,75.3,,81916
Jersey,JEY,1988,75.6,,82609
Jersey,JEY,1989,75.8,,83331
Jersey,JEY,1990,76.1,,84210
Jersey,JEY,1991,76.3,,84906
Jersey,JEY,1992,76.6,,85239
Jersey,JEY,1993,76.8,,85501
Jersey,JEY,1994,77.1,,85716
Jersey,JEY,1995,77.3,,85887
Jersey,JEY,1996,77.6,,86192
Jersey,JEY,1997,77.8,,86676
Jersey,JEY,1998,78.1,,87137
Jersey,JEY,1999,78.2,,87545
Jersey,JEY,2000,78.4,,87853
Jersey,JEY,2001,78.6,,88401
Jersey,JEY,2002,78.8,,89306
Jersey,JEY,2003,79.1,,90297
Jersey,JEY,2004,79.4,,91271
Jersey,JEY,2005,79.7,,92267
Jersey,JEY,2006,79.9,,93244
Jersey,JEY,2007,80.1,,94227
Jersey,JEY,2008,80.3,,95195
Jersey,JEY,2009,80.4,,96156
Jersey,JEY,2010,80.5,,97121
Jersey,JEY,2011,80.7,,98038
Jersey,JEY,2012,80.7,,98927
Jersey,JEY,2013,80.7,,99759
Jersey,JEY,2014,80.7,,100582
Jersey,JEY,2015,80.5,,101224
Jersey,JEY,2016,80.3,,101700
Jersey,JEY,2017,80.2,,102130
Jersey,JEY,2018,80.0,,102531
Jersey,JEY,2019,79.9,,102866
Jersey,JEY,2020,79.4,,103138
Jersey,JEY,2021,79.3,,103339
Jersey,JEY,2022,79.7,,103493
Jordan,JOR,1952,43.2,2751.0,506449
Jordan,JOR,1953,44.4,2801.0,544109
Jordan,JOR,1954,45.6,2848.0,583856
Jordan,JOR,1955,46.8,2590.0,625572
Jordan,JOR,1956,48.0,3410.0,669110
Jordan,JOR,1957,49.2,3354.0,714362
Jordan,JOR,1958,50.4,3539.0,760829
Jordan,JOR,1959,51.6,3645.0,807612
Jordan,JOR,1960,52.7,3714.0,853471
Jordan,JOR,1961,53.7,4280.0,897599
Jordan,JOR,1962,54.6,4176.0,940564
Jordan,JOR,1963,55.5,4222.0,984720
Jordan,JOR,1964,56.5,4752.0,1035644
Jordan,JOR,1965,57.3,5074.0,1099446
Jordan,JOR,1966,57.8,5000.0,1178371
Jordan,JOR,1967,59.0,4876.0,1271186
Jordan,JOR,1968,59.8,4262.0,1372468
Jordan,JOR,1969,60.5,4420.0,1473101
Jordan,JOR,1970,59.8,3818.0,1565172
Jordan,JOR,1971,61.8,3771.0,1645148
Jordan,JOR,1972,62.5,3754.0,1714562
Jordan,JOR,1973,63.1,3806.0,1778096
Jordan,JOR,1974,63.6,3995.0,1839191
Jordan,JOR,1975,64.1,4117.0,1899059
Jordan,JOR,1976,64.7,4935.0,1958181
Jordan,JOR,1977,65.1,5072.0,2019008
Jordan,JOR,1978,65.6,5926.0,2083604
Jordan,JOR,1979,66.0,6247.0,2153891
Jordan,JOR,1980,66.5,7141.0,2234192
Jordan,JOR,1981,66.9,7176.0,2325528
Jordan,JOR,1982,67.4,7401.0,2426933
Jordan,JOR,1983,67.8,7262.0,2537307
Jordan,JOR,1984,68.2,7599.0,2654689
Jordan,JOR,1985,68.6,7578.0,2778819
Jordan,JOR,1986,69.0,7973.0,2909896
Jordan,JOR,1987,69.3,7911.0,3047634
Jordan,JOR,1988,69.6,7571.0,3193044
Jordan,JOR,1989,69.9,6540.0,3349638
Jordan,JOR,1990,70.1,6044.0,3621915
Jordan,JOR,1991,70.2,5900.5,3915152
Jordan,JOR,1992,70.4,6456.1,4127699
Jordan,JOR,1993,70.6,6460.7,4348018
Jordan,JOR,1994,70.7,6538.2,4561409
Jordan,JOR,1995,70.9,6760.1,4752097
Jordan,JOR,1996,71.1,6783.2,4912518
Jordan,JOR,1997,71.3,6942.5,5046287
Jordan,JOR,1998,71.5,7120.5,5164290
Jordan,JOR,1999,71.7,7340.5,5276450
Jordan,JOR,2000,71.9,7621.8,5386945
Jordan,JOR,2001,72.1,7982.7,5498900
Jordan,JOR,2002,72.4,8394.1,5616077
Jordan,JOR,2003,72.6,8669.6,5741837
Jordan,JOR,2004,72.8,9288.6,5882066
Jordan,JOR,2005,73.0,9860.8,6029597
Jordan,JOR,2006,73.2,10404.6,6427377
Jordan,JOR,2007,73.4,10938.8,6827235
Jordan,JOR,2008,73.6,11378.3,6989874
Jordan,JOR,2009,73.7,11651.2,7141763
Jordan,JOR,2010,73.8,11601.1,7297046
Jordan,JOR,2011,73.9,11615.0,7480431
Jordan,JOR,2012,74.1,11704.7,7587133
Jordan,JOR,2013,74.3,10834.4,7991812
Jordan,JOR,2014,74.6,9765.8,8791715
Jordan,JOR,2015,75.1,9307.2,9544730
Jordan,JOR,2016,75.6,9149.4,10006369
Jordan,JOR,2017,76.1,9186.5,10234227
Jordan,JOR,2018,76.5,9174.5,10462310
Jordan,JOR,2019,76.9,9166.1,10671893
Jordan,JOR,2020,75.6,8896.4,10865232
Jordan,JOR,2021,74.2,9019.9,11066356
Jordan,JOR,2022,77.1,9151.5,11256269
Kazakhstan,KAZ,1952,56.1,,7258805
Kazakhstan,KAZ,1953,56.4,,7498485
Kazakhstan,KAZ,1954,56.6,,7742036
Kazakhstan,KAZ,1955,56.8,,7993636
Kazakhstan,KAZ,1956,57.1,,8256704
Kazakhstan,KAZ,1957,57.3,,8533907
Kazakhstan,KAZ,1958,57.5,,8822638
Kazakhstan,KAZ,1959,57.7,,9122174
Kazakhstan,KAZ,1960,57.9,,9429982
Kazakhstan,KAZ,1961,58.2,,9742081
Kazakhstan,KAZ,1962,58.4,,10058937
Kazakhstan,KAZ,1963,58.6,,10377471
Kazakhstan,KAZ,1964,58.8,,10690312
Kazakhstan,KAZ,1965,59.0,,10993195
Kazakhstan,KAZ,1966,59.2,,11288989
Kazakhstan,KAZ,1967,59.4,,11584428
Kazakhstan,KAZ,1968,59.6,,11879184
Kazakhstan,KAZ,1969,59.8,,12156219
Kazakhstan,KAZ,1970,60.0,,12419056
Kazakhstan,KAZ,1971,60.3,,12684817
Kazakhstan,KAZ,1972,60.5,,12951805
Kazakhstan,KAZ,1973,60.7,12154.0,13208122
Kazakhstan,KAZ,1974,60.9,,13454576
Kazakhstan,KAZ,1975,61.1,,13700850
Kazakhstan,KAZ,1976,61.3,,13998737
Kazakhstan,KAZ,1977,61.5,,14353262
Kazakhstan,KAZ,1978,61.8,,14711507
Kazakhstan,KAZ,1979,62.1,,14978703
Kazakhstan,KAZ,1980,62.5,11899.0,15152953
Kazakhstan,KAZ,1981,63.0,11604.0,15323086
Kazakhstan,KAZ,1982,63.6,11322.0,15492597
Kazakhstan,KAZ,1983,64.2,11735.0,15665554
Kazakhstan,KAZ,1984,64.8,11553.0,15844620
Kazakhstan,KAZ,1985,65.4,11545.0,16031087
Kazakhstan,KAZ,1986,65.8,11576.0,16262697
Kazakhstan,KAZ,1987,66.0,11389.0,16527717
Kazakhstan,KAZ,1988,66.0,12256.0,16781167
Kazakhstan,KAZ,1989,65.9,12153.0,16997012
Kazakhstan,KAZ,1990,65.7,11888.0,17154060
Kazakhstan,KAZ,1991,65.4,10557.1,17278604
Kazakhstan,KAZ,1992,65.0,10012.6,17332624
Kazakhstan,KAZ,1993,64.5,9173.6,17274487
Kazakhstan,KAZ,1994,64.1,8178.8,17043775
Kazakhstan,KAZ,1995,63.7,7674.1,16730541
Kazakhstan,KAZ,1996,63.5,7826.9,16416036
Kazakhstan,KAZ,1997,63.3,8093.8,16043250
Kazakhstan,KAZ,1998,63.3,8088.6,15647789
Kazakhstan,KAZ,1999,63.5,8421.3,15455877
Kazakhstan,KAZ,2000,63.8,9309.4,15501108
Kazakhstan,KAZ,2001,64.1,10589.1,15575550
Kazakhstan,KAZ,2002,64.4,11640.2,15656680
Kazakhstan,KAZ,2003,64.8,12726.3,15747377
Kazakhstan,KAZ,2004,65.0,13929.7,15850164
Kazakhstan,KAZ,2005,65.4,15233.8,15968118
Kazakhstan,KAZ,2006,65.7,16786.6,16103718
Kazakhstan,KAZ,2007,66.2,18181.1,16257212
Kazakhstan,KAZ,2008,66.8,18665.8,16426527
Kazakhstan,KAZ,2009,67.5,18750.5,16619851
Kazakhstan,KAZ,2010,68.3,19964.5,16836808
Kazakhstan,KAZ,2011,69.1,21302.0,17065996
Kazakhstan,KAZ,2012,69.9,22089.9,17306115
Kazakhstan,KAZ,2013,70.7,23110.0,17556502
Kazakhstan,KAZ,2014,71.4,23819.7,17816285
Kazakhstan,KAZ,2015,72.0,23782.6,18084175
Kazakhstan,KAZ,2016,72.5,23731.5,18363600
Kazakhstan,KAZ,2017,73.0,24396.8,18651931
Kazakhstan,KAZ,2018,73.4,25142.7,18932725
Kazakhstan,KAZ,2019,73.7,26026.1,19209556
Kazakhstan,KAZ,2020,71.2,25124.5,19482116
Kazakhstan,KAZ,2021,70.1,25936.4,19743607
Kazakhstan,KAZ,2022,73.5,26491.9,20034612
Kenya,KEN,1952,38.6,1063.0,6033296
Kenya,KEN,1953,39.8,1009.0,6183900
Kenya,KEN,1954,41.0,1095.0,6348143
Kenya,KEN,1955,42.3,1144.0,6529301
Kenya,KEN,1956,43.5,1173.0,6727685
Kenya,KEN,1957,45.3,1176.0,6944873
Kenya,KEN,1958,46.5,1156.0,7174794
Kenya,KEN,1959,47.5,1148.0,7422742
Kenya,KEN,1960,48.5,1157.0,7695310
Kenya,KEN,1961,49.3,1093.0,7987768
Kenya,KEN,1962,50.1,1117.0,8299311
Kenya,KEN,1963,50.8,1138.0,8627972
Kenya,KEN,1964,51.3,1208.0,8973539
Kenya,KEN,1965,51.9,1184.0,9338084
Kenya,KEN,1966,52.4,1294.0,9717825
Kenya,KEN,1967,52.8,1317.0,10111061
Kenya,KEN,1968,53.3,1366.0,10518828
Kenya,KEN,1969,53.7,1404.0,10939697
Kenya,KEN,1970,54.1,1458.0,11368806
Kenya,KEN,1971,54.5,1500.0,11788906
Kenya,KEN,1972,55.0,1524.0,12206063
Kenya,KEN,1973,55.5,1546.0,12634841
Kenya,KEN,1974,56.0,1564.0,13070078
Kenya,KEN,1975,56.6,1502.0,13511672
Kenya,KEN,1976,57.2,1503.0,13957620
Kenya,KEN,1977,57.7,1580.0,14428824
Kenya,KEN,1978,58.2,1656.0,14934127
Kenya,KEN,1979,58.7,1651.0,15460668
Kenya,KEN,1980,59.2,1675.0,16018465
Kenya,KEN,1981,59.6,1647.0,16601510
Kenya,KEN,1982,59.9,1680.0,17206177
Kenya,KEN,1983,60.3,1627.0,17846374
Kenya,KEN,1984,60.6,1594.0,18514908
Kenya,KEN,1985,60.9,1604.0,19201772
Kenya,KEN,1986,60.8,1658.0,19901643
Kenya,KEN,1987,60.7,1698.0,20616091
Kenya,KEN,1988,60.3,1741.0,21356222
Kenya,KEN,1989,60.0,1761.0,22118437
Kenya,KEN,1990,58.3,1780.0,22892655
Kenya,KEN,1991,57.8,1777.8,23646514
Kenya,KEN,1992,57.1,1724.9,24382466
Kenya,KEN,1993,56.7,1698.3,25117192
Kenya,KEN,1994,56.1,1729.7,25857136
Kenya,KEN,1995,55.9,1789.9,26601753
Kenya,KEN,1996,55.6,1851.3,27344211
Kenya,KEN,1997,55.5,1846.4,28101762
Kenya,KEN,1998,55.6,1890.0,28888063
Kenya,KEN,1999,55.9,1920.8,29733413
Kenya,KEN,2000,56.1,1914.9,30642893
Kenya,KEN,2001,56.5,1972.4,31619170
Kenya,KEN,2002,56.8,1961.9,32629809
Kenya,KEN,2003,57.4,1997.8,33652233
Kenya,KEN,2004,57.9,2066.2,34713453
Kenya,KEN,2005,58.5,2157.8,35796485
Kenya,KEN,2006,59.1,2255.3,36904010
Kenya,KEN,2007,59.4,2380.8,38036354
Kenya,KEN,2008,60.0,2357.2,39206349
Kenya,KEN,2009,60.5,2404.6,40408887
Kenya,KEN,2010,60.9,2579.5,41598570
Kenya,KEN,2011,61.3,2712.0,42758467
Kenya,KEN,2012,61.5,2754.8,43888306
Kenya,KEN,2013,61.7,2786.1,44986794
Kenya,KEN,2014,62.0,2852.9,46051441
Kenya,KEN,2015,62.3,2921.3,47088528
Kenya,KEN,2016,62.5,2975.5,48139683
Kenya,KEN,2017,62.7,3021.0,49197757
Kenya,KEN,2018,62.8,3120.4,50207109
Kenya,KEN,2019,62.9,3207.3,51202829
Kenya,KEN,2020,61.6,3129.6,52217327
Kenya,KEN,2021,61.2,3292.8,53219167
Kenya,KEN,2022,63.5,3403.9,54252458
Kiribati,KIR,1952,45.9,,39449
Kiribati,KIR,1953,46.0,,40285
Kiribati,KIR,1954,46.1,,41151
Kiribati,KIR,1955,46.3,,42062
Kiribati,KIR,1956,46.5,,43009
Kiribati,KIR,1957,46.8,,43992
Kiribati,KIR,1958,47.1,,45005
Kiribati,KIR,1959,47.5,,46061
Kiribati,KIR,1960,48.0,,47177
Kiribati,KIR,1961,48.5,,48347
Kiribati,KIR,1962,49.0,,49562
Kiribati,KIR,1963,49.7,,50812
Kiribati,KIR,1964,50.4,,52106
Kiribati,KIR,1965,51.0,,53452
Kiribati,KIR,1966,51.7,,54449
Kiribati,KIR,1967,52.5,,55016
Kiribati,KIR,1968,53.1,,55545
Kiribati,KIR,1969,53.8,,56380
Kiribati,KIR,1970,54.4,,57530
Kiribati,KIR,1971,54.9,,58672
Kiribati,KIR,1972,55.3,,59796
Kiribati,KIR,1973,55.8,,60839
Kiribati,KIR,1974,56.1,,61235
Kiribati,KIR,1975,56.4,,61011
Kiribati,KIR,1976,56.6,,60683
Kiribati,KIR,1977,56.1,,60285
Kiribati,KIR,1978,56.9,,59878
Kiribati,KIR,1979,57.1,,60192
Kiribati,KIR,1980,57.3,,61170
Kiribati,KIR,1981,57.5,,62137
Kiribati,KIR,1982,57.8,,63146
Kiribati,KIR,1983,58.1,,64183
Kiribati,KIR,1984,58.4,,65245
Kiribati,KIR,1985,58.7,,66510
Kiribati,KIR,1986,59.1,,68079
Kiribati,KIR,1987,59.6,,69749
Kiribati,KIR,1988,60.1,,71445
Kiribati,KIR,1989,60.5,,73164
Kiribati,KIR,1990,61.0,,74872
Kiribati,KIR,1991,61.5,,76385
Kiribati,KIR,1992,62.0,,77655
Kiribati,KIR,1993,62.4,,78853
Kiribati,KIR,1994,62.8,,80033
Kiribati,KIR,1995,63.1,,81251
Kiribati,KIR,1996,63.5,,82637
Kiribati,KIR,1997,63.8,,84161
Kiribati,KIR,1998,64.1,,85672
Kiribati,KIR,1999,64.4,,87139
Kiribati,KIR,2000,64.7,,88632
Kiribati,KIR,2001,64.9,,90350
Kiribati,KIR,2002,65.1,,92281
Kiribati,KIR,2003,65.3,,94189
Kiribati,KIR,2004,65.4,,96096
Kiribati,KIR,2005,65.5,,98045
Kiribati,KIR,2006,65.6,,100028
Kiribati,KIR,2007,65.7,,102081
Kiribati,KIR,2008,65.7,,104235
Kiribati,KIR,2009,65.8,,106479
Kiribati,KIR,2010,65.9,,108717
Kiribati,KIR,2011,65.9,,110660
Kiribati,KIR,2012,65.9,,112293
Kiribati,KIR,2013,65.9,,113847
Kiribati,KIR,2014,65.9,,115339
Kiribati,KIR,2015,65.8,,116826
Kiribati,KIR,2016,65.8,,118488
Kiribati,KIR,2017,65.8,,120288
Kiribati,KIR,2018,65.8,,122097
Kiribati,KIR,2019,65.9,,123928
Kiribati,KIR,2020,65.2,,126110
Kiribati,KIR,2021,64.1,,128387
Kiribati,KIR,2022,66.3,,130483
Kuwait,KWT,1952,51.4,47856.0,163169
Kuwait,KWT,1953,52.3,49989.0,168102
Kuwait,KWT,1954,53.1,52920.0,173256
Kuwait,KWT,1955,54.0,51417.0,186125
Kuwait,KWT,1956,54.9,52404.0,207222
Kuwait,KWT,1957,55.9,50126.0,227052
Kuwait,KWT,1958,56.9,47671.0,250216
Kuwait,KWT,1959,57.9,47131.0,279532
Kuwait,KWT,1960,58.9,45929.0,311066
Kuwait,KWT,1961,60.0,41622.0,345953
Kuwait,KWT,1962,61.0,42150.0,385005
Kuwait,KWT,1963,62.0,40377.0,427702
Kuwait,KWT,1964,63.0,40333.0,473122
Kuwait,KWT,1965,63.9,37511.0,521180
Kuwait,KWT,1966,64.9,38335.0,572597
Kuwait,KWT,1967,65.8,35720.0,628104
Kuwait,KWT,1968,66.6,35546.0,687726
Kuwait,KWT,1969,67.3,33415.0,749460
Kuwait,KWT,1970,68.0,48927.0,809118
Kuwait,KWT,1971,68.5,49302.0,865079
Kuwait,KWT,1972,68.9,48283.0,920358
Kuwait,KWT,1973,69.2,42542.0,977665
Kuwait,KWT,1974,69.4,34962.0,1038354
Kuwait,KWT,1975,69.7,28950.0,1104869
Kuwait,KWT,1976,69.9,28956.0,1178717
Kuwait,KWT,1977,70.2,26168.0,1258029
Kuwait,KWT,1978,70.5,26363.0,1340323
Kuwait,KWT,1979,70.8,28174.0,1423523
Kuwait,KWT,1980,71.1,21154.0,1504789
Kuwait,KWT,1981,71.5,16402.0,1583428
Kuwait,KWT,1982,71.9,13845.0,1662489
Kuwait,KWT,1983,72.4,14292.0,1744302
Kuwait,KWT,1984,72.9,14384.0,1820692
Kuwait,KWT,1985,73.3,13015.0,1894255
Kuwait,KWT,1986,73.8,13509.0,1972520
Kuwait,KWT,1987,74.2,12416.0,2053007
Kuwait,KWT,1988,74.6,12317.0,2134708
Kuwait,KWT,1989,75.0,12701.0,2217470
Kuwait,KWT,1990,72.9,9757.0,1684833
Kuwait,KWT,1991,73.3,6310.9,1351403
Kuwait,KWT,1992,75.7,12965.1,1634968
Kuwait,KWT,1993,75.8,19955.3,1672158
Kuwait,KWT,1994,75.7,24532.4,1664371
Kuwait,KWT,1995,75.7,27553.0,1681518
Kuwait,KWT,1996,75.6,29612.7,1730255
Kuwait,KWT,1997,75.6,31511.2,1787692
Kuwait,KWT,1998,75.6,33331.3,1844308
Kuwait,KWT,1999,75.7,33351.2,1900035
Kuwait,KWT,2000,75.9,35844.7,1954713
Kuwait,KWT,2001,76.0,37225.9,2008127
Kuwait,KWT,2002,76.2,39943.2,2059983
Kuwait,KWT,2003,76.3,48809.7,2109886
Kuwait,KWT,2004,76.4,55911.8,2157329
Kuwait,KWT,2005,76.5,62959.6,2236797
Kuwait,KWT,2006,76.6,68546.1,2364741
Kuwait,KWT,2007,76.7,73096.9,2507890
Kuwait,KWT,2008,76.9,75138.1,2651433
Kuwait,KWT,2009,77.2,70072.7,2795489
Kuwait,KWT,2010,77.5,68865.3,2943374
Kuwait,KWT,2011,77.9,77126.0,3132815
Kuwait,KWT,2012,78.2,80657.1,3337025
Kuwait,KWT,2013,78.6,80098.6,3507755
Kuwait,KWT,2014,78.9,79103.4,3665769
Kuwait,KWT,2015,79.2,78261.2,3834465
Kuwait,KWT,2016,79.5,79289.2,4003976
Kuwait,KWT,2017,79.7,74427.0,4154686
Kuwait,KWT,2018,79.9,75164.0,4323389
Kuwait,KWT,2019,80.0,73748.4,4442201
Kuwait,KWT,2020,78.2,66366.0,4400146
Kuwait,KWT,2021,77.6,66418.2,4360748
Kuwait,KWT,2022,78.8,71533.5,4589514
Kyrgyzstan,KGZ,1952,52.6,,1824592
Kyrgyzstan,KGZ,1953,52.9,,1862537
Kyrgyzstan,KGZ,1954,53.2,,1902146
Kyrgyzstan,KGZ,1955,53.5,,1944409
Kyrgyzstan,KGZ,1956,53.9,,1989628
Kyrgyzstan,KGZ,1957,54.2,,2038322
Kyrgyzstan,KGZ,1958,54.5,,2090857
Kyrgyzstan,KGZ,1959,54.8,,2149301
Kyrgyzstan,KGZ,1960,55.1,,2215517
Kyrgyzstan,KGZ,1961,55.4,,2288672
Kyrgyzstan,KGZ,1962,55.7,,2367299
Kyrgyzstan,KGZ,1963,56.0,,2449247
Kyrgyzstan,KGZ,1964,56.3,,2532153
Kyrgyzstan,KGZ,1965,56.6,,2615065
Kyrgyzstan,KGZ,1966,57.0,,2697630
Kyrgyzstan,KGZ,1967,57.3,,2780172
Kyrgyzstan,KGZ,1968,57.6,,2862894
Kyrgyzstan,KGZ,1969,57.9,,2944842
Kyrgyzstan,KGZ,1970,58.2,,3025143
Kyrgyzstan,KGZ,1971,58.5,,3101444
Kyrgyzstan,KGZ,1972,58.8,,3173948
Kyrgyzstan,KGZ,1973,59.2,5941.0,3244873
Kyrgyzstan,KGZ,1974,59.5,,3314025
Kyrgyzstan,KGZ,1975,59.8,,3381368
Kyrgyzstan,KGZ,1976,60.1,,3447009
Kyrgyzstan,KGZ,1977,60.4,,3514133
Kyrgyzstan,KGZ,1978,60.7,,3584533
Kyrgyzstan,KGZ,1979,61.1,,3656193
Kyrgyzstan,KGZ,1980,61.5,5848.0,3729372
Kyrgyzstan,KGZ,1981,61.8,5789.0,3804455
Kyrgyzstan,KGZ,1982,62.3,5726.0,3882820
Kyrgyzstan,KGZ,1983,62.3,5992.0,3965765
Kyrgyzstan,KGZ,1984,62.9,5952.0,4039348
Kyrgyzstan,KGZ,1985,63.7,5616.0,4102389
Kyrgyzstan,KGZ,1986,64.7,5413.0,4168594
Kyrgyzstan,KGZ,1987,65.4,5241.0,4238467
Kyrgyzstan,KGZ,1988,65.3,5679.0,4308022
Kyrgyzstan,KGZ,1989,65.2,5719.0,4381999
Kyrgyzstan,KGZ,1990,64.8,5742.0,4459545
Kyrgyzstan,KGZ,1991,64.9,5161.9,4532124
Kyrgyzstan,KGZ,1992,64.4,4362.1,4600308
Kyrgyzstan,KGZ,1993,63.6,3764.9,4626809
Kyrgyzstan,KGZ,1994,62.7,2993.8,4649190
Kyrgyzstan,KGZ,1995,62.9,2776.0,4713641
Kyrgyzstan,KGZ,1996,63.4,2901.6,4782885
Kyrgyzstan,KGZ,1997,64.2,3114.7,4847998
Kyrgyzstan,KGZ,1998,64.6,3106.0,4907792
Kyrgyzstan,KGZ,1999,64.9,3144.5,4968593
Kyrgyzstan,KGZ,2000,65.2,3246.4,5025150
Kyrgyzstan,KGZ,2001,65.3,3358.0,5071960
Kyrgyzstan,KGZ,2002,65.3,3299.2,5116252
Kyrgyzstan,KGZ,2003,65.4,3464.8,5159422
Kyrgyzstan,KGZ,2004,65.6,3632.1,5203048
Kyrgyzstan,KGZ,2005,65.8,3554.2,5246337
Kyrgyzstan,KGZ,2006,65.8,3594.6,5282451
Kyrgyzstan,KGZ,2007,66.0,3831.5,5313376
Kyrgyzstan,KGZ,2008,66.6,4046.7,5342530
Kyrgyzstan,KGZ,2009,67.1,4075.8,5398013
Kyrgyzstan,KGZ,2010,67.5,3977.6,5491763
Kyrgyzstan,KGZ,2011,67.7,4142.0,5594537
Kyrgyzstan,KGZ,2012,68.1,4103.8,5696521
Kyrgyzstan,KGZ,2013,68.5,4509.8,5797294
Kyrgyzstan,KGZ,2014,68.8,4644.3,5898322
Kyrgyzstan,KGZ,2015,69.3,4772.8,6001876
Kyrgyzstan,KGZ,2016,69.9,4925.4,6108460
Kyrgyzstan,KGZ,2017,70.5,5104.1,6220148
Kyrgyzstan,KGZ,2018,70.7,5226.5,6341733
Kyrgyzstan,KGZ,2019,70.9,5412.7,6494036
Kyrgyzstan,KGZ,2020,69.1,4899.1,6664143
Kyrgyzstan,KGZ,2021,69.3,5035.9,6820483
Kyrgyzstan,KGZ,2022,71.5,5304.8,6955792
Laos,LAO,1952,39.4,714.0,1766187
Laos,LAO,1953,39.7,722.0,1807820
Laos,LAO,1954,40.0,730.0,1850134
Laos,LAO,1955,40.3,738.0,1893226
Laos,LAO,1956,40.6,744.0,1937237
Laos,LAO,1957,40.9,751.0,1982140
Laos,LAO,1958,41.2,759.0,2028028
Laos,LAO,1959,40.7,765.0,2074484
Laos,LAO,1960,41.0,771.0,2121517
Laos,LAO,1961,41.3,779.0,2169800
Laos,LAO,1962,42.3,787.0,2219918
Laos,LAO,1963,41.5,794.0,2271068
Laos,LAO,1964,41.9,802.0,2322828
Laos,LAO,1965,42.2,810.0,2376200
Laos,LAO,1966,42.3,818.0,2431088
Laos,LAO,1967,42.9,826.0,2487719
Laos,LAO,1968,43.2,834.0,2546381
Laos,LAO,1969,43.5,842.0,2606965
Laos,LAO,1970,43.8,850.0,2669703
Laos,LAO,1971,44.1,875.0,2734637
Laos,LAO,1972,44.4,886.0,2801657
Laos,LAO,1973,44.7,944.0,2870578
Laos,LAO,1974,45.9,958.0,2939759
Laos,LAO,1975,46.1,999.0,3005524
Laos,LAO,1976,46.0,1023.0,3064882
Laos,LAO,1977,46.4,993.0,3118926
Laos,LAO,1978,46.8,991.0,3171753
Laos,LAO,1979,47.5,966.0,3228198
Laos,LAO,1980,48.6,1054.0,3292575
Laos,LAO,1981,49.2,1199.0,3366638
Laos,LAO,1982,49.9,1256.0,3450022
Laos,LAO,1983,50.5,1283.0,3541003
Laos,LAO,1984,51.0,1344.0,3637845
Laos,LAO,1985,51.6,1382.0,3739985
Laos,LAO,1986,52.1,1409.0,3846720
Laos,LAO,1987,52.6,1350.0,3957624
Laos,LAO,1988,53.1,1286.0,4072608
Laos,LAO,1989,53.6,1428.0,4190972
Laos,LAO,1990,54.0,1481.0,4311960
Laos,LAO,1991,54.7,1512.5,4435121
Laos,LAO,1992,55.1,1563.9,4559650
Laos,LAO,1993,55.6,1622.6,4685064
Laos,LAO,1994,55.8,1718.1,4809223
Laos,LAO,1995,56.3,1801.5,4929410
Laos,LAO,1996,56.8,1899.9,5045686
Laos,LAO,1997,57.3,2002.2,5152015
Laos,LAO,1998,57.5,2050.9,5248273
Laos,LAO,1999,57.9,2167.8,5340784
Laos,LAO,2000,58.3,2262.2,5431213
Laos,LAO,2001,58.9,2365.1,5521481
Laos,LAO,2002,59.3,2487.0,5610888
Laos,LAO,2003,59.6,2625.3,5697944
Laos,LAO,2004,60.1,2784.7,5781627
Laos,LAO,2005,60.7,2948.7,5869531
Laos,LAO,2006,61.1,2896.1,5963199
Laos,LAO,2007,61.7,3389.4,6056237
Laos,LAO,2008,62.2,3614.5,6148974
Laos,LAO,2009,63.0,3843.8,6241649
Laos,LAO,2010,63.7,4114.0,6334198
Laos,LAO,2011,64.5,4401.0,6426592
Laos,LAO,2012,65.1,4670.0,6518981
Laos,LAO,2013,65.7,4961.0,6611385
Laos,LAO,2014,66.3,5251.0,6703170
Laos,LAO,2015,66.7,5559.0,6801647
Laos,LAO,2016,67.0,5859.7,6908800
Laos,LAO,2017,67.3,6168.2,7018150
Laos,LAO,2018,67.6,6454.8,7128043
Laos,LAO,2019,67.9,6706.0,7237635
Laos,LAO,2020,68.3,6824.1,7346534
Laos,LAO,2021,67.8,6961.1,7453192
Laos,LAO,2022,68.7,7168.2,7559008
Latvia,LVA,1952,65.7,,1949540
Latvia,LVA,1953,66.2,,1965203
Latvia,LVA,1954,66.7,,1982039
Latvia,LVA,1955,67.1,,2000467
Latvia,LVA,1956,67.6,,2019509
Latvia,LVA,1957,68.3,,2040121
Latvia,LVA,1958,68.9,,2063294
Latvia,LVA,1959,69.5,,2096983
Latvia,LVA,1960,70.3,,2131169
Latvia,LVA,1961,70.5,,2157173
Latvia,LVA,1962,69.9,,2182287
Latvia,LVA,1963,70.3,,2205804
Latvia,LVA,1964,71.5,,2229753
Latvia,LVA,1965,71.2,,2252769
Latvia,LVA,1966,71.2,,2274356
Latvia,LVA,1967,70.9,,2296080
Latvia,LVA,1968,70.5,,2317286
Latvia,LVA,1969,70.2,,2337663
Latvia,LVA,1970,70.2,,2357559
Latvia,LVA,1971,70.6,,2377075
Latvia,LVA,1972,70.3,,2395871
Latvia,LVA,1973,70.2,12506.0,2415773
Latvia,LVA,1974,70.1,,2436994
Latvia,LVA,1975,69.3,,2455780
Latvia,LVA,1976,69.4,,2470541
Latvia,LVA,1977,69.4,,2484605
Latvia,LVA,1978,69.3,,2497364
Latvia,LVA,1979,68.8,,2505526
Latvia,LVA,1980,69.1,13739.0,2511756
Latvia,LVA,1981,69.1,13970.0,2519972
Latvia,LVA,1982,69.6,14190.0,2532020
Latvia,LVA,1983,69.4,14376.0,2546976
Latvia,LVA,1984,69.4,14682.0,2562773
Latvia,LVA,1985,69.6,14273.0,2579237
Latvia,LVA,1986,71.0,14539.0,2599784
Latvia,LVA,1987,71.0,14360.0,2625969
Latvia,LVA,1988,70.9,14875.0,2652250
Latvia,LVA,1989,70.4,15661.0,2664839
Latvia,LVA,1990,69.5,15806.0,2660131
Latvia,LVA,1991,69.2,13774.9,2648933
Latvia,LVA,1992,68.5,9411.2,2614833
Latvia,LVA,1993,66.6,8439.3,2563820
Latvia,LVA,1994,65.2,8704.3,2521238
Latvia,LVA,1995,66.0,8709.1,2485948
Latvia,LVA,1996,68.6,8947.3,2457907
Latvia,LVA,1997,69.2,9773.5,2433229
Latvia,LVA,1998,68.9,10429.8,2410217
Latvia,LVA,1999,69.6,10707.7,2390822
Latvia,LVA,2000,70.2,11309.7,2368320
Latvia,LVA,2001,69.9,12103.8,2338299
Latvia,LVA,2002,70.2,13015.5,2311358
Latvia,LVA,2003,70.6,14142.1,2288983
Latvia,LVA,2004,70.9,15371.2,2264179
Latvia,LVA,2005,70.6,17069.7,2239787
Latvia,LVA,2006,70.6,19128.7,2219039
Latvia,LVA,2007,70.8,21042.4,2200774
Latvia,LVA,2008,72.0,20342.2,2177710
Latvia,LVA,2009,72.7,17582.1,2142044
Latvia,LVA,2010,73.0,17140.2,2097834
Latvia,LVA,2011,73.7,18428.0,2059940
Latvia,LVA,2012,73.9,19970.0,2034639
Latvia,LVA,2013,74.2,20581.9,2013004
Latvia,LVA,2014,74.3,21168.5,1994153
Latvia,LVA,2015,74.7,22179.4,1977874
Latvia,LVA,2016,74.8,22913.0,1959863
Latvia,LVA,2017,74.8,23893.8,1942599
Latvia,LVA,2018,75.0,25039.9,1927586
Latvia,LVA,2019,75.6,25858.6,1914267
Latvia,LVA,2020,75.5,25453.1,1901119
Latvia,LVA,2021,73.2,26738.6,1885593
Latvia,LVA,2022,74.9,27220.3,1881059
Lebanon,LBN,1952,60.8,5327.0,1427087
Lebanon,LBN,1953,61.2,5968.0,1468018
Lebanon,LBN,1954,61.6,6668.0,1510417
Lebanon,LBN,1955,61.5,7010.0,1554070
Lebanon,LBN,1956,62.2,6663.0,1599146
Lebanon,LBN,1957,62.8,6599.0,1645925
Lebanon,LBN,1958,61.2,5510.0,1693554
Lebanon,LBN,1959,63.6,5818.0,1742776
Lebanon,LBN,1960,63.9,5812.0,1794411
Lebanon,LBN,1961,64.3,6027.0,1850090
Lebanon,LBN,1962,64.6,6089.0,1909583
Lebanon,LBN,1963,64.9,5973.0,1970319
Lebanon,LBN,1964,65.1,6156.0,2030547
Lebanon,LBN,1965,65.3,6572.0,2088838
Lebanon,LBN,1966,65.5,6811.0,2148255
Lebanon,LBN,1967,65.7,6295.0,2206736
Lebanon,LBN,1968,65.8,6876.0,2266376
Lebanon,LBN,1969,65.9,6824.0,2328162
Lebanon,LBN,1970,66.0,7084.0,2386119
Lebanon,LBN,1971,66.1,7533.0,2446319
Lebanon,LBN,1972,66.2,8228.0,2509730
Lebanon,LBN,1973,66.3,8397.0,2572932
Lebanon,LBN,1974,66.4,8383.0,2635185
Lebanon,LBN,1975,57.7,5742.0,2693197
Lebanon,LBN,1976,36.4,2442.0,2726474
Lebanon,LBN,1977,60.3,4417.0,2762162
Lebanon,LBN,1978,60.0,4218.0,2822681
Lebanon,LBN,1979,59.6,4536.0,2882635
Lebanon,LBN,1980,59.9,4608.0,2944765
Lebanon,LBN,1981,60.3,4549.0,3008985
Lebanon,LBN,1982,47.2,2823.0,3054932
Lebanon,LBN,1983,60.8,3402.0,3095001
Lebanon,LBN,1984,61.2,4828.0,3152742
Lebanon,LBN,1985,61.6,5895.0,3217377
Lebanon,LBN,1986,62.0,5400.0,3300373
Lebanon,LBN,1987,62.5,6202.0,3385557
Lebanon,LBN,1988,62.9,4385.0,3454647
Lebanon,LBN,1989,65.1,2488.0,3525288
Lebanon,LBN,1990,65.5,3086.0,3595175
Lebanon,LBN,1991,70.9,4326.3,3668916
Lebanon,LBN,1992,71.2,4618.0,3747375
Lebanon,LBN,1993,71.6,5053.3,3820652
Lebanon,LBN,1994,72.0,5585.7,3889802
Lebanon,LBN,1995,72.4,6095.4,3960741
Lebanon,LBN,1996,72.6,6567.4,4034782
Lebanon,LBN,1997,72.9,6581.1,4108409
Lebanon,LBN,1998,73.2,6994.2,4181287
Lebanon,LBN,1999,73.5,7147.6,4255278
Lebanon,LBN,2000,73.9,7405.7,4329345
Lebanon,LBN,2001,74.4,7836.8,4401923
Lebanon,LBN,2002,74.8,8248.1,4463505
Lebanon,LBN,2003,75.3,8671.2,4525513
Lebanon,LBN,2004,75.7,9491.6,4599285
Lebanon,LBN,2005,76.1,9933.1,4671105
Lebanon,LBN,2006,75.7,10236.9,4751146
Lebanon,LBN,2007,76.7,11276.5,4844119
Lebanon,LBN,2008,77.0,12479.1,4925359
Lebanon,LBN,2009,77.3,14039.3,4992295
Lebanon,LBN,2010,77.5,15622.4,5041290
Lebanon,LBN,2011,77.8,16230.0,5096018
Lebanon,LBN,2012,77.9,16284.8,5235742
Lebanon,LBN,2013,78.0,15145.6,5743441
Lebanon,LBN,2014,78.1,13586.3,6346993
Lebanon,LBN,2015,78.3,12982.7,6472470
Lebanon,LBN,2016,78.3,13073.6,6323061
Lebanon,LBN,2017,78.2,13209.3,6160129
Lebanon,LBN,2018,78.3,13236.7,5984120
Lebanon,LBN,2019,78.2,12854.8,5794601
Lebanon,LBN,2020,76.3,10182.6,5702400
Lebanon,LBN,2021,73.6,10573.9,5718129
Lebanon,LBN,2022,78.0,10341.2,5744492
Lesotho,LSO,1952,45.9,666.0,601947
Lesotho,LSO,1953,46.6,682.0,614478
Lesotho,LSO,1954,47.3,708.0,627902
Lesotho,LSO,1955,48.0,719.0,642186
Lesotho,LSO,1956,48.6,735.0,657317
Lesotho,LSO,1957,49.2,749.0,674674
Lesotho,LSO,1958,49.6,764.0,694324
Lesotho,LSO,1959,49.9,773.0,714949
Lesotho,LSO,1960,50.2,813.0,736507
Lesotho,LSO,1961,50.3,813.0,758833
Lesotho,LSO,1962,50.3,918.0,781819
Lesotho,LSO,1963,50.3,995.0,805374
Lesotho,LSO,1964,50.3,1054.0,829442
Lesotho,LSO,1965,50.3,1054.0,854094
Lesotho,LSO,1966,50.4,1025.0,881879
Lesotho,LSO,1967,50.5,1113.0,913986
Lesotho,LSO,1968,50.8,1084.0,948108
Lesotho,LSO,1969,51.1,1074.0,983200
Lesotho,LSO,1970,51.5,1073.0,1019273
Lesotho,LSO,1971,51.8,952.0,1056248
Lesotho,LSO,1972,52.3,1108.0,1094069
Lesotho,LSO,1973,52.6,1364.0,1132706
Lesotho,LSO,1974,52.9,1414.0,1172420
Lesotho,LSO,1975,53.5,1270.0,1213650
Lesotho,LSO,1976,53.9,1447.0,1253217
Lesotho,LSO,1977,54.5,1658.0,1289966
Lesotho,LSO,1978,55.2,1934.0,1327244
Lesotho,LSO,1979,55.8,1678.0,1366171
Lesotho,LSO,1980,56.5,1589.0,1406530
Lesotho,LSO,1981,57.3,1564.0,1448073
Lesotho,LSO,1982,58.0,1576.0,1490732
Lesotho,LSO,1983,58.5,1561.0,1534414
Lesotho,LSO,1984,59.0,1589.0,1578992
Lesotho,LSO,1985,59.2,1600.0,1624385
Lesotho,LSO,1986,59.3,1645.0,1666140
Lesotho,LSO,1987,59.6,1621.0,1703395
Lesotho,LSO,1988,59.6,1736.0,1739847
Lesotho,LSO,1989,59.5,1804.0,1775437
Lesotho,LSO,1990,59.3,1882.0,1809698
Lesotho,LSO,1991,59.1,1853.5,1842383
Lesotho,LSO,1992,58.6,1914.6,1873281
Lesotho,LSO,1993,58.1,1903.7,1901799
Lesotho,LSO,1994,57.3,1924.1,1927708
Lesotho,LSO,1995,56.4,1888.7,1951441
Lesotho,LSO,1996,55.1,1931.7,1972424
Lesotho,LSO,1997,53.7,1940.3,1988140
Lesotho,LSO,1998,52.0,1922.7,1998048
Lesotho,LSO,1999,50.4,1923.9,2003238
Lesotho,LSO,2000,48.8,1967.4,2003919
Lesotho,LSO,2001,47.2,1997.4,2000859
Lesotho,LSO,2002,46.0,1959.0,1994686
Lesotho,LSO,2003,44.9,2003.1,1985060
Lesotho,LSO,2004,44.0,2004.1,1971130
Lesotho,LSO,2005,43.6,2013.8,1953080
Lesotho,LSO,2006,43.2,2056.3,1945066
Lesotho,LSO,2007,43.7,2106.8,1953273
Lesotho,LSO,2008,44.3,2177.9,1966547
Lesotho,LSO,2009,45.1,2199.4,1980884
Lesotho,LSO,2010,46.0,2313.9,1996256
Lesotho,LSO,2011,46.9,2346.0,2014015
Lesotho,LSO,2012,48.2,2456.0,2034363
Lesotho,LSO,2013,49.5,2559.0,2056509
Lesotho,LSO,2014,50.8,2644.0,2080091
Lesotho,LSO,2015,51.8,2710.0,2104614
Lesotho,LSO,2016,52.9,2774.6,2130424
Lesotho,LSO,2017,53.9,2654.4,2157117
Lesotho,LSO,2018,54.6,2582.5,2183611
Lesotho,LSO,2019,55.2,2514.2,2209414
Lesotho,LSO,2020,55.1,2297.4,2235727
Lesotho,LSO,2021,54.2,2311.9,2261549
Lesotho,LSO,2022,56.8,2313.0,2286112
Liberia,LBR,1952,38.1,3277.0,954977
Liberia,LBR,1953,38.1,3325.0,974392
Liberia,LBR,1954,38.1,3427.0,994771
Liberia,LBR,1955,38.1,3454.0,1016396
Liberia,LBR,1956,38.1,3494.0,1039157
Liberia,LBR,1957,38.1,3537.0,1062947
Liberia,LBR,1958,38.1,3545.0,1087253
Liberia,LBR,1959,38.1,3655.0,1112560
Liberia,LBR,1960,38.1,3674.0,1139519
Liberia,LBR,1961,38.1,3663.0,1167721
Liberia,LBR,1962,38.2,3612.0,1197042
Liberia,LBR,1963,38.3,3598.0,1227417
Liberia,LBR,1964,38.5,3679.0,1258749
Liberia,LBR,1965,38.7,3639.0,1291155
Liberia,LBR,1966,39.0,4208.0,1324390
Liberia,LBR,1967,39.3,4065.0,1358439
Liberia,LBR,1968,39.6,4136.0,1393532
Liberia,LBR,1969,40.0,4309.0,1429612
Liberia,LBR,1970,40.4,4457.0,1466677
Liberia,LBR,1971,40.7,4544.0,1504082
Liberia,LBR,1972,41.2,4568.0,1542674
Liberia,LBR,1973,41.6,4603.0,1583590
Liberia,LBR,1974,42.1,4616.0,1626363
Liberia,LBR,1975,42.5,4326.0,1670914
Liberia,LBR,1976,42.9,4415.0,1717071
Liberia,LBR,1977,43.2,4339.0,1766028
Liberia,LBR,1978,43.6,4463.0,1818255
Liberia,LBR,1979,43.9,4546.0,1872714
Liberia,LBR,1980,44.1,4138.0,1929260
Liberia,LBR,1981,44.3,3862.0,1986864
Liberia,LBR,1982,44.4,3813.0,2045076
Liberia,LBR,1983,44.6,3572.0,2107114
Liberia,LBR,1984,44.7,3443.0,2173314
Liberia,LBR,1985,44.0,3269.0,2240549
Liberia,LBR,1986,44.5,3129.0,2308516
Liberia,LBR,1987,44.3,3084.0,2377233
Liberia,LBR,1988,44.1,3070.0,2446942
Liberia,LBR,1989,43.9,3054.0,2517864
Liberia,LBR,1990,37.6,1690.0,2223667
Liberia,LBR,1991,43.6,1568.4,1956523
Liberia,LBR,1992,43.6,915.1,2072466
Liberia,LBR,1993,43.0,560.3,2155135
Liberia,LBR,1994,42.6,418.1,2149929
Liberia,LBR,1995,44.6,377.6,2169167
Liberia,LBR,1996,44.9,391.1,2232286
Liberia,LBR,1997,48.3,701.8,2412995
Liberia,LBR,1998,49.4,772.7,2670128
Liberia,LBR,1999,50.4,848.4,2821689
Liberia,LBR,2000,51.9,971.9,2928117
Liberia,LBR,2001,53.1,1097.2,3015343
Liberia,LBR,2002,54.1,1342.8,3094793
Liberia,LBR,2003,53.0,851.9,3119534
Liberia,LBR,2004,55.9,760.9,3156893
Liberia,LBR,2005,56.8,755.2,3301016
Liberia,LBR,2006,57.5,769.3,3490792
Liberia,LBR,2007,58.1,768.2,3669050
Liberia,LBR,2008,58.7,811.2,3821006
Liberia,LBR,2009,59.1,838.5,3943035
Liberia,LBR,2010,59.4,854.2,4058897
Liberia,LBR,2011,59.5,820.0,4221177
Liberia,LBR,2012,59.8,853.0,4373046
Liberia,LBR,2013,60.0,900.0,4470246
Liberia,LBR,2014,59.2,884.0,4564299
Liberia,LBR,2015,59.2,865.0,4659436
Liberia,LBR,2016,60.5,843.5,4755607
Liberia,LBR,2017,60.8,848.3,4848927
Liberia,LBR,2018,61.0,842.4,4944728
Liberia,LBR,2019,61.2,807.3,5043719
Liberia,LBR,2020,61.3,768.4,5149470
Liberia,LBR,2021,61.2,790.3,5259327
Liberia,LBR,2022,61.9,811.2,5373297
Libya,LBY,1952,33.8,697.0,1162480
Libya,LBY,1953,34.2,685.0,1183300
Libya,LBY,1954,34.7,662.0,1208183
Libya,LBY,1955,35.2,807.0,1241389
Libya,LBY,1956,36.0,950.0,1282962
Libya,LBY,1957,36.9,958.0,1328858
Libya,LBY,1958,38.0,1020.0,1379206
Libya,LBY,1959,39.3,1063.0,1433965
Libya,LBY,1960,40.8,1323.0,1492890
Libya,LBY,1961,42.4,1400.0,1555703
Libya,LBY,1962,44.1,1788.0,1621960
Libya,LBY,1963,45.6,2322.0,1690458
Libya,LBY,1964,47.7,3156.0,1753692
Libya,LBY,1965,49.3,3889.0,1804016
Libya,LBY,1966,50.9,4417.0,1849066
Libya,LBY,1967,52.5,4733.0,1898203
Libya,LBY,1968,53.8,6071.0,1952789
Libya,LBY,1969,55.2,6539.0,2014294
Libya,LBY,1970,56.4,6591.0,2082597
Libya,LBY,1971,57.6,6008.0,2153537
Libya,LBY,1972,58.7,6237.0,2226105
Libya,LBY,1973,59.7,6005.0,2314200
Libya,LBY,1974,60.7,6923.0,2432218
Libya,LBY,1975,61.6,6872.0,2571563
Libya,LBY,1976,62.4,8142.0,2721246
Libya,LBY,1977,63.1,8682.0,2881540
Libya,LBY,1978,63.8,8730.0,3052532
Libya,LBY,1979,64.3,9086.0,3233849
Libya,LBY,1980,64.8,8741.0,3424375
Libya,LBY,1981,65.3,6760.0,3621488
Libya,LBY,1982,65.8,6661.0,3724772
Libya,LBY,1983,66.3,6237.0,3718966
Libya,LBY,1984,66.7,5695.0,3773639
Libya,LBY,1985,67.3,6092.0,3898746
Libya,LBY,1986,67.8,5370.0,4017403
Libya,LBY,1987,68.3,4465.0,4129743
Libya,LBY,1988,68.6,4670.0,4237757
Libya,LBY,1989,69.0,4873.0,4342927
Libya,LBY,1990,69.3,4921.0,4445243
Libya,LBY,1991,69.6,5977.3,4544404
Libya,LBY,1992,70.0,6113.4,4640360
Libya,LBY,1993,70.2,6190.7,4733053
Libya,LBY,1994,70.5,6645.1,4822039
Libya,LBY,1995,70.6,6899.0,4906851
Libya,LBY,1996,70.7,7543.9,4987402
Libya,LBY,1997,70.7,8422.2,5064642
Libya,LBY,1998,70.7,8545.5,5140711
Libya,LBY,1999,70.6,9064.1,5218039
Libya,LBY,2000,70.5,9771.0,5305020
Libya,LBY,2001,70.7,10354.5,5403639
Libya,LBY,2002,70.8,10787.7,5508412
Libya,LBY,2003,71.0,12870.6,5619405
Libya,LBY,2004,71.2,14193.3,5736696
Libya,LBY,2005,71.4,16538.6,5858793
Libya,LBY,2006,71.6,18657.1,5980212
Libya,LBY,2007,71.8,20731.7,6104381
Libya,LBY,2008,71.9,25140.6,6235433
Libya,LBY,2009,72.1,26403.8,6366689
Libya,LBY,2010,72.2,29157.1,6497837
Libya,LBY,2011,69.9,12893.0,6343210
Libya,LBY,2012,72.2,25302.5,6179327
Libya,LBY,2013,72.3,20190.1,6304636
Libya,LBY,2014,71.3,15154.1,6427260
Libya,LBY,2015,71.6,14720.5,6531825
Libya,LBY,2016,71.8,14219.2,6632130
Libya,LBY,2017,72.7,18456.0,6738771
Libya,LBY,2018,73.2,19504.6,6849058
Libya,LBY,2019,72.9,16971.5,6951040
Libya,LBY,2020,72.4,11741.9,7045403
Libya,LBY,2021,72.1,14797.1,7135179
Libya,LBY,2022,74.5,12755.2,7223804
Liechtenstein,LIE,1952,66.2,,14251
Liechtenstein,LIE,1953,66.9,,14489
Liechtenstein,LIE,1954,67.5,,14736
Liechtenstein,LIE,1955,68.3,,14992
Liechtenstein,LIE,1956,68.9,,15265
Liechtenstein,LIE,1957,69.6,,15562
Liechtenstein,LIE,1958,70.1,,15878
Liechtenstein,LIE,1959,70.6,,16189
Liechtenstein,LIE,1960,70.9,,16512
Liechtenstein,LIE,1961,71.0,,16883
Liechtenstein,LIE,1962,70.9,,17299
Liechtenstein,LIE,1963,70.9,,17724
Liechtenstein,LIE,1964,71.1,,18170
Liechtenstein,LIE,1965,71.2,,18631
Liechtenstein,LIE,1966,71.6,,19090
Liechtenstein,LIE,1967,72.0,,19575
Liechtenstein,LIE,1968,72.3,,20105
Liechtenstein,LIE,1969,72.6,,20650
Liechtenstein,LIE,1970,72.8,,21170
Liechtenstein,LIE,1971,73.0,,21618
Liechtenstein,LIE,1972,73.4,,22022
Liechtenstein,LIE,1973,73.7,,22421
Liechtenstein,LIE,1974,74.0,,22826
Liechtenstein,LIE,1975,74.3,,23223
Liechtenstein,LIE,1976,74.6,,23610
Liechtenstein,LIE,1977,74.8,,23994
Liechtenstein,LIE,1978,74.7,,24369
Liechtenstein,LIE,1979,74.7,,24749
Liechtenstein,LIE,1980,74.8,,25114
Liechtenstein,LIE,1981,74.9,,25487
Liechtenstein,LIE,1982,75.1,,25870
Liechtenstein,LIE,1983,75.7,,26261
Liechtenstein,LIE,1984,76.2,,26652
Liechtenstein,LIE,1985,76.7,,27036
Liechtenstein,LIE,1986,77.2,,27406
Liechtenstein,LIE,1987,77.8,,27785
Liechtenstein,LIE,1988,78.0,,28171
Liechtenstein,LIE,1989,78.3,,28556
Liechtenstein,LIE,1990,78.5,,28912
Liechtenstein,LIE,1991,78.7,,29303
Liechtenstein,LIE,1992,78.7,,29750
Liechtenstein,LIE,1993,78.5,,30199
Liechtenstein,LIE,1994,78.2,,30623
Liechtenstein,LIE,1995,77.9,,31055
Liechtenstein,LIE,1996,77.7,,31497
Liechtenstein,LIE,1997,77.6,,31925
Liechtenstein,LIE,1998,77.8,,32341
Liechtenstein,LIE,1999,78.2,,32751
Liechtenstein,LIE,2000,78.6,,33137
Liechtenstein,LIE,2001,79.2,,33470
Liechtenstein,LIE,2002,79.8,,33770
Liechtenstein,LIE,2003,80.2,,34089
Liechtenstein,LIE,2004,80.7,,34409
Liechtenstein,LIE,2005,81.1,,34713
Liechtenstein,LIE,2006,81.4,,35002
Liechtenstein,LIE,2007,81.6,,35251
Liechtenstein,LIE,2008,81.9,,35467
Liechtenstein,LIE,2009,81.9,,35740
Liechtenstein,LIE,2010,82.1,,36021
Liechtenstein,LIE,2011,82.2,,36295
Liechtenstein,LIE,2012,82.3,,36621
Liechtenstein,LIE,2013,82.4,,36930
Liechtenstein,LIE,2014,82.5,,37191
Liechtenstein,LIE,2015,82.8,,37424
Liechtenstein,LIE,2016,82.9,,37635
Liechtenstein,LIE,2017,83.1,,37872
Liechtenstein,LIE,2018,83.3,,38157
Liechtenstein,LIE,2019,83.4,,38463
Liechtenstein,LIE,2020,82.0,,38793
Liechtenstein,LIE,2021,82.8,,39062
Liechtenstein,LIE,2022,83.4,,39338
Lithuania,LTU,1952,66.2,,2486412
Lithuania,LTU,1953,66.3,,2515121
Lithuania,LTU,1954,66.5,,2544711
Lithuania,LTU,1955,66.6,,2575311
Lithuania,LTU,1956,66.8,,2607334
Lithuania,LTU,1957,67.7,,2641760
Lithuania,LTU,1958,68.6,,2678931
Lithuania,LTU,1959,69.4,,2722678
Lithuania,LTU,1960,70.3,,2769099
Lithuania,LTU,1961,70.5,,2812604
Lithuania,LTU,1962,69.4,,2853290
Lithuania,LTU,1963,70.6,,2891080
Lithuania,LTU,1964,71.9,,2928858
Lithuania,LTU,1965,71.7,,2965259
Lithuania,LTU,1966,71.9,,3000360
Lithuania,LTU,1967,72.0,,3035382
Lithuania,LTU,1968,71.6,,3070263
Lithuania,LTU,1969,71.2,,3103424
Lithuania,LTU,1970,71.1,,3135874
Lithuania,LTU,1971,72.0,,3170711
Lithuania,LTU,1972,71.3,,3204904
Lithuania,LTU,1973,71.6,12103.0,3236223
Lithuania,LTU,1974,71.5,,3266366
Lithuania,LTU,1975,71.1,,3295734
Lithuania,LTU,1976,71.2,,3324568
Lithuania,LTU,1977,71.1,,3353250
Lithuania,LTU,1978,70.9,,3380072
Lithuania,LTU,1979,70.7,,3404743
Lithuania,LTU,1980,70.7,12734.0,3428417
Lithuania,LTU,1981,70.7,13190.0,3452313
Lithuania,LTU,1982,71.1,13654.0,3477581
Lithuania,LTU,1983,71.0,13718.0,3505434
Lithuania,LTU,1984,70.5,13796.0,3534123
Lithuania,LTU,1985,70.7,13287.0,3562393
Lithuania,LTU,1986,72.4,13667.0,3593782
Lithuania,LTU,1987,72.2,13831.0,3627368
Lithuania,LTU,1988,72.0,14851.0,3672653
Lithuania,LTU,1989,71.6,14693.0,3696107
Lithuania,LTU,1990,71.4,13809.0,3695016
Lithuania,LTU,1991,70.5,12999.3,3701408
Lithuania,LTU,1992,70.3,10240.9,3697552
Lithuania,LTU,1993,68.9,8621.1,3680201
Lithuania,LTU,1994,68.5,7830.0,3654893
Lithuania,LTU,1995,69.0,8299.5,3627038
Lithuania,LTU,1996,70.2,8793.7,3599721
Lithuania,LTU,1997,71.0,9592.6,3573418
Lithuania,LTU,1998,71.3,10382.1,3547768
Lithuania,LTU,1999,71.7,10336.4,3522905
Lithuania,LTU,2000,72.1,10806.9,3500410
Lithuania,LTU,2001,71.7,11606.7,3473008
Lithuania,LTU,2002,71.8,12490.6,3444051
Lithuania,LTU,2003,72.1,13917.5,3415276
Lithuania,LTU,2004,72.0,14995.8,3376703
Lithuania,LTU,2005,71.2,16418.0,3322264
Lithuania,LTU,2006,71.0,17916.1,3269809
Lithuania,LTU,2007,70.7,20138.5,3231378
Lithuania,LTU,2008,71.7,20879.8,3198482
Lithuania,LTU,2009,72.8,17983.4,3163255
Lithuania,LTU,2010,73.2,18663.8,3097721
Lithuania,LTU,2011,73.6,20243.0,3028642
Lithuania,LTU,2012,74.0,21305.0,2988334
Lithuania,LTU,2013,74.0,22285.7,2958359
Lithuania,LTU,2014,74.6,23273.2,2933171
Lithuania,LTU,2015,74.5,23968.8,2905771
Lithuania,LTU,2016,74.8,24886.8,2869109
Lithuania,LTU,2017,75.7,26318.0,2829317
Lithuania,LTU,2018,75.9,27631.5,2802485
Lithuania,LTU,2019,76.4,28986.1,2795057
Lithuania,LTU,2020,75.1,28971.8,2795766
Lithuania,LTU,2021,74.3,30557.0,2794490
Lithuania,LTU,2022,74.7,30863.3,2816923
Luxembourg,LUX,1952,66.1,13162.0,299909
Luxembourg,LUX,1953,66.4,13256.0,301692
Luxembourg,LUX,1954,66.7,13238.0,303489
Luxembourg,LUX,1955,67.4,13818.0,305315
Luxembourg,LUX,1956,67.1,14343.0,306957
Luxembourg,LUX,1957,66.9,14961.0,308439
Luxembourg,LUX,1958,68.4,15093.0,310039
Luxembourg,LUX,1959,68.4,15382.0,312043
Luxembourg,LUX,1960,68.8,15870.0,313888
Luxembourg,LUX,1961,69.1,16349.0,316347
Luxembourg,LUX,1962,68.4,16370.0,319663
Luxembourg,LUX,1963,68.7,16766.0,322855
Luxembourg,LUX,1964,68.8,17864.0,326232
Luxembourg,LUX,1965,69.2,18002.0,329709
Luxembourg,LUX,1966,68.9,18084.0,333085
Luxembourg,LUX,1967,69.5,18066.0,335524
Luxembourg,LUX,1968,70.0,18774.0,337015
Luxembourg,LUX,1969,69.7,20516.0,338271
Luxembourg,LUX,1970,69.2,20763.0,339337
Luxembourg,LUX,1971,69.2,21117.0,341961
Luxembourg,LUX,1972,70.5,22236.0,346085
Luxembourg,LUX,1973,70.3,23820.0,349206
Luxembourg,LUX,1974,70.2,24503.0,351432
Luxembourg,LUX,1975,70.3,22643.0,353686
Luxembourg,LUX,1976,70.2,23100.0,355877
Luxembourg,LUX,1977,71.5,23417.0,358252
Luxembourg,LUX,1978,71.5,24331.0,361047
Luxembourg,LUX,1979,72.3,24836.0,362898
Luxembourg,LUX,1980,72.4,24951.0,363711
Luxembourg,LUX,1981,72.1,25136.0,364487
Luxembourg,LUX,1982,72.2,25005.0,365061
Luxembourg,LUX,1983,73.0,25738.0,365495
Luxembourg,LUX,1984,72.7,27303.0,365904
Luxembourg,LUX,1985,73.3,28032.0,366665
Luxembourg,LUX,1986,74.1,30051.0,368409
Luxembourg,LUX,1987,73.9,30533.0,370789
Luxembourg,LUX,1988,74.3,33351.0,373789
Luxembourg,LUX,1989,74.3,36442.0,377384
Luxembourg,LUX,1990,75.0,36706.0,381707
Luxembourg,LUX,1991,75.0,39198.3,386819
Luxembourg,LUX,1992,74.7,39231.6,391972
Luxembourg,LUX,1993,75.4,40179.5,397210
Luxembourg,LUX,1994,75.9,40990.7,402597
Luxembourg,LUX,1995,75.9,40838.6,408237
Luxembourg,LUX,1996,76.2,40687.9,413779
Luxembourg,LUX,1997,76.4,42311.3,418970
Luxembourg,LUX,1998,76.6,44142.6,424158
Luxembourg,LUX,1999,77.0,47061.1,429909
Luxembourg,LUX,2000,77.3,50063.8,436142
Luxembourg,LUX,2001,77.5,50527.7,441754
Luxembourg,LUX,2002,77.6,51709.7,446392
Luxembourg,LUX,2003,77.3,51717.0,451845
Luxembourg,LUX,2004,78.7,52624.2,458305
Luxembourg,LUX,2005,78.9,53262.1,465369
Luxembourg,LUX,2006,78.8,54920.8,472869
Luxembourg,LUX,2007,79.1,58369.7,480277
Luxembourg,LUX,2008,80.1,56383.2,488995
Luxembourg,LUX,2009,79.9,52731.4,498196
Luxembourg,LUX,2010,80.1,54086.3,507418
Luxembourg,LUX,2011,80.3,54031.0,518583
Luxembourg,LUX,2012,80.4,53675.5,530951
Luxembourg,LUX,2013,80.9,53973.4,543358
Luxembourg,LUX,2014,81.2,54100.1,556285
Luxembourg,LUX,2015,81.3,54251.4,569540
Luxembourg,LUX,2016,81.6,55516.1,583511
Luxembourg,LUX,2017,81.1,55037.2,596506
Luxembourg,LUX,2018,81.5,54626.0,608109
Luxembourg,LUX,2019,81.6,54751.6,620167
Luxembourg,LUX,2020,81.4,53489.3,630597
Luxembourg,LUX,2021,81.8,55346.7,640276
Luxembourg,LUX,2022,82.2,55484.8,653315
Macao,MAC,1952,59.3,,200417
Macao,MAC,1953,59.7,,199605
Macao,MAC,1954,60.3,,197879
Macao,MAC,1955,60.7,,195454
Macao,MAC,1956,61.0,,192188
Macao,MAC,1957,62.5,,188202
Macao,MAC,1958,63.2,,183680
Macao,MAC,1959,63.7,,178433
Macao,MAC,1960,63.9,,173333
Macao,MAC,1961,64.5,,173335
Macao,MAC,1962,65.1,,177825
Macao,MAC,1963,65.7,,182143
Macao,MAC,1964,66.0,,225672
Macao,MAC,1965,66.3,,265637
Macao,MAC,1966,66.8,,262951
Macao,MAC,1967,67.4,,260430
Macao,MAC,1968,68.0,,257944
Macao,MAC,1969,68.3,,255316
Macao,MAC,1970,68.8,,257405
Macao,MAC,1971,69.2,,263470
Macao,MAC,1972,69.7,,273185
Macao,MAC,1973,70.1,,250337
Macao,MAC,1974,71.0,,221395
Macao,MAC,1975,71.2,,223951
Macao,MAC,1976,71.9,,227391
Macao,MAC,1977,71.8,,231546
Macao,MAC,1978,72.2,,236218
Macao,MAC,1979,72.6,,241160
Macao,MAC,1980,73.0,,246108
Macao,MAC,1981,73.4,,252516
Macao,MAC,1982,73.9,,261054
Macao,MAC,1983,74.1,,270519
Macao,MAC,1984,74.2,,280560
Macao,MAC,1985,74.7,,291288
Macao,MAC,1986,75.0,,302680
Macao,MAC,1987,75.2,,314630
Macao,MAC,1988,75.5,,326912
Macao,MAC,1989,76.2,,339223
Macao,MAC,1990,76.6,,351123
Macao,MAC,1991,76.6,,362275
Macao,MAC,1992,77.1,,372256
Macao,MAC,1993,77.5,,381331
Macao,MAC,1994,77.4,,390126
Macao,MAC,1995,77.8,,398703
Macao,MAC,1996,77.4,,407033
Macao,MAC,1997,78.4,,415074
Macao,MAC,1998,78.7,,422816
Macao,MAC,1999,79.1,,430253
Macao,MAC,2000,79.4,,437316
Macao,MAC,2001,79.8,,445121
Macao,MAC,2002,80.1,,456026
Macao,MAC,2003,80.2,,469062
Macao,MAC,2004,80.4,,482209
Macao,MAC,2005,80.5,,495416
Macao,MAC,2006,80.7,,508752
Macao,MAC,2007,80.9,,522281
Macao,MAC,2008,81.2,,535935
Macao,MAC,2009,81.5,,549492
Macao,MAC,2010,81.7,,562809
Macao,MAC,2011,82.0,,575644
Macao,MAC,2012,82.3,,587450
Macao,MAC,2013,82.5,,598752
Macao,MAC,2014,82.7,,610308
Macao,MAC,2015,82.9,,622185
Macao,MAC,2016,83.0,,634317
Macao,MAC,2017,83.1,,646558
Macao,MAC,2018,83.4,,658777
Macao,MAC,2019,83.3,,670982
Macao,MAC,2020,84.6,,683069
Macao,MAC,2021,83.8,,694404
Macao,MAC,2022,82.1,,704360
Madagascar,MDG,1952,40.3,1581.0,4160844
Madagascar,MDG,1953,40.7,1613.0,4267535
Madagascar,MDG,1954,40.9,1645.0,4377321
Madagascar,MDG,1955,41.3,1677.0,4490119
Madagascar,MDG,1956,41.7,1709.0,4606423
Madagascar,MDG,1957,42.1,1741.0,4726637
Madagascar,MDG,1958,42.5,1773.0,4850852
Madagascar,MDG,1959,43.0,1804.0,4979096
Madagascar,MDG,1960,43.3,1793.0,5111033
Madagascar,MDG,1961,43.8,1795.0,5246163
Madagascar,MDG,1962,44.2,1800.0,5384155
Madagascar,MDG,1963,44.6,1747.0,5525189
Madagascar,MDG,1964,45.0,1779.0,5669867
Madagascar,MDG,1965,45.4,1734.0,5819117
Madagascar,MDG,1966,46.0,1733.0,5974281
Madagascar,MDG,1967,46.5,1790.0,6136495
Madagascar,MDG,1968,46.9,1871.0,6306501
Madagascar,MDG,1969,47.3,1900.0,6484718
Madagascar,MDG,1970,47.9,1954.0,6672004
Madagascar,MDG,1971,48.2,1986.0,6868874
Madagascar,MDG,1972,48.5,1916.0,7074405
Madagascar,MDG,1973,48.9,1824.0,7288053
Madagascar,MDG,1974,49.3,1816.0,7509733
Madagascar,MDG,1975,49.6,1795.0,7739341
Madagascar,MDG,1976,49.8,1694.0,7976838
Madagascar,MDG,1977,49.9,1691.0,8222240
Madagascar,MDG,1978,50.0,1604.0,8475862
Madagascar,MDG,1979,50.1,1714.0,8737585
Madagascar,MDG,1980,50.0,1680.0,9006039
Madagascar,MDG,1981,49.8,1492.0,9279017
Madagascar,MDG,1982,50.0,1423.0,9557679
Madagascar,MDG,1983,50.1,1395.0,9843046
Madagascar,MDG,1984,50.2,1305.0,10134559
Madagascar,MDG,1985,50.4,1296.0,10433143
Madagascar,MDG,1986,50.7,1267.0,10736862
Madagascar,MDG,1987,51.1,1258.0,11047297
Madagascar,MDG,1988,51.4,1240.0,11369458
Madagascar,MDG,1989,51.8,1251.0,11705002
Madagascar,MDG,1990,52.1,1262.0,12055649
Madagascar,MDG,1991,52.6,1160.7,12421413
Madagascar,MDG,1992,52.9,1152.6,12800870
Madagascar,MDG,1993,53.7,1154.2,13197353
Madagascar,MDG,1994,54.2,1132.2,13613859
Madagascar,MDG,1995,54.8,1129.8,14051279
Madagascar,MDG,1996,55.5,1132.4,14510712
Madagascar,MDG,1997,56.1,1152.2,14990818
Madagascar,MDG,1998,56.8,1174.2,15489364
Madagascar,MDG,1999,57.4,1206.9,16000506
Madagascar,MDG,2000,58.0,1238.8,16516336
Madagascar,MDG,2001,58.7,1290.1,17032933
Madagascar,MDG,2002,59.2,1110.8,17549915
Madagascar,MDG,2003,59.7,1198.4,18071860
Madagascar,MDG,2004,60.2,1239.9,18606606
Madagascar,MDG,2005,60.7,1276.5,19159711
Madagascar,MDG,2006,61.1,1322.5,19730916
Madagascar,MDG,2007,61.5,1384.2,20318590
Madagascar,MDG,2008,62.0,1458.8,20923842
Madagascar,MDG,2009,62.3,1367.7,21547277
Madagascar,MDG,2010,62.6,1349.6,22183343
Madagascar,MDG,2011,62.9,1347.0,22822305
Madagascar,MDG,2012,63.0,1350.6,23462444
Madagascar,MDG,2013,63.2,1345.4,24109290
Madagascar,MDG,2014,63.3,1354.1,24764356
Madagascar,MDG,2015,63.4,1360.8,25426703
Madagascar,MDG,2016,63.4,1379.4,26099950
Madagascar,MDG,2017,63.4,1398.0,26788379
Madagascar,MDG,2018,63.5,1407.4,27494930
Madagascar,MDG,2019,63.5,1434.3,28219559
Madagascar,MDG,2020,62.7,1300.5,28953560
Madagascar,MDG,2021,62.5,1343.4,29691087
Madagascar,MDG,2022,63.1,1367.1,30437261
Malawi,MWI,1952,33.0,540.0,3059382
Malawi,MWI,1953,33.2,553.0,3119242
Malawi,MWI,1954,33.3,566.0,3181539
Malawi,MWI,1955,33.6,564.0,3246543
Malawi,MWI,1956,33.8,599.0,3315299
Malawi,MWI,1957,34.1,610.0,3387745
Malawi,MWI,1958,34.4,618.0,3463947
Malawi,MWI,1959,34.8,626.0,3544167
Malawi,MWI,1960,35.0,628.0,3628136
Malawi,MWI,1961,35.2,644.0,3715543
Malawi,MWI,1962,35.4,626.0,3806310
Malawi,MWI,1963,35.6,599.0,3900513
Malawi,MWI,1964,35.7,572.0,3997309
Malawi,MWI,1965,35.7,633.0,4096158
Malawi,MWI,1966,35.8,679.0,4197929
Malawi,MWI,1967,35.9,725.0,4303018
Malawi,MWI,1968,36.1,697.0,4411055
Malawi,MWI,1969,36.3,722.0,4521184
Malawi,MWI,1970,36.6,713.0,4633949
Malawi,MWI,1971,37.1,794.0,4751441
Malawi,MWI,1972,37.6,851.0,4874479
Malawi,MWI,1973,38.4,896.0,5003935
Malawi,MWI,1974,39.2,928.0,5141342
Malawi,MWI,1975,40.1,934.0,5287371
Malawi,MWI,1976,41.0,942.0,5443390
Malawi,MWI,1977,42.0,961.0,5614993
Malawi,MWI,1978,43.0,1015.0,5810135
Malawi,MWI,1979,43.7,1030.0,6028750
Malawi,MWI,1980,44.3,1004.0,6265529
Malawi,MWI,1981,44.7,925.0,6516460
Malawi,MWI,1982,44.8,904.0,6778885
Malawi,MWI,1983,45.0,913.0,7051707
Malawi,MWI,1984,44.8,925.0,7332811
Malawi,MWI,1985,44.6,966.0,7620509
Malawi,MWI,1986,44.3,936.0,7906485
Malawi,MWI,1987,43.9,905.0,8293173
Malawi,MWI,1988,43.6,872.0,8753265
Malawi,MWI,1989,43.5,864.0,9176223
Malawi,MWI,1990,43.6,861.0,9545860
Malawi,MWI,1991,43.5,900.0,9844228
Malawi,MWI,1992,43.6,802.9,10135082
Malawi,MWI,1993,43.6,865.8,10284027
Malawi,MWI,1994,43.8,791.6,10164899
Malawi,MWI,1995,43.8,906.9,10150122
Malawi,MWI,1996,44.0,972.8,10352227
Malawi,MWI,1997,44.2,1005.9,10562035
Malawi,MWI,1998,44.3,986.0,10792877
Malawi,MWI,1999,45.1,989.8,11047812
Malawi,MWI,2000,46.2,967.1,11315947
Malawi,MWI,2001,47.2,899.2,11593057
Malawi,MWI,2002,48.2,886.2,11880443
Malawi,MWI,2003,49.6,905.8,12181575
Malawi,MWI,2004,51.1,922.8,12500736
Malawi,MWI,2005,52.5,920.0,12840034
Malawi,MWI,2006,53.7,929.5,13198699
Malawi,MWI,2007,54.7,982.4,13576344
Malawi,MWI,2008,55.7,1017.8,13976415
Malawi,MWI,2009,56.7,1061.9,14395788
Malawi,MWI,2010,57.8,1091.6,14826466
Malawi,MWI,2011,58.9,1102.0,15265026
Malawi,MWI,2012,59.9,1089.3,15709577
Malawi,MWI,2013,60.8,1112.7,16161816
Malawi,MWI,2014,61.7,1143.0,16621534
Malawi,MWI,2015,62.3,1144.3,17085587
Malawi,MWI,2016,63.2,1138.7,17557741
Malawi,MWI,2017,63.9,1153.0,18039714
Malawi,MWI,2018,64.5,1172.7,18528086
Malawi,MWI,2019,65.0,1205.5,19025748
Malawi,MWI,2020,65.2,1186.7,19533885
Malawi,MWI,2021,64.8,1211.2,20047264
Malawi,MWI,2022,66.0,1190.1,20568731
Malaysia,MYS,1952,50.1,2345.0,6422851
Malaysia,MYS,1953,51.1,2295.0,6593945
Malaysia,MYS,1954,52.0,2375.0,6772374
Malaysia,MYS,1955,52.8,2327.0,6959959
Malaysia,MYS,1956,53.7,2399.0,7156627
Malaysia,MYS,1957,54.5,2319.0,7362818
Malaysia,MYS,1958,55.4,2252.0,7562886
Malaysia,MYS,1959,56.3,2338.0,7755779
Malaysia,MYS,1960,57.2,2439.0,7956201
Malaysia,MYS,1961,58.0,2538.0,8164448
Malaysia,MYS,1962,58.9,2609.0,8380174
Malaysia,MYS,1963,59.7,2660.0,8602166
Malaysia,MYS,1964,60.4,2754.0,8828416
Malaysia,MYS,1965,61.1,2876.0,9056415
Malaysia,MYS,1966,61.7,2942.0,9284693
Malaysia,MYS,1967,62.0,2917.0,9507107
Malaysia,MYS,1968,62.4,3096.0,9725283
Malaysia,MYS,1969,62.9,3196.0,9947604
Malaysia,MYS,1970,63.3,3314.0,10178802
Malaysia,MYS,1971,63.8,3475.0,10423466
Malaysia,MYS,1972,64.2,3649.0,10676839
Malaysia,MYS,1973,64.7,4081.0,10935622
Malaysia,MYS,1974,65.2,4285.0,11200903
Malaysia,MYS,1975,65.7,4221.0,11471914
Malaysia,MYS,1976,66.2,4638.0,11750093
Malaysia,MYS,1977,66.7,4903.0,12035716
Malaysia,MYS,1978,67.2,5214.0,12328158
Malaysia,MYS,1979,67.6,5510.0,12627866
Malaysia,MYS,1980,68.1,5829.0,12983365
Malaysia,MYS,1981,68.5,6095.0,13399206
Malaysia,MYS,1982,68.9,6303.0,13832796
Malaysia,MYS,1983,69.2,6529.0,14285914
Malaysia,MYS,1984,69.6,6867.0,14759013
Malaysia,MYS,1985,69.9,6626.0,15252262
Malaysia,MYS,1986,70.1,6543.0,15760425
Malaysia,MYS,1987,70.4,6723.0,16276735
Malaysia,MYS,1988,70.6,7144.0,16796612
Malaysia,MYS,1989,70.8,7634.0,17315003
Malaysia,MYS,1990,71.0,8179.0,17833179
Malaysia,MYS,1991,71.2,8781.2,18342474
Malaysia,MYS,1992,71.5,9383.9,18834569
Malaysia,MYS,1993,71.7,10131.9,19322667
Malaysia,MYS,1994,71.9,10867.3,19820446
Malaysia,MYS,1995,72.0,11725.1,20330602
Malaysia,MYS,1996,72.1,12668.7,20850085
Malaysia,MYS,1997,72.3,13344.6,21375225
Malaysia,MYS,1998,72.4,12129.6,21906713
Malaysia,MYS,1999,72.4,12636.6,22435532
Malaysia,MYS,2000,72.7,13474.7,22967817
Malaysia,MYS,2001,73.1,13307.2,23526535
Malaysia,MYS,2002,73.5,13809.9,24102477
Malaysia,MYS,2003,73.7,14362.2,24679604
Malaysia,MYS,2004,74.0,15087.3,25256773
Malaysia,MYS,2005,74.4,15651.1,25836075
Malaysia,MYS,2006,74.7,16353.9,26417909
Malaysia,MYS,2007,75.0,17209.6,26998383
Malaysia,MYS,2008,75.2,17865.6,27570052
Malaysia,MYS,2009,75.3,17430.4,28124779
Malaysia,MYS,2010,75.4,18574.3,28655772
Malaysia,MYS,2011,75.5,19390.0,29162034
Malaysia,MYS,2012,75.6,20162.2,29662835
Malaysia,MYS,2013,75.5,20819.2,30174269
Malaysia,MYS,2014,75.3,21769.0,30696133
Malaysia,MYS,2015,75.3,22550.3,31232796
Malaysia,MYS,2016,75.4,23251.9,31789692
Malaysia,MYS,2017,75.5,24301.6,32355642
Malaysia,MYS,2018,75.7,25175.8,32910963
Malaysia,MYS,2019,75.9,25986.4,33440590
Malaysia,MYS,2020,76.1,24279.3,33889554
Malaysia,MYS,2021,73.9,24764.6,34282404
Malaysia,MYS,2022,75.4,26628.7,34695494
Maldives,MDV,1952,37.0,,77077
Maldives,MDV,1953,36.9,,78509
Maldives,MDV,1954,36.9,,80010
Maldives,MDV,1955,37.0,,81619
Maldives,MDV,1956,37.1,,83317
Maldives,MDV,1957,37.3,,85136
Maldives,MDV,1958,37.6,,87054
Maldives,MDV,1959,37.9,,89075
Maldives,MDV,1960,38.2,,91203
Maldives,MDV,1961,38.6,,93464
Maldives,MDV,1962,39.1,,95817
Maldives,MDV,1963,39.6,,98236
Maldives,MDV,1964,40.2,,100673
Maldives,MDV,1965,40.8,,104116
Maldives,MDV,1966,41.4,,108528
Maldives,MDV,1967,42.1,,112543
Maldives,MDV,1968,42.9,,116092
Maldives,MDV,1969,43.7,,119581
Maldives,MDV,1970,44.5,,123240
Maldives,MDV,1971,45.5,,127052
Maldives,MDV,1972,46.4,,130979
Maldives,MDV,1973,47.5,,134971
Maldives,MDV,1974,48.5,,138994
Maldives,MDV,1975,49.6,,143169
Maldives,MDV,1976,50.8,,147539
Maldives,MDV,1977,51.8,,151943
Maldives,MDV,1978,50.4,,156169
Maldives,MDV,1979,53.9,,160372
Maldives,MDV,1980,54.8,,164844
Maldives,MDV,1981,55.7,,169544
Maldives,MDV,1982,56.6,,174341
Maldives,MDV,1983,57.5,,179141
Maldives,MDV,1984,58.3,,184212
Maldives,MDV,1985,59.2,,190182
Maldives,MDV,1986,60.0,,196949
Maldives,MDV,1987,60.8,,203961
Maldives,MDV,1988,61.6,,210899
Maldives,MDV,1989,62.4,,217749
Maldives,MDV,1990,63.1,,224772
Maldives,MDV,1991,63.9,,231810
Maldives,MDV,1992,64.7,,238559
Maldives,MDV,1993,65.4,,244893
Maldives,MDV,1994,66.2,,250831
Maldives,MDV,1995,67.0,,256660
Maldives,MDV,1996,67.7,,262354
Maldives,MDV,1997,68.5,,267711
Maldives,MDV,1998,69.3,,272734
Maldives,MDV,1999,70.2,,277423
Maldives,MDV,2000,70.9,,282025
Maldives,MDV,2001,71.7,,286778
Maldives,MDV,2002,72.4,,291631
Maldives,MDV,2003,73.3,,296497
Maldives,MDV,2004,73.0,,301416
Maldives,MDV,2005,74.8,,306429
Maldives,MDV,2006,75.3,,313866
Maldives,MDV,2007,75.7,,324489
Maldives,MDV,2008,76.0,,336178
Maldives,MDV,2009,76.4,,348282
Maldives,MDV,2010,76.8,,360802
Maldives,MDV,2011,77.1,,373683
Maldives,MDV,2012,77.5,,386821
Maldives,MDV,2013,77.8,,400077
Maldives,MDV,2014,78.2,,413623
Maldives,MDV,2015,78.6,,428165
Maldives,MDV,2016,78.9,,443316
Maldives,MDV,2017,79.2,,458297
Maldives,MDV,2018,79.4,,473106
Maldives,MDV,2019,79.7,,487737
Maldives,MDV,2020,78.7,,502127
Maldives,MDV,2021,78.1,,516163
Maldives,MDV,2022,80.8,,524116
Mali,MLI,1952,29.1,752.0,4836366
Mali,MLI,1953,29.4,765.0,4904800
Mali,MLI,1954,29.5,778.0,4972911
Mali,MLI,1955,29.7,791.0,5041937
Mali,MLI,1956,29.9,803.0,5111984
Mali,MLI,1957,30.1,816.0,5183132
Mali,MLI,1958,30.2,830.0,5253467
Mali,MLI,1959,30.3,845.0,5325646
Mali,MLI,1960,30.5,851.0,5402550
Mali,MLI,1961,30.6,840.0,5482288
Mali,MLI,1962,30.8,827.0,5563921
Mali,MLI,1963,31.0,866.0,5646606
Mali,MLI,1964,31.2,888.0,5730130
Mali,MLI,1965,31.5,881.0,5815483
Mali,MLI,1966,31.8,899.0,5902209
Mali,MLI,1967,32.2,910.0,5990908
Mali,MLI,1968,32.6,923.0,6082987
Mali,MLI,1969,32.9,899.0,6177698
Mali,MLI,1970,33.4,934.0,6276476
Mali,MLI,1971,33.8,945.0,6377945
Mali,MLI,1972,34.5,971.0,6483730
Mali,MLI,1973,35.1,926.0,6597114
Mali,MLI,1974,35.7,883.0,6715435
Mali,MLI,1975,36.5,982.0,6837265
Mali,MLI,1976,37.2,1090.0,6960979
Mali,MLI,1977,38.0,1148.0,7090985
Mali,MLI,1978,38.8,1101.0,7229654
Mali,MLI,1979,39.5,1345.0,7375272
Mali,MLI,1980,40.3,1168.0,7530522
Mali,MLI,1981,41.0,1111.0,7692763
Mali,MLI,1982,41.8,1030.0,7860196
Mali,MLI,1983,42.7,1057.0,8034400
Mali,MLI,1984,43.4,1084.0,8208599
Mali,MLI,1985,43.9,1089.0,8374661
Mali,MLI,1986,44.6,1138.0,8531272
Mali,MLI,1987,45.2,1138.0,8681167
Mali,MLI,1988,45.7,1116.0,8834001
Mali,MLI,1989,46.2,1205.0,8999935
Mali,MLI,1990,46.5,1191.0,9178826
Mali,MLI,1991,46.9,1186.8,9362885
Mali,MLI,1992,47.2,1115.4,9553540
Mali,MLI,1993,47.6,1115.1,9754786
Mali,MLI,1994,47.9,1111.8,9967035
Mali,MLI,1995,48.3,1100.2,10185368
Mali,MLI,1996,48.5,1130.5,10407274
Mali,MLI,1997,49.1,1161.0,10646499
Mali,MLI,1998,49.6,1167.4,10919577
Mali,MLI,1999,50.1,1192.3,11227420
Mali,MLI,2000,50.6,1153.0,11559291
Mali,MLI,2001,51.3,1309.3,11912162
Mali,MLI,2002,52.0,1321.3,12288051
Mali,MLI,2003,52.6,1391.3,12684951
Mali,MLI,2004,53.3,1367.0,13102415
Mali,MLI,2005,53.8,1414.8,13538648
Mali,MLI,2006,54.3,1438.2,13990143
Mali,MLI,2007,54.8,1441.2,14457776
Mali,MLI,2008,55.2,1460.5,14940786
Mali,MLI,2009,55.6,1477.4,15435536
Mali,MLI,2010,56.0,1505.0,15945201
Mali,MLI,2011,56.4,1500.0,16469054
Mali,MLI,2012,56.7,1449.2,16957039
Mali,MLI,2013,57.1,1444.2,17459619
Mali,MLI,2014,57.5,1505.7,18020267
Mali,MLI,2015,57.9,1555.8,18593022
Mali,MLI,2016,58.3,1602.8,19191298
Mali,MLI,2017,58.6,1642.5,19813016
Mali,MLI,2018,58.9,1673.9,20442031
Mali,MLI,2019,59.2,1706.0,21068405
Mali,MLI,2020,58.9,1638.9,21713837
Mali,MLI,2021,59.1,1643.0,22388637
Mali,MLI,2022,60.0,1651.9,23072641
Malta,MLT,1952,64.1,1701.0,304913
Malta,MLT,1953,64.3,1779.0,309348
Malta,MLT,1954,65.1,1844.0,313752
Malta,MLT,1955,66.3,1930.0,318149
Malta,MLT,1956,66.8,2150.0,322464
Malta,MLT,1957,67.5,2144.0,326702
Malta,MLT,1958,67.8,2255.0,329414
Malta,MLT,1959,68.4,2278.0,330361
Malta,MLT,1960,68.4,2383.0,330832
Malta,MLT,1961,68.4,2361.0,330855
Malta,MLT,1962,69.2,2260.0,330499
Malta,MLT,1963,69.2,2263.0,329815
Malta,MLT,1964,69.3,2343.0,328794
Malta,MLT,1965,69.5,2539.0,327407
Malta,MLT,1966,69.7,2828.0,325677
Malta,MLT,1967,69.8,3014.0,323820
Malta,MLT,1968,69.9,3309.0,323515
Malta,MLT,1969,70.1,3483.0,324762
Malta,MLT,1970,70.4,3889.0,326017
Malta,MLT,1971,70.1,3987.0,327300
Malta,MLT,1972,70.7,4299.0,328617
Malta,MLT,1973,71.3,4442.0,330059
Malta,MLT,1974,71.9,4863.0,331686
Malta,MLT,1975,72.1,5738.0,333458
Malta,MLT,1976,72.2,6684.0,335291
Malta,MLT,1977,72.3,7438.0,337169
Malta,MLT,1978,72.3,8080.0,339069
Malta,MLT,1979,72.5,8745.0,340974
Malta,MLT,1980,72.3,8920.0,342882
Malta,MLT,1981,72.4,9224.0,344754
Malta,MLT,1982,72.8,9526.0,346653
Malta,MLT,1983,73.1,9586.0,348598
Malta,MLT,1984,73.3,9797.0,350555
Malta,MLT,1985,73.8,10176.0,352567
Malta,MLT,1986,74.5,10584.0,355082
Malta,MLT,1987,75.3,10943.0,358089
Malta,MLT,1988,75.9,11765.0,361226
Malta,MLT,1989,76.2,12607.0,364530
Malta,MLT,1990,76.2,13259.0,367913
Malta,MLT,1991,76.5,13834.9,371335
Malta,MLT,1992,76.7,14341.3,374805
Malta,MLT,1993,76.8,14840.3,378222
Malta,MLT,1994,76.9,15539.1,381467
Malta,MLT,1995,77.0,16417.2,384559
Malta,MLT,1996,76.3,16932.0,387627
Malta,MLT,1997,77.3,17694.8,390687
Malta,MLT,1998,77.8,18488.7,393782
Malta,MLT,1999,77.8,19254.4,396897
Malta,MLT,2000,77.9,20434.5,399905
Malta,MLT,2001,78.9,20413.0,402788
Malta,MLT,2002,78.5,20874.0,405571
Malta,MLT,2003,78.7,21273.1,408236
Malta,MLT,2004,79.2,21233.0,410800
Malta,MLT,2005,79.5,21905.2,413324
Malta,MLT,2006,79.6,22233.7,415463
Malta,MLT,2007,79.7,23048.3,417201
Malta,MLT,2008,79.7,23674.6,418969
Malta,MLT,2009,80.4,22927.7,420800
Malta,MLT,2010,81.4,23632.6,422654
Malta,MLT,2011,80.8,23871.0,424635
Malta,MLT,2012,81.1,24629.8,426616
Malta,MLT,2013,81.8,25611.1,428457
Malta,MLT,2014,82.3,27007.9,434494
Malta,MLT,2015,82.6,28906.5,444978
Malta,MLT,2016,82.7,29207.3,455276
Malta,MLT,2017,83.1,31495.5,467902
Malta,MLT,2018,82.9,32292.8,484560
Malta,MLT,2019,82.8,33220.3,504017
Malta,MLT,2020,82.3,29703.8,518212
Malta,MLT,2021,82.3,33031.2,524383
Malta,MLT,2022,82.2,34496.3,528194
Marshall Islands,MHL,1952,52.7,,13240
Marshall Islands,MHL,1953,52.8,,13332
Marshall Islands,MHL,1954,52.9,,13413
Marshall Islands,MHL,1955,53.0,,13508
Marshall Islands,MHL,1956,53.2,,13594
Marshall Islands,MHL,1957,53.4,,13660
Marshall Islands,MHL,1958,53.6,,13826
Marshall Islands,MHL,1959,54.0,,14217
Marshall Islands,MHL,1960,54.4,,14728
Marshall Islands,MHL,1961,54.7,,15240
Marshall Islands,MHL,1962,55.2,,15782
Marshall Islands,MHL,1963,55.7,,16325
Marshall Islands,MHL,1964,56.3,,16881
Marshall Islands,MHL,1965,56.8,,17430
Marshall Islands,MHL,1966,57.3,,17947
Marshall Islands,MHL,1967,57.8,,18678
Marshall Islands,MHL,1968,58.2,,19889
Marshall Islands,MHL,1969,58.5,,21328
Marshall Islands,MHL,1970,58.8,,22552
Marshall Islands,MHL,1971,59.1,,23392
Marshall Islands,MHL,1972,59.5,,24015
Marshall Islands,MHL,1973,59.8,,24607
Marshall Islands,MHL,1974,60.1,,25318
Marshall Islands,MHL,1975,60.3,,26177
Marshall Islands,MHL,1976,60.4,,27040
Marshall Islands,MHL,1977,60.6,,27928
Marshall Islands,MHL,1978,60.7,,28831
Marshall Islands,MHL,1979,60.8,,29757
Marshall Islands,MHL,1980,61.0,,30793
Marshall Islands,MHL,1981,61.1,,32040
Marshall Islands,MHL,1982,61.3,,33418
Marshall Islands,MHL,1983,61.5,,34832
Marshall Islands,MHL,1984,61.6,,36282
Marshall Islands,MHL,1985,61.7,,37779
Marshall Islands,MHL,1986,61.8,,39307
Marshall Islands,MHL,1987,61.8,,40846
Marshall Islands,MHL,1988,61.8,,42338
Marshall Islands,MHL,1989,61.7,,43611
Marshall Islands,MHL,1990,61.8,,44648
Marshall Islands,MHL,1991,61.8,,45587
Marshall Islands,MHL,1992,61.9,,46406
Marshall Islands,MHL,1993,62.1,,47112
Marshall Islands,MHL,1994,62.3,,47731
Marshall Islands,MHL,1995,62.5,,48283
Marshall Islands,MHL,1996,62.8,,48795
Marshall Islands,MHL,1997,63.0,,49277
Marshall Islands,MHL,1998,63.2,,49732
Marshall Islands,MHL,1999,63.4,,50221
Marshall Islands,MHL,2000,63.3,,50721
Marshall Islands,MHL,2001,63.7,,51137
Marshall Islands,MHL,2002,63.8,,51441
Marshall Islands,MHL,2003,64.0,,51657
Marshall Islands,MHL,2004,64.0,,51803
Marshall Islands,MHL,2005,64.1,,51928
Marshall Islands,MHL,2006,64.2,,52011
Marshall Islands,MHL,2007,64.3,,52050
Marshall Islands,MHL,2008,64.3,,52049
Marshall Islands,MHL,2009,64.4,,52036
Marshall Islands,MHL,2010,64.5,,52064
Marshall Islands,MHL,2011,64.6,,51927
Marshall Islands,MHL,2012,64.8,,51438
Marshall Islands,MHL,2013,65.0,,50696
Marshall Islands,MHL,2014,65.1,,49815
Marshall Islands,MHL,2015,65.3,,48823
Marshall Islands,MHL,2016,65.5,,47730
Marshall Islands,MHL,2017,65.7,,46544
Marshall Islands,MHL,2018,65.9,,45307
Marshall Islands,MHL,2019,66.0,,44030
Marshall Islands,MHL,2020,65.4,,42728
Marshall Islands,MHL,2021,65.4,,41387
Marshall Islands,MHL,2022,66.7,,40094
Martinique,MTQ,1952,54.9,,242836
Martinique,MTQ,1953,57.6,,248677
Martinique,MTQ,1954,58.5,,255157
Martinique,MTQ,1955,58.8,,261050
Martinique,MTQ,1956,59.6,,266246
Martinique,MTQ,1957,60.1,,271683
Martinique,MTQ,1958,60.1,,277233
Martinique,MTQ,1959,61.5,,282900
Martinique,MTQ,1960,61.6,,288779
Martinique,MTQ,1961,62.9,,294595
Martinique,MTQ,1962,62.3,,299759
Martinique,MTQ,1963,62.6,,304239
Martinique,MTQ,1964,63.2,,308464
Martinique,MTQ,1965,64.2,,312771
Martinique,MTQ,1966,64.4,,317080
Martinique,MTQ,1967,65.1,,320931
Martinique,MTQ,1968,65.4,,323537
Martinique,MTQ,1969,65.4,,324846
Martinique,MTQ,1970,65.1,,325528
Martinique,MTQ,1971,67.3,,325995
Martinique,MTQ,1972,67.6,,326344
Martinique,MTQ,1973,68.0,,326376
Martinique,MTQ,1974,68.2,,326382
Martinique,MTQ,1975,69.0,,327346
Martinique,MTQ,1976,69.7,,328974
Martinique,MTQ,1977,70.3,,330279
Martinique,MTQ,1978,70.8,,331165
Martinique,MTQ,1979,71.4,,331790
Martinique,MTQ,1980,71.9,,332290
Martinique,MTQ,1981,72.4,,332997
Martinique,MTQ,1982,73.0,,335051
Martinique,MTQ,1983,73.5,,338658
Martinique,MTQ,1984,74.0,,342827
Martinique,MTQ,1985,74.4,,347156
Martinique,MTQ,1986,74.5,,351578
Martinique,MTQ,1987,74.9,,356144
Martinique,MTQ,1988,75.3,,360801
Martinique,MTQ,1989,75.8,,365568
Martinique,MTQ,1990,75.9,,370999
Martinique,MTQ,1991,76.4,,377313
Martinique,MTQ,1992,76.6,,383938
Martinique,MTQ,1993,76.8,,390545
Martinique,MTQ,1994,77.0,,397073
Martinique,MTQ,1995,77.2,,403505
Martinique,MTQ,1996,77.4,,409833
Martinique,MTQ,1997,77.6,,416094
Martinique,MTQ,1998,77.8,,421815
Martinique,MTQ,1999,78.1,,423895
Martinique,MTQ,2000,78.5,,421388
Martinique,MTQ,2001,78.4,,417157
Martinique,MTQ,2002,78.9,,412479
Martinique,MTQ,2003,79.6,,408417
Martinique,MTQ,2004,79.6,,405104
Martinique,MTQ,2005,80.2,,401849
Martinique,MTQ,2006,80.4,,400459
Martinique,MTQ,2007,80.1,,400812
Martinique,MTQ,2008,80.7,,400699
Martinique,MTQ,2009,81.2,,399527
Martinique,MTQ,2010,81.1,,397389
Martinique,MTQ,2011,81.6,,394576
Martinique,MTQ,2012,81.8,,391741
Martinique,MTQ,2013,81.9,,389470
Martinique,MTQ,2014,81.9,,387027
Martinique,MTQ,2015,82.0,,383737
Martinique,MTQ,2016,81.8,,378892
Martinique,MTQ,2017,82.0,,371510
Martinique,MTQ,2018,82.1,,364100
Martinique,MTQ,2019,82.1,,359621
Martinique,MTQ,2020,80.3,,356625
Martinique,MTQ,2021,77.7,,353286
Martinique,MTQ,2022,80.8,,349462
Mauritania,MRT,1952,39.2,717.0,684812
Mauritania,MRT,1953,39.6,736.0,699392
Mauritania,MRT,1954,40.1,756.0,714679
Mauritania,MRT,1955,40.6,776.0,730730
Mauritania,MRT,1956,41.1,797.0,747615
Mauritania,MRT,1957,41.7,816.0,765353
Mauritania,MRT,1958,42.3,837.0,783999
Mauritania,MRT,1959,42.9,858.0,803611
Mauritania,MRT,1960,43.6,913.0,824307
Mauritania,MRT,1961,44.3,1055.0,846174
Mauritania,MRT,1962,45.0,1019.0,869192
Mauritania,MRT,1963,45.8,944.0,893425
Mauritania,MRT,1964,46.6,1208.0,918957
Mauritania,MRT,1965,47.4,1358.0,945847
Mauritania,MRT,1966,48.1,1345.0,974159
Mauritania,MRT,1967,48.9,1372.0,1003858
Mauritania,MRT,1968,49.5,1471.0,1034748
Mauritania,MRT,1969,50.1,1425.0,1066763
Mauritania,MRT,1970,50.5,1548.0,1099815
Mauritania,MRT,1971,50.8,1533.0,1133708
Mauritania,MRT,1972,51.0,1511.0,1168359
Mauritania,MRT,1973,51.2,1473.0,1203840
Mauritania,MRT,1974,51.4,1570.0,1240193
Mauritania,MRT,1975,51.6,1699.0,1277335
Mauritania,MRT,1976,51.8,1779.0,1315341
Mauritania,MRT,1977,52.0,1742.0,1353771
Mauritania,MRT,1978,52.3,1581.0,1392716
Mauritania,MRT,1979,52.8,1706.0,1432762
Mauritania,MRT,1980,53.2,1682.0,1474046
Mauritania,MRT,1981,53.7,1714.0,1516883
Mauritania,MRT,1982,54.2,1548.0,1561183
Mauritania,MRT,1983,54.6,1553.0,1606748
Mauritania,MRT,1984,55.2,1486.0,1653696
Mauritania,MRT,1985,55.8,1502.0,1702110
Mauritania,MRT,1986,56.3,1553.0,1751843
Mauritania,MRT,1987,57.0,1551.0,1803016
Mauritania,MRT,1988,57.5,1533.0,1855862
Mauritania,MRT,1989,57.7,1559.0,1903059
Mauritania,MRT,1990,58.1,1511.0,1951881
Mauritania,MRT,1991,58.3,1547.5,2009739
Mauritania,MRT,1992,58.6,1559.9,2088143
Mauritania,MRT,1993,58.7,1668.7,2174333
Mauritania,MRT,1994,58.8,1733.0,2249462
Mauritania,MRT,1995,58.9,1686.2,2312027
Mauritania,MRT,1996,58.9,1873.1,2358193
Mauritania,MRT,1997,59.4,1799.8,2411316
Mauritania,MRT,1998,59.9,1841.2,2474650
Mauritania,MRT,1999,60.4,1954.2,2541700
Mauritania,MRT,2000,61.0,1934.7,2613450
Mauritania,MRT,2001,61.7,1964.4,2678766
Mauritania,MRT,2002,62.2,1967.4,2738659
Mauritania,MRT,2003,62.8,2076.2,2802050
Mauritania,MRT,2004,63.4,2186.0,2868671
Mauritania,MRT,2005,63.9,2371.0,2939060
Mauritania,MRT,2006,64.5,2807.2,3013659
Mauritania,MRT,2007,64.9,2875.0,3093065
Mauritania,MRT,2008,65.2,2895.7,3183276
Mauritania,MRT,2009,65.5,2855.6,3284454
Mauritania,MRT,2010,65.7,2982.7,3390968
Mauritania,MRT,2011,65.8,3104.0,3502813
Mauritania,MRT,2012,65.8,3213.0,3619035
Mauritania,MRT,2013,65.9,3319.0,3734324
Mauritania,MRT,2014,66.2,3459.0,3848511
Mauritania,MRT,2015,66.5,3424.0,3965959
Mauritania,MRT,2016,66.8,3376.8,4086655
Mauritania,MRT,2017,67.1,3495.2,4210603
Mauritania,MRT,2018,67.4,3567.1,4337685
Mauritania,MRT,2019,67.6,3659.1,4467714
Mauritania,MRT,2020,66.8,3532.3,4600136
Mauritania,MRT,2021,66.8,3527.4,4734874
Mauritania,MRT,2022,68.3,3680.4,4875644
Mauritius,MUS,1952,52.1,4002.0,557187
Mauritius,MUS,1953,51.5,4006.0,571925
Mauritius,MUS,1954,52.2,4095.0,585487
Mauritius,MUS,1955,53.8,4095.0,599593
Mauritius,MUS,1956,55.1,4106.0,614565
Mauritius,MUS,1957,55.7,4136.0,630414
Mauritius,MUS,1958,56.4,4132.0,647158
Mauritius,MUS,1959,57.4,4251.0,664841
Mauritius,MUS,1960,58.4,4396.0,680332
Mauritius,MUS,1961,59.5,5254.0,692533
Mauritius,MUS,1962,60.5,5144.0,705283
Mauritius,MUS,1963,61.1,5745.0,720357
Mauritius,MUS,1964,61.5,5196.0,736546
Mauritius,MUS,1965,62.1,5227.0,752668
Mauritius,MUS,1966,62.1,4921.0,768652
Mauritius,MUS,1967,61.7,5035.0,784260
Mauritius,MUS,1968,62.1,4602.0,799288
Mauritius,MUS,1969,62.7,4758.0,813740
Mauritius,MUS,1970,63.7,4662.0,827700
Mauritius,MUS,1971,63.8,4804.0,841116
Mauritius,MUS,1972,63.8,5128.0,853610
Mauritius,MUS,1973,64.3,5668.0,865153
Mauritius,MUS,1974,64.2,6038.0,876473
Mauritius,MUS,1975,64.4,6030.0,888031
Mauritius,MUS,1976,64.0,7264.0,899858
Mauritius,MUS,1977,64.8,7610.0,912153
Mauritius,MUS,1978,65.3,7763.0,925287
Mauritius,MUS,1979,66.0,7889.0,939395
Mauritius,MUS,1980,66.5,6970.0,954221
Mauritius,MUS,1981,67.2,7264.0,969222
Mauritius,MUS,1982,67.9,7563.0,983609
Mauritius,MUS,1983,68.4,7516.0,997375
Mauritius,MUS,1984,68.6,7798.0,1011247
Mauritius,MUS,1985,68.7,8265.0,1025066
Mauritius,MUS,1986,68.9,9001.0,1038348
Mauritius,MUS,1987,69.2,9840.0,1051115
Mauritius,MUS,1988,69.4,10418.0,1063596
Mauritius,MUS,1989,69.5,10806.0,1075985
Mauritius,MUS,1990,69.8,11489.0,1089033
Mauritius,MUS,1991,70.1,11643.4,1103050
Mauritius,MUS,1992,70.2,12002.4,1117676
Mauritius,MUS,1993,70.4,12228.8,1132397
Mauritius,MUS,1994,70.4,12381.1,1146559
Mauritius,MUS,1995,70.6,12567.9,1159824
Mauritius,MUS,1996,70.5,12841.9,1172390
Mauritius,MUS,1997,70.7,13198.3,1184304
Mauritius,MUS,1998,70.9,13607.9,1195111
Mauritius,MUS,1999,71.4,13572.7,1205903
Mauritius,MUS,2000,71.8,14272.3,1216632
Mauritius,MUS,2001,72.0,14347.6,1225807
Mauritius,MUS,2002,72.1,14196.0,1234090
Mauritius,MUS,2003,72.3,14623.3,1242094
Mauritius,MUS,2004,72.5,14854.6,1249799
Mauritius,MUS,2005,72.6,14725.2,1257215
Mauritius,MUS,2006,72.8,15042.5,1263785
Mauritius,MUS,2007,72.9,15519.4,1269522
Mauritius,MUS,2008,73.1,15958.0,1274635
Mauritius,MUS,2009,73.3,16029.3,1278976
Mauritius,MUS,2010,73.6,16269.3,1282710
Mauritius,MUS,2011,74.1,16483.0,1286270
Mauritius,MUS,2012,74.3,17021.2,1289174
Mauritius,MUS,2013,74.4,17555.6,1290988
Mauritius,MUS,2014,74.6,18192.2,1292006
Mauritius,MUS,2015,74.7,18828.0,1292283
Mauritius,MUS,2016,74.8,19525.3,1291807
Mauritius,MUS,2017,75.0,20259.9,1290654
Mauritius,MUS,2018,74.5,21040.6,1288836
Mauritius,MUS,2019,74.2,21624.8,1286269
Mauritius,MUS,2020,74.7,18446.0,1283231
Mauritius,MUS,2021,72.9,19069.0,1279628
Mauritius,MUS,2022,73.5,20643.1,1276134
Mayotte,MYT,1952,44.8,,21361
Mayotte,MYT,1953,46.1,,21815
Mayotte,MYT,1954,47.4,,22315
Mayotte,MYT,1955,48.7,,22850
Mayotte,MYT,1956,49.9,,23411
Mayotte,MYT,1957,51.1,,24003
Mayotte,MYT,1958,52.2,,24640
Mayotte,MYT,1959,53.3,,25312
Mayotte,MYT,1960,54.4,,26015
Mayotte,MYT,1961,55.4,,26755
Mayotte,MYT,1962,56.3,,27531
Mayotte,MYT,1963,57.3,,28358
Mayotte,MYT,1964,58.3,,29248
Mayotte,MYT,1965,59.2,,30204
Mayotte,MYT,1966,60.2,,31223
Mayotte,MYT,1967,61.0,,32283
Mayotte,MYT,1968,61.9,,33258
Mayotte,MYT,1969,62.7,,34165
Mayotte,MYT,1970,63.6,,35117
Mayotte,MYT,1971,64.3,,36132
Mayotte,MYT,1972,65.0,,37234
Mayotte,MYT,1973,65.7,,38415
Mayotte,MYT,1974,66.3,,39669
Mayotte,MYT,1975,67.0,,40986
Mayotte,MYT,1976,67.6,,42357
Mayotte,MYT,1977,68.2,,43777
Mayotte,MYT,1978,68.7,,45441
Mayotte,MYT,1979,69.2,,47605
Mayotte,MYT,1980,69.8,,50161
Mayotte,MYT,1981,70.2,,52949
Mayotte,MYT,1982,70.7,,55922
Mayotte,MYT,1983,71.1,,59014
Mayotte,MYT,1984,71.5,,62188
Mayotte,MYT,1985,71.9,,65606
Mayotte,MYT,1986,72.3,,69636
Mayotte,MYT,1987,72.6,,74230
Mayotte,MYT,1988,73.0,,79132
Mayotte,MYT,1989,73.3,,84283
Mayotte,MYT,1990,73.6,,89606
Mayotte,MYT,1991,74.0,,95115
Mayotte,MYT,1992,74.3,,101206
Mayotte,MYT,1993,74.5,,107983
Mayotte,MYT,1994,74.8,,115149
Mayotte,MYT,1995,75.1,,122590
Mayotte,MYT,1996,75.3,,130177
Mayotte,MYT,1997,75.6,,137444
Mayotte,MYT,1998,75.9,,143988
Mayotte,MYT,1999,76.1,,150218
Mayotte,MYT,2000,76.4,,156511
Mayotte,MYT,2001,76.5,,162716
Mayotte,MYT,2002,76.7,,168093
Mayotte,MYT,2003,76.8,,171702
Mayotte,MYT,2004,77.0,,175053
Mayotte,MYT,2005,77.1,,179615
Mayotte,MYT,2006,77.5,,185005
Mayotte,MYT,2007,77.8,,190773
Mayotte,MYT,2008,78.0,,196422
Mayotte,MYT,2009,78.2,,201909
Mayotte,MYT,2010,78.3,,207439
Mayotte,MYT,2011,78.2,,212996
Mayotte,MYT,2012,77.9,,219008
Mayotte,MYT,2013,77.6,,226642
Mayotte,MYT,2014,77.3,,235785
Mayotte,MYT,2015,76.9,,245594
Mayotte,MYT,2016,76.5,,255880
Mayotte,MYT,2017,76.3,,265170
Mayotte,MYT,2018,76.2,,269704
Mayotte,MYT,2019,76.1,,274918
Mayotte,MYT,2020,74.2,,284381
Mayotte,MYT,2021,72.8,,294431
Mayotte,MYT,2022,75.1,,305279
Mexico,MEX,1952,45.7,3706.0,29090173
Mexico,MEX,1953,47.0,3602.0,29899242
Mexico,MEX,1954,48.3,3851.0,30753012
Mexico,MEX,1955,49.6,4060.0,31650600
Mexico,MEX,1956,50.4,4213.0,32587939
Mexico,MEX,1957,51.1,4403.0,33562718
Mexico,MEX,1958,51.8,4501.0,34575074
Mexico,MEX,1959,52.7,4497.0,35627261
Mexico,MEX,1960,53.6,4723.0,36724614
Mexico,MEX,1961,54.4,4807.0,37890125
Mexico,MEX,1962,55.1,4881.0,39129204
Mexico,MEX,1963,55.5,5118.0,40424068
Mexico,MEX,1964,55.9,5555.0,41772051
Mexico,MEX,1965,56.7,5737.0,43174476
Mexico,MEX,1966,57.4,5950.0,44629105
Mexico,MEX,1967,58.0,6132.0,46129602
Mexico,MEX,1968,58.2,6432.0,47668308
Mexico,MEX,1969,58.4,6629.0,49233192
Mexico,MEX,1970,58.9,6873.0,50814958
Mexico,MEX,1971,59.4,6912.0,52412564
Mexico,MEX,1972,60.1,7256.0,54030172
Mexico,MEX,1973,60.5,7597.0,55667287
Mexico,MEX,1974,61.2,7801.0,57320150
Mexico,MEX,1975,61.9,8011.0,58982403
Mexico,MEX,1976,62.5,8131.0,60645513
Mexico,MEX,1977,63.0,8177.0,62308499
Mexico,MEX,1978,63.4,8690.0,63979053
Mexico,MEX,1979,63.9,9307.0,65648868
Mexico,MEX,1980,64.3,9929.0,67300338
Mexico,MEX,1981,64.7,10538.0,68892107
Mexico,MEX,1982,65.3,10240.0,70433258
Mexico,MEX,1983,65.8,9656.0,71971238
Mexico,MEX,1984,66.2,9777.0,73506848
Mexico,MEX,1985,66.8,9785.0,75043415
Mexico,MEX,1986,67.4,9283.0,76585638
Mexico,MEX,1987,67.9,9256.0,78136652
Mexico,MEX,1988,68.3,9193.0,79695526
Mexico,MEX,1989,68.6,9392.0,81247174
Mexico,MEX,1990,69.0,9699.0,82820170
Mexico,MEX,1991,69.4,10008.6,84430565
Mexico,MEX,1992,69.7,10262.2,86044806
Mexico,MEX,1993,70.0,10357.8,87653817
Mexico,MEX,1994,70.3,10721.0,89259202
Mexico,MEX,1995,70.7,9945.0,90862449
Mexico,MEX,1996,71.1,10386.5,92452700
Mexico,MEX,1997,71.5,11030.3,94021204
Mexico,MEX,1998,71.8,11510.9,95575242
Mexico,MEX,1999,72.2,11894.2,97115710
Mexico,MEX,2000,72.6,12613.4,98625553
Mexico,MEX,2001,72.9,12565.5,100099101
Mexico,MEX,2002,73.1,12645.5,101548627
Mexico,MEX,2003,73.3,12794.0,102978517
Mexico,MEX,2004,73.4,13287.6,104394131
Mexico,MEX,2005,73.6,13655.8,105811504
Mexico,MEX,2006,73.7,14287.6,107253666
Mexico,MEX,2007,73.8,14684.7,108774356
Mexico,MEX,2008,73.7,14808.1,110374286
Mexico,MEX,2009,73.6,14027.0,111999720
Mexico,MEX,2010,73.7,14697.3,113623898
Mexico,MEX,2011,73.9,15210.0,115243503
Mexico,MEX,2012,74.1,15548.0,116818208
Mexico,MEX,2013,74.3,15614.8,118343572
Mexico,MEX,2014,74.4,15883.9,119784265
Mexico,MEX,2015,74.4,16235.0,121072310
Mexico,MEX,2016,74.4,16705.0,122251344
Mexico,MEX,2017,74.3,16900.1,123400052
Mexico,MEX,2018,74.3,17055.1,124573713
Mexico,MEX,2019,74.5,16802.0,125762978
Mexico,MEX,2020,70.4,15253.7,126799053
Mexico,MEX,2021,69.7,15853.4,127648151
Mexico,MEX,2022,74.0,16235.5,128613116
Micronesia (country),FSM,1952,49.5,,33953
Micronesia (country),FSM,1953,50.0,,34935
Micronesia (country),FSM,1954,50.6,,35943
Micronesia (country),FSM,1955,51.1,,36998
Micronesia (country),FSM,1956,51.7,,38101
Micronesia (country),FSM,1957,52.3,,39240
Micronesia (country),FSM,1958,52.9,,40425
Micronesia (country),FSM,1959,53.6,,41683
Micronesia (country),FSM,1960,54.2,,43081
Micronesia (country),FSM,1961,54.7,,44628
Micronesia (country),FSM,1962,55.4,,46239
Micronesia (country),FSM,1963,56.0,,47762
Micronesia (country),FSM,1964,56.7,,49198
Micronesia (country),FSM,1965,57.2,,50701
Micronesia (country),FSM,1966,57.8,,52276
Micronesia (country),FSM,1967,58.3,,53865
Micronesia (country),FSM,1968,58.8,,55480
Micronesia (country),FSM,1969,59.3,,57162
Micronesia (country),FSM,1970,59.8,,58943
Micronesia (country),FSM,1971,60.2,,60655
Micronesia (country),FSM,1972,60.6,,62293
Micronesia (country),FSM,1973,61.0,,64000
Micronesia (country),FSM,1974,61.3,,65763
Micronesia (country),FSM,1975,61.6,,67445
Micronesia (country),FSM,1976,61.9,,69067
Micronesia (country),FSM,1977,62.1,,70774
Micronesia (country),FSM,1978,62.3,,72772
Micronesia (country),FSM,1979,62.5,,75070
Micronesia (country),FSM,1980,62.6,,77421
Micronesia (country),FSM,1981,62.7,,79810
Micronesia (country),FSM,1982,62.7,,82236
Micronesia (country),FSM,1983,62.8,,84698
Micronesia (country),FSM,1984,62.9,,87196
Micronesia (country),FSM,1985,63.0,,89721
Micronesia (country),FSM,1986,63.2,,92275
Micronesia (country),FSM,1987,63.2,,94860
Micronesia (country),FSM,1988,63.5,,97110
Micronesia (country),FSM,1989,63.6,,99018
Micronesia (country),FSM,1990,63.7,,100904
Micronesia (country),FSM,1991,63.9,,102764
Micronesia (country),FSM,1992,64.0,,104823
Micronesia (country),FSM,1993,64.0,,107082
Micronesia (country),FSM,1994,64.1,,109090
Micronesia (country),FSM,1995,64.1,,110244
Micronesia (country),FSM,1996,64.3,,110723
Micronesia (country),FSM,1997,64.4,,111088
Micronesia (country),FSM,1998,64.5,,111394
Micronesia (country),FSM,1999,64.6,,111693
Micronesia (country),FSM,2000,64.3,,112067
Micronesia (country),FSM,2001,64.8,,112378
Micronesia (country),FSM,2002,63.9,,112464
Micronesia (country),FSM,2003,64.9,,112298
Micronesia (country),FSM,2004,64.9,,111939
Micronesia (country),FSM,2005,64.9,,111420
Micronesia (country),FSM,2006,64.9,,110739
Micronesia (country),FSM,2007,64.8,,109896
Micronesia (country),FSM,2008,64.8,,108947
Micronesia (country),FSM,2009,64.9,,107968
Micronesia (country),FSM,2010,64.9,,107559
Micronesia (country),FSM,2011,65.0,,107712
Micronesia (country),FSM,2012,65.1,,107908
Micronesia (country),FSM,2013,65.2,,108133
Micronesia (country),FSM,2014,65.3,,108407
Micronesia (country),FSM,2015,65.3,,108727
Micronesia (country),FSM,2016,65.6,,109088
Micronesia (country),FSM,2017,65.8,,109495
Micronesia (country),FSM,2018,65.9,,109925
Micronesia (country),FSM,2019,66.2,,110293
Micronesia (country),FSM,2020,65.9,,110930
Micronesia (country),FSM,2021,66.2,,111635
Micronesia (country),FSM,2022,67.0,,112122
Moldova,MDA,1952,55.1,,2619786
Moldova,MDA,1953,55.7,,2669507
Moldova,MDA,1954,56.3,,2721545
Moldova,MDA,1955,56.9,,2775562
Moldova,MDA,1956,57.4,,2831241
Moldova,MDA,1957,58.0,,2887999
Moldova,MDA,1958,58.5,,2944565
Moldova,MDA,1959,59.0,,3007366
Moldova,MDA,1960,59.4,,3076172
Moldova,MDA,1961,59.9,,3143892
Moldova,MDA,1962,60.3,,3209509
Moldova,MDA,1963,60.6,,3271788
Moldova,MDA,1964,61.0,,3330242
Moldova,MDA,1965,61.3,,3385972
Moldova,MDA,1966,61.6,,3440667
Moldova,MDA,1967,61.8,,3494203
Moldova,MDA,1968,62.0,,3547087
Moldova,MDA,1969,62.2,,3599995
Moldova,MDA,1970,62.4,,3643522
Moldova,MDA,1971,62.7,,3677928
Moldova,MDA,1972,62.9,,3713997
Moldova,MDA,1973,63.2,8552.0,3752617
Moldova,MDA,1974,63.4,,3793852
Moldova,MDA,1975,63.7,,3836949
Moldova,MDA,1976,64.0,,3881031
Moldova,MDA,1977,64.2,,3925587
Moldova,MDA,1978,64.5,,3970300
Moldova,MDA,1979,64.8,,4010389
Moldova,MDA,1980,65.2,9078.0,4048713
Moldova,MDA,1981,65.6,9538.0,4089537
Moldova,MDA,1982,65.9,10026.0,4130066
Moldova,MDA,1983,66.1,10378.0,4172081
Moldova,MDA,1984,66.4,10508.0,4215890
Moldova,MDA,1985,66.9,9398.0,4261133
Moldova,MDA,1986,67.4,9937.0,4309371
Moldova,MDA,1987,67.9,9852.0,4359065
Moldova,MDA,1988,68.2,9731.0,4407777
Moldova,MDA,1989,68.2,10288.0,4439386
Moldova,MDA,1990,67.9,9835.0,4451150
Moldova,MDA,1991,67.6,7957.7,4456609
Moldova,MDA,1992,66.7,5546.4,4455714
Moldova,MDA,1993,66.7,5383.9,4448241
Moldova,MDA,1994,66.3,3662.2,4434457
Moldova,MDA,1995,66.2,3558.8,4414216
Moldova,MDA,1996,66.2,3305.5,4387653
Moldova,MDA,1997,66.5,3322.5,4355537
Moldova,MDA,1998,66.8,3078.0,4318713
Moldova,MDA,1999,67.2,2949.9,4278220
Moldova,MDA,2000,67.5,2989.5,4234969
Moldova,MDA,2001,67.7,3150.6,4189769
Moldova,MDA,2002,67.8,3373.7,4142937
Moldova,MDA,2003,67.9,3575.3,4095418
Moldova,MDA,2004,68.0,3813.4,4046672
Moldova,MDA,2005,68.2,4073.7,3988668
Moldova,MDA,2006,68.4,4243.1,3921320
Moldova,MDA,2007,68.7,4342.7,3851397
Moldova,MDA,2008,69.0,4652.5,3779503
Moldova,MDA,2009,69.4,4342.5,3706212
Moldova,MDA,2010,69.9,4615.3,3631990
Moldova,MDA,2011,70.2,4892.0,3557278
Moldova,MDA,2012,70.3,4914.0,3482629
Moldova,MDA,2013,70.3,5414.4,3408741
Moldova,MDA,2014,70.2,5744.3,3342715
Moldova,MDA,2015,70.1,5784.5,3287168
Moldova,MDA,2016,70.2,6102.7,3237798
Moldova,MDA,2017,70.4,6425.9,3193500
Moldova,MDA,2018,70.2,6760.1,3153779
Moldova,MDA,2019,70.2,7078.2,3112561
Moldova,MDA,2020,69.9,6560.7,3069135
Moldova,MDA,2021,69.0,7557.4,3023780
Moldova,MDA,2022,71.5,6674.9,3039986
Monaco,MCO,1952,68.9,,20577
Monaco,MCO,1953,69.6,,20686
Monaco,MCO,1954,70.0,,20687
Monaco,MCO,1955,70.4,,20605
Monaco,MCO,1956,70.7,,20744
Monaco,MCO,1957,70.9,,21120
Monaco,MCO,1958,71.1,,21428
Monaco,MCO,1959,71.4,,21672
Monaco,MCO,1960,71.9,,21829
Monaco,MCO,1961,72.2,,21927
Monaco,MCO,1962,72.4,,22101
Monaco,MCO,1963,72.5,,22411
Monaco,MCO,1964,72.7,,22710
Monaco,MCO,1965,72.9,,22967
Monaco,MCO,1966,73.0,,23154
Monaco,MCO,1967,73.1,,23262
Monaco,MCO,1968,73.2,,23461
Monaco,MCO,1969,73.2,,23856
Monaco,MCO,1970,73.3,,24252
Monaco,MCO,1971,73.4,,24606
Monaco,MCO,1972,73.4,,24885
Monaco,MCO,1973,73.4,,25097
Monaco,MCO,1974,73.4,,25260
Monaco,MCO,1975,73.5,,25525
Monaco,MCO,1976,73.8,,25918
Monaco,MCO,1977,74.2,,26293
Monaco,MCO,1978,74.7,,26628
Monaco,MCO,1979,74.9,,26913
Monaco,MCO,1980,74.9,,27146
Monaco,MCO,1981,75.0,,27318
Monaco,MCO,1982,75.3,,27584
Monaco,MCO,1983,75.7,,27985
Monaco,MCO,1984,76.4,,28380
Monaco,MCO,1985,77.4,,28756
Monaco,MCO,1986,78.4,,29119
Monaco,MCO,1987,79.3,,29470
Monaco,MCO,1988,79.4,,29806
Monaco,MCO,1989,79.4,,30108
Monaco,MCO,1990,79.4,,30382
Monaco,MCO,1991,79.7,,30654
Monaco,MCO,1992,80.1,,30909
Monaco,MCO,1993,80.4,,31165
Monaco,MCO,1994,80.7,,31398
Monaco,MCO,1995,80.9,,31636
Monaco,MCO,1996,81.1,,31859
Monaco,MCO,1997,81.4,,32090
Monaco,MCO,1998,81.6,,32289
Monaco,MCO,1999,81.8,,32435
Monaco,MCO,2000,82.1,,32477
Monaco,MCO,2001,82.5,,32466
Monaco,MCO,2002,83.1,,32441
Monaco,MCO,2003,83.6,,32396
Monaco,MCO,2004,84.2,,32329
Monaco,MCO,2005,84.3,,32235
Monaco,MCO,2006,84.2,,32083
Monaco,MCO,2007,83.9,,31859
Monaco,MCO,2008,83.8,,31862
Monaco,MCO,2009,84.2,,32390
Monaco,MCO,2010,84.6,,33188
Monaco,MCO,2011,85.0,,33968
Monaco,MCO,2012,85.0,,34738
Monaco,MCO,2013,85.1,,35476
Monaco,MCO,2014,85.1,,36155
Monaco,MCO,2015,85.3,,36785
Monaco,MCO,2016,85.6,,37301
Monaco,MCO,2017,85.9,,37700
Monaco,MCO,2018,86.1,,38179
Monaco,MCO,2019,86.2,,38131
Monaco,MCO,2020,86.1,,38074
Monaco,MCO,2021,85.1,,38548
Monaco,MCO,2022,85.7,,38950
Mongolia,MNG,1952,39.4,719.0,807093
Mongolia,MNG,1953,39.8,741.0,820278
Mongolia,MNG,1954,40.2,764.0,834023
Mongolia,MNG,1955,40.7,786.0,848687
Mongolia,MNG,1956,41.4,810.0,868487
Mongolia,MNG,1957,40.4,835.0,893240
Mongolia,MNG,1958,42.8,859.0,919297
Mongolia,MNG,1959,43.7,885.0,947419
Mongolia,MNG,1960,44.5,912.0,977602
Mongolia,MNG,1961,45.4,939.0,1009292
Mongolia,MNG,1962,46.3,966.0,1041446
Mongolia,MNG,1963,47.1,996.0,1071366
Mongolia,MNG,1964,47.9,1027.0,1100238
Mongolia,MNG,1965,48.7,1057.0,1131185
Mongolia,MNG,1966,49.4,1087.0,1163763
Mongolia,MNG,1967,50.1,1122.0,1196997
Mongolia,MNG,1968,50.8,1154.0,1229931
Mongolia,MNG,1969,51.4,1189.0,1262291
Mongolia,MNG,1970,52.0,1226.0,1295275
Mongolia,MNG,1971,52.6,1246.0,1330076
Mongolia,MNG,1972,53.1,1256.0,1366829
Mongolia,MNG,1973,53.6,1328.0,1405507
Mongolia,MNG,1974,54.0,1342.0,1446056
Mongolia,MNG,1975,54.3,1387.0,1488301
Mongolia,MNG,1976,54.6,1401.0,1531953
Mongolia,MNG,1977,54.8,1470.0,1576248
Mongolia,MNG,1978,54.9,1537.0,1619479
Mongolia,MNG,1979,55.1,1556.0,1660661
Mongolia,MNG,1980,55.2,1618.0,1701341
Mongolia,MNG,1981,55.4,1714.0,1742856
Mongolia,MNG,1982,55.6,1814.0,1785364
Mongolia,MNG,1983,55.9,1876.0,1829093
Mongolia,MNG,1984,56.1,1940.0,1874355
Mongolia,MNG,1985,56.4,2004.0,1921519
Mongolia,MNG,1986,56.8,2142.0,1970967
Mongolia,MNG,1987,57.1,2168.0,2022803
Mongolia,MNG,1988,57.5,2227.0,2076326
Mongolia,MNG,1989,58.1,2232.0,2124190
Mongolia,MNG,1990,58.8,2123.0,2164578
Mongolia,MNG,1991,59.8,1976.0,2202772
Mongolia,MNG,1992,60.4,1841.0,2239130
Mongolia,MNG,1993,60.8,1846.2,2273515
Mongolia,MNG,1994,60.9,1955.5,2305743
Mongolia,MNG,1995,60.9,2147.8,2335717
Mongolia,MNG,1996,61.0,2271.8,2363469
Mongolia,MNG,1997,61.4,2445.0,2389133
Mongolia,MNG,1998,62.1,2620.5,2412793
Mongolia,MNG,1999,62.8,2801.9,2434041
Mongolia,MNG,2000,63.5,2936.1,2455182
Mongolia,MNG,2001,63.8,3133.6,2477704
Mongolia,MNG,2002,64.0,3401.9,2500074
Mongolia,MNG,2003,64.1,3775.4,2521809
Mongolia,MNG,2004,64.3,4334.2,2542801
Mongolia,MNG,2005,64.8,4822.2,2563466
Mongolia,MNG,2006,65.6,5426.9,2584761
Mongolia,MNG,2007,66.5,6196.6,2607976
Mongolia,MNG,2008,67.1,6982.1,2634431
Mongolia,MNG,2009,67.2,7126.8,2665333
Mongolia,MNG,2010,67.1,7830.1,2701739
Mongolia,MNG,2011,67.2,9484.0,2745183
Mongolia,MNG,2012,67.6,10493.0,2795463
Mongolia,MNG,2013,68.2,11545.0,2851887
Mongolia,MNG,2014,68.7,12283.0,2913041
Mongolia,MNG,2015,69.2,12398.0,2976528
Mongolia,MNG,2016,69.7,12313.5,3040815
Mongolia,MNG,2017,70.2,12728.4,3104371
Mongolia,MNG,2018,70.6,13419.6,3167714
Mongolia,MNG,2019,70.7,13871.3,3232118
Mongolia,MNG,2020,70.0,12990.3,3290786
Mongolia,MNG,2021,68.6,12992.2,3339676
Mongolia,MNG,2022,71.5,13442.9,3386015
Montenegro,MNE,1952,59.1,1784.0,418911
Montenegro,MNE,1953,59.7,1570.0,427489
Montenegro,MNE,1954,60.8,1581.0,434375
Montenegro,MNE,1955,60.9,2099.0,440593
Montenegro,MNE,1956,62.0,1906.0,446695
Montenegro,MNE,1957,63.0,2125.0,452749
Montenegro,MNE,1958,63.8,2072.0,458810
Montenegro,MNE,1959,64.7,2200.0,464906
Montenegro,MNE,1960,65.7,2439.0,471205
Montenegro,MNE,1961,66.1,2922.0,477835
Montenegro,MNE,1962,66.4,2847.0,484443
Montenegro,MNE,1963,66.8,3217.0,490789
Montenegro,MNE,1964,67.4,3732.0,496937
Montenegro,MNE,1965,68.1,3802.0,502895
Montenegro,MNE,1966,68.6,3948.0,508640
Montenegro,MNE,1967,69.3,3995.0,514098
Montenegro,MNE,1968,69.8,4160.0,519311
Montenegro,MNE,1969,70.2,4546.0,524443
Montenegro,MNE,1970,70.4,4857.0,529679
Montenegro,MNE,1971,70.8,4994.0,535112
Montenegro,MNE,1972,71.2,5206.0,540706
Montenegro,MNE,1973,71.6,5137.0,546269
Montenegro,MNE,1974,71.6,5394.0,551745
Montenegro,MNE,1975,71.9,5512.0,557156
Montenegro,MNE,1976,72.1,5740.0,562637
Montenegro,MNE,1977,71.8,6298.0,568095
Montenegro,MNE,1978,71.9,6583.0,573523
Montenegro,MNE,1979,71.5,6523.0,579015
Montenegro,MNE,1980,72.2,7992.0,584831
Montenegro,MNE,1981,72.1,7635.0,589916
Montenegro,MNE,1982,72.3,7790.0,593634
Montenegro,MNE,1983,72.3,7610.0,596960
Montenegro,MNE,1984,72.3,7828.0,600258
Montenegro,MNE,1985,72.4,7804.0,603506
Montenegro,MNE,1986,72.8,8021.0,606803
Montenegro,MNE,1987,73.2,7592.0,610181
Montenegro,MNE,1988,73.4,7299.0,613594
Montenegro,MNE,1989,73.8,7278.0,617048
Montenegro,MNE,1990,73.9,6605.0,620507
Montenegro,MNE,1991,74.0,6068.2,623564
Montenegro,MNE,1992,73.8,4605.3,626030
Montenegro,MNE,1993,73.9,2981.8,628107
Montenegro,MNE,1994,73.8,3073.9,629890
Montenegro,MNE,1995,73.7,3571.1,631386
Montenegro,MNE,1996,73.6,4663.2,632625
Montenegro,MNE,1997,73.5,5121.7,633539
Montenegro,MNE,1998,73.4,5522.1,634099
Montenegro,MNE,1999,73.3,5142.7,634280
Montenegro,MNE,2000,73.6,6046.1,634198
Montenegro,MNE,2001,73.7,6429.6,634001
Montenegro,MNE,2002,74.1,6897.7,633767
Montenegro,MNE,2003,74.2,7445.1,633563
Montenegro,MNE,2004,74.4,8193.8,633756
Montenegro,MNE,2005,74.4,9002.2,634059
Montenegro,MNE,2006,74.7,10307.6,633876
Montenegro,MNE,2007,74.7,12027.4,633388
Montenegro,MNE,2008,75.0,13550.4,632855
Montenegro,MNE,2009,75.4,13459.5,632445
Montenegro,MNE,2010,75.7,14509.8,632088
Montenegro,MNE,2011,76.0,15747.0,632689
Montenegro,MNE,2012,76.2,15421.0,633546
Montenegro,MNE,2013,76.4,16064.0,633199
Montenegro,MNE,2014,76.5,16437.0,631377
Montenegro,MNE,2015,76.6,17249.0,628145
Montenegro,MNE,2016,76.6,17777.4,624246
Montenegro,MNE,2017,76.6,18640.2,620112
Montenegro,MNE,2018,76.9,19617.2,615798
Montenegro,MNE,2019,76.6,20448.5,611671
Montenegro,MNE,2020,75.9,17355.6,607934
Montenegro,MNE,2021,73.8,19656.6,603854
Montenegro,MNE,2022,75.9,20941.8,614649
Montserrat,MSR,1952,50.7,,12773
Montserrat,MSR,1953,51.7,,12675
Montserrat,MSR,1954,52.7,,12581
Montserrat,MSR,1955,53.7,,12505
Montserrat,MSR,1956,54.6,,12412
Montserrat,MSR,1957,55.6,,12325
Montserrat,MSR,1958,56.6,,12230
Montserrat,MSR,1959,57.6,,12135
Montserrat,MSR,1960,58.6,,12057
Montserrat,MSR,1961,59.5,,11984
Montserrat,MSR,1962,60.3,,11911
Montserrat,MSR,1963,61.0,,11825
Montserrat,MSR,1964,61.7,,11751
Montserrat,MSR,1965,62.3,,11667
Montserrat,MSR,1966,62.9,,11600
Montserrat,MSR,1967,63.4,,11526
Montserrat,MSR,1968,64.1,,11465
Montserrat,MSR,1969,64.7,,11399
Montserrat,MSR,1970,65.3,,11358
Montserrat,MSR,1971,65.9,,11361
Montserrat,MSR,1972,66.4,,11372
Montserrat,MSR,1973,66.9,,11389
Montserrat,MSR,1974,67.4,,11409
Montserrat,MSR,1975,67.9,,11434
Montserrat,MSR,1976,68.2,,11441
Montserrat,MSR,1977,68.6,,11460
Montserrat,MSR,1978,68.9,,11459
Montserrat,MSR,1979,69.1,,11437
Montserrat,MSR,1980,69.3,,11364
Montserrat,MSR,1981,69.5,,11275
Montserrat,MSR,1982,69.7,,11200
Montserrat,MSR,1983,69.9,,11148
Montserrat,MSR,1984,70.0,,11078
Montserrat,MSR,1985,70.2,,11018
Montserrat,MSR,1986,70.3,,10967
Montserrat,MSR,1987,70.5,,10920
Montserrat,MSR,1988,70.6,,10872
Montserrat,MSR,1989,68.3,,10798
Montserrat,MSR,1990,70.9,,10700
Montserrat,MSR,1991,71.1,,10464
Montserrat,MSR,1992,71.4,,10013
Montserrat,MSR,1993,71.7,,9454
Montserrat,MSR,1994,71.9,,8867
Montserrat,MSR,1995,72.2,,8257
Montserrat,MSR,1996,72.4,,7626
Montserrat,MSR,1997,63.2,,6979
Montserrat,MSR,1998,72.8,,6321
Montserrat,MSR,1999,73.0,,5685
Montserrat,MSR,2000,73.2,,5053
Montserrat,MSR,2001,73.3,,4616
Montserrat,MSR,2002,73.6,,4500
Montserrat,MSR,2003,73.8,,4515
Montserrat,MSR,2004,74.0,,4541
Montserrat,MSR,2005,74.2,,4574
Montserrat,MSR,2006,74.3,,4606
Montserrat,MSR,2007,74.4,,4649
Montserrat,MSR,2008,74.5,,4700
Montserrat,MSR,2009,74.6,,4759
Montserrat,MSR,2010,74.7,,4819
Montserrat,MSR,2011,74.8,,4846
Montserrat,MSR,2012,74.8,,4822
Montserrat,MSR,2013,74.9,,4774
Montserrat,MSR,2014,75.0,,4738
Montserrat,MSR,2015,75.1,,4693
Montserrat,MSR,2016,75.2,,4665
Montserrat,MSR,2017,75.3,,4624
Montserrat,MSR,2018,75.5,,4595
Montserrat,MSR,2019,75.6,,4564
Montserrat,MSR,2020,75.6,,4532
Montserrat,MSR,2021,75.9,,4505
Montserrat,MSR,2022,76.0,,4476
Morocco,MAR,1952,39.6,2327.0,9394882
Morocco,MAR,1953,40.0,2340.0,9639571
Morocco,MAR,1954,40.4,2353.0,9893319
Morocco,MAR,1955,40.8,2364.0,10158130
Morocco,MAR,1956,41.2,2313.0,10434022
Morocco,MAR,1957,41.7,2263.0,10720555
Morocco,MAR,1958,42.2,2214.0,11013746
Morocco,MAR,1959,42.7,2165.0,11317012
Morocco,MAR,1960,41.7,2118.0,11624932
Morocco,MAR,1961,43.7,2138.0,11931097
Morocco,MAR,1962,44.2,2158.0,12253096
Morocco,MAR,1963,44.8,2179.0,12577499
Morocco,MAR,1964,45.3,2201.0,12898882
Morocco,MAR,1965,45.9,2222.0,13239173
Morocco,MAR,1966,46.5,2289.0,13597063
Morocco,MAR,1967,47.1,2359.0,13968180
Morocco,MAR,1968,47.7,2429.0,14347897
Morocco,MAR,1969,48.2,2503.0,14734252
Morocco,MAR,1970,48.7,2576.0,15129453
Morocco,MAR,1971,49.2,2654.0,15527227
Morocco,MAR,1972,49.7,2660.0,15924695
Morocco,MAR,1973,50.2,2700.0,16326276
Morocco,MAR,1974,50.8,2791.0,16733850
Morocco,MAR,1975,51.4,2919.0,17150790
Morocco,MAR,1976,52.0,3175.0,17574187
Morocco,MAR,1977,52.8,3268.0,18014761
Morocco,MAR,1978,53.6,3298.0,18477383
Morocco,MAR,1979,54.4,3382.0,18955587
Morocco,MAR,1980,55.2,3622.0,19459942
Morocco,MAR,1981,56.0,3457.0,19985407
Morocco,MAR,1982,56.9,3725.0,20520324
Morocco,MAR,1983,57.7,3606.0,21060697
Morocco,MAR,1984,58.4,3657.0,21593777
Morocco,MAR,1985,59.2,3784.0,22113953
Morocco,MAR,1986,60.0,3977.0,22600803
Morocco,MAR,1987,60.6,3790.0,23054390
Morocco,MAR,1988,61.2,4077.0,23500528
Morocco,MAR,1989,61.8,4073.0,23939414
Morocco,MAR,1990,62.4,4130.0,24375558
Morocco,MAR,1991,62.9,4353.7,24799016
Morocco,MAR,1992,63.4,4194.4,25212469
Morocco,MAR,1993,63.9,4097.3,25614586
Morocco,MAR,1994,64.3,4461.1,26000824
Morocco,MAR,1995,64.7,4156.9,26399431
Morocco,MAR,1996,65.2,4603.7,26808109
Morocco,MAR,1997,65.6,4469.2,27213340
Morocco,MAR,1998,66.0,4729.2,27621638
Morocco,MAR,1999,66.4,4720.8,28027188
Morocco,MAR,2000,66.8,4753.6,28423439
Morocco,MAR,2001,67.2,5042.1,28814646
Morocco,MAR,2002,67.6,5140.9,29198146
Morocco,MAR,2003,68.0,5386.9,29571415
Morocco,MAR,2004,68.3,5584.2,29953021
Morocco,MAR,2005,68.7,5708.0,30358145
Morocco,MAR,2006,69.2,6077.0,30771179
Morocco,MAR,2007,69.6,6228.4,31186468
Morocco,MAR,2008,70.1,6531.0,31606769
Morocco,MAR,2009,70.5,6741.5,32030779
Morocco,MAR,2010,70.8,6931.6,32467009
Morocco,MAR,2011,71.3,7226.0,32912585
Morocco,MAR,2012,71.7,7355.3,33355246
Morocco,MAR,2013,72.1,7599.7,33787573
Morocco,MAR,2014,72.5,7714.6,34204784
Morocco,MAR,2015,72.9,7959.5,34607590
Morocco,MAR,2016,73.2,7912.2,35023459
Morocco,MAR,2017,73.6,8222.7,35446395
Morocco,MAR,2018,73.9,8385.9,35839760
Morocco,MAR,2019,74.2,8540.8,36210907
Morocco,MAR,2020,73.1,7849.2,36584208
Morocco,MAR,2021,73.4,8391.3,36954443
Morocco,MAR,2022,75.2,8400.1,37329068
Mozambique,MOZ,1952,38.1,1878.0,6050766
Mozambique,MOZ,1953,38.5,1911.0,6123119
Mozambique,MOZ,1954,38.9,1924.0,6196983
Mozambique,MOZ,1955,39.3,2007.0,6274475
Mozambique,MOZ,1956,39.6,1980.0,6355040
Mozambique,MOZ,1957,40.1,1986.0,6438186
Mozambique,MOZ,1958,40.5,2040.0,6521557
Mozambique,MOZ,1959,40.9,2109.0,6610404
Mozambique,MOZ,1960,41.2,2115.0,6713698
Mozambique,MOZ,1961,41.5,2131.0,6834938
Mozambique,MOZ,1962,41.8,2232.0,6969369
Mozambique,MOZ,1963,42.0,2106.0,7109827
Mozambique,MOZ,1964,41.7,2150.0,7255064
Mozambique,MOZ,1965,41.8,2153.0,7406419
Mozambique,MOZ,1966,41.8,2174.0,7562991
Mozambique,MOZ,1967,42.0,2271.0,7724556
Mozambique,MOZ,1968,42.1,2469.0,7892610
Mozambique,MOZ,1969,42.3,2699.0,8066952
Mozambique,MOZ,1970,42.5,2778.0,8250504
Mozambique,MOZ,1971,42.6,2895.0,8456324
Mozambique,MOZ,1972,42.5,2906.0,8692931
Mozambique,MOZ,1973,42.7,2986.0,8954248
Mozambique,MOZ,1974,43.2,2684.0,9236094
Mozambique,MOZ,1975,43.8,2238.0,9540822
Mozambique,MOZ,1976,43.9,2064.0,9867205
Mozambique,MOZ,1977,43.9,2013.0,10224974
Mozambique,MOZ,1978,44.0,1969.0,10618247
Mozambique,MOZ,1979,43.9,1937.0,11028809
Mozambique,MOZ,1980,44.0,1945.0,11336220
Mozambique,MOZ,1981,41.6,1940.0,11568123
Mozambique,MOZ,1982,41.7,1852.0,11824371
Mozambique,MOZ,1983,41.6,1694.0,12073825
Mozambique,MOZ,1984,38.9,1629.0,12315953
Mozambique,MOZ,1985,39.0,1466.0,12548951
Mozambique,MOZ,1986,41.0,1479.0,12770581
Mozambique,MOZ,1987,41.0,1562.0,12822573
Mozambique,MOZ,1988,43.7,1701.0,12800556
Mozambique,MOZ,1989,43.9,1776.0,12906842
Mozambique,MOZ,1990,44.3,1776.0,13094535
Mozambique,MOZ,1991,44.7,1719.1,13352091
Mozambique,MOZ,1992,45.1,1482.4,13613314
Mozambique,MOZ,1993,45.7,1439.3,14051203
Mozambique,MOZ,1994,46.1,1312.4,15033852
Mozambique,MOZ,1995,46.5,1165.8,15960530
Mozambique,MOZ,1996,47.1,1325.6,16492484
Mozambique,MOZ,1997,47.8,1323.7,16949988
Mozambique,MOZ,1998,48.2,1335.7,17340463
Mozambique,MOZ,1999,48.8,1301.6,17734499
Mozambique,MOZ,2000,49.5,1196.0,18129652
Mozambique,MOZ,2001,50.3,1219.4,18537735
Mozambique,MOZ,2002,50.9,1199.7,18958338
Mozambique,MOZ,2003,51.4,1155.7,19392477
Mozambique,MOZ,2004,51.9,1125.8,19840312
Mozambique,MOZ,2005,52.3,1107.5,20304577
Mozambique,MOZ,2006,52.7,1099.3,20787088
Mozambique,MOZ,2007,53.3,1068.0,21287638
Mozambique,MOZ,2008,53.8,1031.4,21819037
Mozambique,MOZ,2009,54.4,991.7,22391751
Mozambique,MOZ,2010,55.0,956.5,22999234
Mozambique,MOZ,2011,55.7,925.0,23649045
Mozambique,MOZ,2012,56.5,964.6,24337849
Mozambique,MOZ,2013,57.2,1003.7,25051613
Mozambique,MOZ,2014,58.0,1049.2,25788473
Mozambique,MOZ,2015,58.7,1090.4,26547576
Mozambique,MOZ,2016,59.5,1102.8,27337107
Mozambique,MOZ,2017,60.1,1114.4,28166397
Mozambique,MOZ,2018,60.8,1122.6,29018647
Mozambique,MOZ,2019,61.3,1118.6,29884378
Mozambique,MOZ,2020,61.4,1076.7,30783685
Mozambique,MOZ,2021,60.3,1073.6,31707798
Mozambique,MOZ,2022,63.0,1087.8,32656242
Myanmar,MMR,1952,37.7,716.0,18418010
Myanmar,MMR,1953,38.6,724.0,18779903
Myanmar,MMR,1954,39.6,668.0,19156653
Myanmar,MMR,1955,40.4,744.0,19550488
Myanmar,MMR,1956,41.2,781.0,19959222
Myanmar,MMR,1957,42.0,813.0,20382706
Myanmar,MMR,1958,42.8,778.0,20816423
Myanmar,MMR,1959,43.4,885.0,21264016
Myanmar,MMR,1960,44.1,899.0,21730255
Myanmar,MMR,1961,44.6,904.0,22210580
Myanmar,MMR,1962,45.3,966.0,22704722
Myanmar,MMR,1963,46.0,977.0,23213406
Myanmar,MMR,1964,46.7,976.0,23737316
Myanmar,MMR,1965,47.4,983.0,24279437
Myanmar,MMR,1966,48.2,925.0,24836494
Myanmar,MMR,1967,48.9,934.0,25406432
Myanmar,MMR,1968,49.4,976.0,25989669
Myanmar,MMR,1969,50.0,998.0,26585110
Myanmar,MMR,1970,50.5,1023.0,27193015
Myanmar,MMR,1971,51.0,1036.0,27807215
Myanmar,MMR,1972,51.4,1023.0,28428330
Myanmar,MMR,1973,51.8,1001.0,29026390
Myanmar,MMR,1974,52.1,1033.0,29598163
Myanmar,MMR,1975,52.5,1057.0,30176563
Myanmar,MMR,1976,52.9,1103.0,30758818
Myanmar,MMR,1977,53.3,1148.0,31355968
Myanmar,MMR,1978,53.5,1205.0,31972974
Myanmar,MMR,1979,54.0,1240.0,32596552
Myanmar,MMR,1980,54.4,1320.0,33227204
Myanmar,MMR,1981,54.7,1369.0,33858786
Myanmar,MMR,1982,55.0,1417.0,34482967
Myanmar,MMR,1983,55.3,1451.0,35162714
Myanmar,MMR,1984,55.6,1492.0,35899313
Myanmar,MMR,1985,55.8,1506.0,36622832
Myanmar,MMR,1986,56.1,1465.0,37314882
Myanmar,MMR,1987,56.4,1382.0,37971601
Myanmar,MMR,1988,56.6,1207.0,38600928
Myanmar,MMR,1989,56.9,1234.0,39214624
Myanmar,MMR,1990,57.2,1253.0,39817253
Myanmar,MMR,1991,57.4,1205.1,40394159
Myanmar,MMR,1992,57.7,1283.8,40950342
Myanmar,MMR,1993,58.0,1321.8,41502423
Myanmar,MMR,1994,58.3,1374.0,42055150
Myanmar,MMR,1995,58.7,1423.7,42605343
Myanmar,MMR,1996,59.2,1469.0,43154858
Myanmar,MMR,1997,59.5,1506.0,43708802
Myanmar,MMR,1998,59.9,1547.0,44257793
Myanmar,MMR,1999,60.1,1667.7,44787727
Myanmar,MMR,2000,60.4,1843.5,45290850
Myanmar,MMR,2001,60.6,1996.4,45771140
Myanmar,MMR,2002,60.9,2175.9,46232656
Myanmar,MMR,2003,61.2,2410.6,46667191
Myanmar,MMR,2004,61.4,2664.9,47068779
Myanmar,MMR,2005,61.7,2947.1,47438362
Myanmar,MMR,2006,62.0,3246.7,47785141
Myanmar,MMR,2007,62.4,3542.6,48125047
Myanmar,MMR,2008,56.4,3585.8,48390790
Myanmar,MMR,2009,63.1,3673.4,48660458
Myanmar,MMR,2010,63.5,3773.0,49024376
Myanmar,MMR,2011,63.9,3884.0,49419825
Myanmar,MMR,2012,64.3,4091.2,49837451
Myanmar,MMR,2013,64.6,4371.0,50262658
Myanmar,MMR,2014,65.0,4684.6,50681635
Myanmar,MMR,2015,65.3,4984.7,51089060
Myanmar,MMR,2016,65.6,5252.8,51495701
Myanmar,MMR,2017,65.9,5503.6,51894939
Myanmar,MMR,2018,66.2,5803.4,52272250
Myanmar,MMR,2019,66.5,6140.9,52640718
Myanmar,MMR,2020,66.6,6282.8,53016525
Myanmar,MMR,2021,65.6,5113.3,53387103
Myanmar,MMR,2022,66.5,5177.4,53756791
Namibia,NAM,1952,43.1,4066.0,526639
Namibia,NAM,1953,43.8,4125.0,533236
Namibia,NAM,1954,44.4,4254.0,540017
Namibia,NAM,1955,45.0,4288.0,547091
Namibia,NAM,1956,45.7,4340.0,554566
Namibia,NAM,1957,46.4,4398.0,562592
Namibia,NAM,1958,47.1,4409.0,571341
Namibia,NAM,1959,47.8,4549.0,580927
Namibia,NAM,1960,48.5,4855.0,591473
Namibia,NAM,1961,49.2,4787.0,603074
Namibia,NAM,1962,50.0,5324.0,615760
Namibia,NAM,1963,50.6,5710.0,629592
Namibia,NAM,1964,51.3,6468.0,644539
Namibia,NAM,1965,52.0,6728.0,660568
Namibia,NAM,1966,52.3,6808.0,677663
Namibia,NAM,1967,52.9,6365.0,696051
Namibia,NAM,1968,53.6,6253.0,715551
Namibia,NAM,1969,54.1,6303.0,736125
Namibia,NAM,1970,54.7,6164.0,757876
Namibia,NAM,1971,55.3,6258.0,780588
Namibia,NAM,1972,55.8,6156.0,804411
Namibia,NAM,1973,56.4,6177.0,828932
Namibia,NAM,1974,56.9,6387.0,854325
Namibia,NAM,1975,57.6,6293.0,881041
Namibia,NAM,1976,58.0,6150.0,906574
Namibia,NAM,1977,58.6,5984.0,931118
Namibia,NAM,1978,59.1,6027.0,947277
Namibia,NAM,1979,59.5,6073.0,962826
Namibia,NAM,1980,56.6,6293.0,981440
Namibia,NAM,1981,56.9,6271.0,992508
Namibia,NAM,1982,57.3,6064.0,1010315
Namibia,NAM,1983,57.6,5734.0,1037519
Namibia,NAM,1984,58.1,5539.0,1065996
Namibia,NAM,1985,58.5,5396.0,1096896
Namibia,NAM,1986,58.7,5530.0,1131083
Namibia,NAM,1987,59.1,5595.0,1167898
Namibia,NAM,1988,59.0,5386.0,1209700
Namibia,NAM,1989,60.8,5208.0,1288956
Namibia,NAM,1990,61.4,5007.0,1369309
Namibia,NAM,1991,60.8,5239.0,1415689
Namibia,NAM,1992,60.2,5532.7,1461324
Namibia,NAM,1993,59.3,5294.2,1508698
Namibia,NAM,1994,58.4,5545.5,1556315
Namibia,NAM,1995,57.5,5638.8,1602181
Namibia,NAM,1996,56.6,5687.1,1646107
Namibia,NAM,1997,55.8,5796.6,1689274
Namibia,NAM,1998,54.8,5859.9,1732747
Namibia,NAM,1999,54.0,5926.4,1776371
Namibia,NAM,2000,52.9,5971.8,1818650
Namibia,NAM,2001,52.0,5888.4,1857059
Namibia,NAM,2002,52.0,6069.3,1889976
Namibia,NAM,2003,51.9,6082.4,1917469
Namibia,NAM,2004,52.2,6712.8,1942087
Namibia,NAM,2005,52.6,6807.6,1966581
Namibia,NAM,2006,53.2,7208.7,1991890
Namibia,NAM,2007,54.0,7509.5,2018607
Namibia,NAM,2008,54.7,7618.0,2047059
Namibia,NAM,2009,55.3,7548.1,2077400
Namibia,NAM,2010,56.1,7905.5,2109815
Namibia,NAM,2011,56.6,8203.0,2146331
Namibia,NAM,2012,57.7,8482.4,2194656
Namibia,NAM,2013,58.5,8788.9,2252505
Namibia,NAM,2014,59.3,9134.9,2312143
Namibia,NAM,2015,60.0,9333.6,2374305
Namibia,NAM,2016,60.8,9152.5,2439219
Namibia,NAM,2017,61.7,8882.6,2506854
Namibia,NAM,2018,62.6,8805.3,2577327
Namibia,NAM,2019,63.5,8567.8,2650499
Namibia,NAM,2020,64.1,7734.6,2728760
Namibia,NAM,2021,60.8,7796.1,2810552
Namibia,NAM,2022,64.2,7979.3,2889668
Nauru,NRU,1952,57.0,,3630
Nauru,NRU,1953,57.2,,3714
Nauru,NRU,1954,57.4,,3801
Nauru,NRU,1955,57.5,,3905
Nauru,NRU,1956,57.6,,4041
Nauru,NRU,1957,57.7,,4181
Nauru,NRU,1958,57.8,,4317
Nauru,NRU,1959,57.9,,4473
Nauru,NRU,1960,57.9,,4625
Nauru,NRU,1961,58.0,,4799
Nauru,NRU,1962,58.0,,5000
Nauru,NRU,1963,58.1,,5246
Nauru,NRU,1964,58.2,,5535
Nauru,NRU,1965,58.3,,5851
Nauru,NRU,1966,58.4,,6060
Nauru,NRU,1967,58.6,,6157
Nauru,NRU,1968,58.6,,6348
Nauru,NRU,1969,58.4,,6604
Nauru,NRU,1970,58.4,,6733
Nauru,NRU,1971,58.4,,6780
Nauru,NRU,1972,58.4,,6831
Nauru,NRU,1973,58.4,,6886
Nauru,NRU,1974,58.3,,6944
Nauru,NRU,1975,58.3,,7013
Nauru,NRU,1976,58.2,,7084
Nauru,NRU,1977,58.1,,7184
Nauru,NRU,1978,58.3,,7316
Nauru,NRU,1979,58.4,,7488
Nauru,NRU,1980,58.5,,7670
Nauru,NRU,1981,58.6,,7866
Nauru,NRU,1982,58.6,,8059
Nauru,NRU,1983,58.7,,8240
Nauru,NRU,1984,58.7,,8398
Nauru,NRU,1985,58.6,,8573
Nauru,NRU,1986,58.6,,8765
Nauru,NRU,1987,58.6,,8972
Nauru,NRU,1988,58.7,,9183
Nauru,NRU,1989,58.9,,9413
Nauru,NRU,1990,59.1,,9645
Nauru,NRU,1991,59.3,,9873
Nauru,NRU,1992,59.5,,10042
Nauru,NRU,1993,59.8,,10123
Nauru,NRU,1994,60.0,,10163
Nauru,NRU,1995,60.1,,10187
Nauru,NRU,1996,60.1,,10206
Nauru,NRU,1997,60.0,,10218
Nauru,NRU,1998,59.9,,10220
Nauru,NRU,1999,59.7,,10207
Nauru,NRU,2000,59.6,,10187
Nauru,NRU,2001,59.5,,10147
Nauru,NRU,2002,59.4,,10105
Nauru,NRU,2003,59.4,,10086
Nauru,NRU,2004,59.3,,10084
Nauru,NRU,2005,59.4,,10071
Nauru,NRU,2006,59.4,,10061
Nauru,NRU,2007,59.5,,10042
Nauru,NRU,2008,59.7,,10032
Nauru,NRU,2009,59.9,,10041
Nauru,NRU,2010,60.1,,10067
Nauru,NRU,2011,60.3,,10116
Nauru,NRU,2012,60.5,,10289
Nauru,NRU,2013,60.7,,10539
Nauru,NRU,2014,60.8,,10766
Nauru,NRU,2015,60.9,,10975
Nauru,NRU,2016,61.0,,11173
Nauru,NRU,2017,61.1,,11351
Nauru,NRU,2018,61.2,,11499
Nauru,NRU,2019,61.4,,11609
Nauru,NRU,2020,61.5,,11665
Nauru,NRU,2021,61.3,,11727
Nauru,NRU,2022,61.9,,11822
Nepal,NPL,1952,37.7,835.0,8747300
Nepal,NPL,1953,37.7,877.0,8918222
Nepal,NPL,1954,37.8,886.0,9087775
Nepal,NPL,1955,37.9,894.0,9257985
Nepal,NPL,1956,37.9,925.0,9427889
Nepal,NPL,1957,38.0,915.0,9598045
Nepal,NPL,1958,38.1,956.0,9766252
Nepal,NPL,1959,38.4,971.0,9938915
Nepal,NPL,1960,38.7,980.0,10123664
Nepal,NPL,1961,39.0,990.0,10318399
Nepal,NPL,1962,39.3,998.0,10521122
Nepal,NPL,1963,39.6,1006.0,10729818
Nepal,NPL,1964,40.2,1012.0,10946389
Nepal,NPL,1965,40.7,1019.0,11173411
Nepal,NPL,1966,41.2,1071.0,11408714
Nepal,NPL,1967,41.7,1034.0,11652717
Nepal,NPL,1968,42.2,1023.0,11906275
Nepal,NPL,1969,42.7,1049.0,12167032
Nepal,NPL,1970,43.2,1055.0,12436191
Nepal,NPL,1971,43.6,1022.0,12710069
Nepal,NPL,1972,44.1,1034.0,12989103
Nepal,NPL,1973,44.5,1009.0,13275240
Nepal,NPL,1974,44.9,1052.0,13568436
Nepal,NPL,1975,45.5,1047.0,13870692
Nepal,NPL,1976,46.0,1071.0,14177650
Nepal,NPL,1977,46.6,1081.0,14499175
Nepal,NPL,1978,47.2,1105.0,14839704
Nepal,NPL,1979,47.8,1106.0,15190601
Nepal,NPL,1980,48.3,1057.0,15553106
Nepal,NPL,1981,48.7,1119.0,15922422
Nepal,NPL,1982,49.2,1135.0,16297996
Nepal,NPL,1983,49.7,1076.0,16689121
Nepal,NPL,1984,50.2,1152.0,17085243
Nepal,NPL,1985,50.9,1194.0,17477694
Nepal,NPL,1986,51.6,1218.0,17868128
Nepal,NPL,1987,52.4,1208.0,18250512
Nepal,NPL,1988,53.1,1269.0,18638660
Nepal,NPL,1989,54.0,1290.0,19057811
Nepal,NPL,1990,54.8,1315.0,19524579
Nepal,NPL,1991,55.6,1360.8,20036507
Nepal,NPL,1992,56.7,1374.7,20609708
Nepal,NPL,1993,57.6,1385.2,21180158
Nepal,NPL,1994,58.6,1456.0,21717483
Nepal,NPL,1995,59.3,1468.1,22245443
Nepal,NPL,1996,60.0,1511.7,22741867
Nepal,NPL,1997,60.8,1558.4,23219458
Nepal,NPL,1998,61.5,1570.7,23680358
Nepal,NPL,1999,62.0,1609.2,24125201
Nepal,NPL,2000,62.6,1676.7,24546509
Nepal,NPL,2001,63.3,1738.3,24946755
Nepal,NPL,2002,63.5,1709.8,25328989
Nepal,NPL,2003,64.2,1747.8,25688762
Nepal,NPL,2004,64.7,1802.1,26016652
Nepal,NPL,2005,65.3,1836.3,26309462
Nepal,NPL,2006,65.9,1884.2,26565430
Nepal,NPL,2007,66.2,1927.4,26788498
Nepal,NPL,2008,66.4,2021.2,26990036
Nepal,NPL,2009,66.6,2085.2,27173035
Nepal,NPL,2010,66.8,2152.3,27341955
Nepal,NPL,2011,67.1,2189.0,27464499
Nepal,NPL,2012,67.4,2258.0,27534916
Nepal,NPL,2013,67.6,2316.0,27589997
Nepal,NPL,2014,67.8,2421.0,27672373
Nepal,NPL,2015,67.4,2455.0,27823631
Nepal,NPL,2016,68.4,2443.4,27955471
Nepal,NPL,2017,68.7,2632.3,28011258
Nepal,NPL,2018,69.0,2800.9,28079688
Nepal,NPL,2019,69.3,2953.6,28414066
Nepal,NPL,2020,69.1,2832.9,28966580
Nepal,NPL,2021,68.4,2902.1,29475016
Nepal,NPL,2022,70.1,3013.5,29715435
Netherlands,NLD,1952,72.1,9698.0,10382295
Netherlands,NLD,1953,71.7,10429.0,10493531
Netherlands,NLD,1954,72.4,11010.0,10615733
Netherlands,NLD,1955,72.5,11678.0,10751231
Netherlands,NLD,1956,72.5,11953.0,10889767
Netherlands,NLD,1957,73.0,12137.0,11026879
Netherlands,NLD,1958,73.1,11926.0,11187365
Netherlands,NLD,1959,73.2,12333.0,11348106
Netherlands,NLD,1960,73.4,13209.0,11486909
Netherlands,NLD,1961,73.6,13074.0,11639372
Netherlands,NLD,1962,73.2,13770.0,11807553
Netherlands,NLD,1963,73.4,14078.0,11969159
Netherlands,NLD,1964,73.7,15042.0,12131887
Netherlands,NLD,1965,73.6,15618.0,12301136
Netherlands,NLD,1966,73.6,15838.0,12464283
Netherlands,NLD,1967,73.8,16483.0,12607835
Netherlands,NLD,1968,73.6,17365.0,12740851
Netherlands,NLD,1969,73.6,18270.0,12890641
Netherlands,NLD,1970,73.6,19075.0,13052082
Netherlands,NLD,1971,73.9,19636.0,13208353
Netherlands,NLD,1972,73.8,20079.0,13342780
Netherlands,NLD,1973,74.2,20851.0,13453743
Netherlands,NLD,1974,74.6,21514.0,13559671
Netherlands,NLD,1975,74.6,21318.0,13680033
Netherlands,NLD,1976,74.7,22132.0,13786641
Netherlands,NLD,1977,75.3,22598.0,13868605
Netherlands,NLD,1978,75.2,22992.0,13953922
Netherlands,NLD,1979,75.6,23347.0,14050176
Netherlands,NLD,1980,75.8,23438.0,14162686
Netherlands,NLD,1981,76.0,23153.0,14262691
Netherlands,NLD,1982,76.1,22780.0,14333902
Netherlands,NLD,1983,76.3,23086.0,14396898
Netherlands,NLD,1984,76.3,23750.0,14462809
Netherlands,NLD,1985,76.4,24361.0,14538958
Netherlands,NLD,1986,76.4,24893.0,14626488
Netherlands,NLD,1987,76.8,25085.0,14724948
Netherlands,NLD,1988,77.0,25574.0,14825915
Netherlands,NLD,1989,76.8,26612.0,14921107
Netherlands,NLD,1990,77.0,27515.0,15030886
Netherlands,NLD,1991,77.2,28126.8,15155093
Netherlands,NLD,1992,77.4,28555.7,15276787
Netherlands,NLD,1993,77.0,28880.0,15389718
Netherlands,NLD,1994,77.5,29727.6,15485453
Netherlands,NLD,1995,77.6,30680.3,15565034
Netherlands,NLD,1996,77.6,31811.7,15640032
Netherlands,NLD,1997,77.9,33199.6,15723621
Netherlands,NLD,1998,78.0,34688.6,15827109
Netherlands,NLD,1999,78.0,36409.1,15940183
Netherlands,NLD,2000,78.1,37900.0,16058757
Netherlands,NLD,2001,78.3,38636.2,16182705
Netherlands,NLD,2002,78.4,38653.1,16288060
Netherlands,NLD,2003,78.7,38804.0,16366914
Netherlands,NLD,2004,79.2,39682.4,16425562
Netherlands,NLD,2005,79.5,40679.5,16465707
Netherlands,NLD,2006,79.8,42286.5,16493851
Netherlands,NLD,2007,80.3,44008.8,16531360
Netherlands,NLD,2008,80.4,44840.7,16597259
Netherlands,NLD,2009,80.7,43178.5,16684148
Netherlands,NLD,2010,80.8,43812.3,16771232
Netherlands,NLD,2011,81.1,44591.0,16851061
Netherlands,NLD,2012,81.1,43968.3,16915191
Netherlands,NLD,2013,81.3,43783.0,16967066
Netherlands,NLD,2014,81.7,44245.6,17030085
Netherlands,NLD,2015,81.5,44912.7,17107429
Netherlands,NLD,2016,81.6,45654.5,17204693
Netherlands,NLD,2017,81.7,46706.4,17315376
Netherlands,NLD,2018,81.8,47528.9,17421285
Netherlands,NLD,2019,82.1,48142.7,17537505
Netherlands,NLD,2020,81.4,46014.5,17636732
Netherlands,NLD,2021,81.4,48001.8,17730565
Netherlands,NLD,2022,81.9,49669.9,17904421
New Caledonia,NCL,1952,46.5,,65754
New Caledonia,NCL,1953,47.2,,66824
New Caledonia,NCL,1954,47.9,,67966
New Caledonia,NCL,1955,48.6,,69170
New Caledonia,NCL,1956,49.4,,70633
New Caledonia,NCL,1957,50.1,,72568
New Caledonia,NCL,1958,50.9,,74856
New Caledonia,NCL,1959,51.6,,77279
New Caledonia,NCL,1960,52.3,,79832
New Caledonia,NCL,1961,53.1,,82535
New Caledonia,NCL,1962,53.8,,85350
New Caledonia,NCL,1963,54.5,,88066
New Caledonia,NCL,1964,55.3,,90618
New Caledonia,NCL,1965,56.1,,93173
New Caledonia,NCL,1966,56.9,,95835
New Caledonia,NCL,1967,57.7,,98598
New Caledonia,NCL,1968,58.5,,101456
New Caledonia,NCL,1969,59.3,,104863
New Caledonia,NCL,1970,60.1,,109349
New Caledonia,NCL,1971,60.8,,114522
New Caledonia,NCL,1972,61.4,,119946
New Caledonia,NCL,1973,62.1,,125597
New Caledonia,NCL,1974,62.7,,131460
New Caledonia,NCL,1975,63.2,,137471
New Caledonia,NCL,1976,63.8,,142105
New Caledonia,NCL,1977,64.2,,144613
New Caledonia,NCL,1978,64.7,,146402
New Caledonia,NCL,1979,65.2,,148142
New Caledonia,NCL,1980,65.6,,149826
New Caledonia,NCL,1981,66.0,,151458
New Caledonia,NCL,1982,66.5,,153013
New Caledonia,NCL,1983,67.0,,155019
New Caledonia,NCL,1984,67.4,,157601
New Caledonia,NCL,1985,67.8,,160252
New Caledonia,NCL,1986,68.2,,162912
New Caledonia,NCL,1987,68.6,,165659
New Caledonia,NCL,1988,68.9,,168521
New Caledonia,NCL,1989,69.2,,172043
New Caledonia,NCL,1990,69.5,,176468
New Caledonia,NCL,1991,69.8,,181251
New Caledonia,NCL,1992,70.1,,186084
New Caledonia,NCL,1993,70.5,,190858
New Caledonia,NCL,1994,70.9,,195626
New Caledonia,NCL,1995,71.3,,200392
New Caledonia,NCL,1996,71.7,,205048
New Caledonia,NCL,1997,72.2,,209568
New Caledonia,NCL,1998,72.7,,214062
New Caledonia,NCL,1999,73.1,,218532
New Caledonia,NCL,2000,73.6,,223110
New Caledonia,NCL,2001,74.0,,227714
New Caledonia,NCL,2002,74.3,,232239
New Caledonia,NCL,2003,74.5,,236684
New Caledonia,NCL,2004,74.7,,240865
New Caledonia,NCL,2005,74.9,,244391
New Caledonia,NCL,2006,75.0,,247557
New Caledonia,NCL,2007,75.2,,250730
New Caledonia,NCL,2008,75.4,,253831
New Caledonia,NCL,2009,75.7,,257261
New Caledonia,NCL,2010,76.0,,261580
New Caledonia,NCL,2011,76.3,,266550
New Caledonia,NCL,2012,76.6,,271640
New Caledonia,NCL,2013,76.9,,276832
New Caledonia,NCL,2014,77.1,,281233
New Caledonia,NCL,2015,77.2,,283179
New Caledonia,NCL,2016,77.4,,283432
New Caledonia,NCL,2017,77.5,,283554
New Caledonia,NCL,2018,77.6,,283551
New Caledonia,NCL,2019,77.3,,283616
New Caledonia,NCL,2020,77.0,,284187
New Caledonia,NCL,2021,77.1,,285227
New Caledonia,NCL,2022,77.7,,287130
New Zealand,NZL,1952,69.4,12427.0,1997753
New Zealand,NZL,1953,70.2,12522.0,2047750
New Zealand,NZL,1954,70.3,13936.0,2095143
New Zealand,NZL,1955,70.5,13908.0,2139674
New Zealand,NZL,1956,70.7,14346.0,2184844
New Zealand,NZL,1957,70.3,14418.0,2233688
New Zealand,NZL,1958,70.9,14641.0,2284995
New Zealand,NZL,1959,70.8,15350.0,2333486
New Zealand,NZL,1960,71.2,15087.0,2379482
New Zealand,NZL,1961,70.9,15533.0,2429744
New Zealand,NZL,1962,71.2,15511.0,2484403
New Zealand,NZL,1963,71.3,16150.0,2538117
New Zealand,NZL,1964,71.3,16606.0,2588770
New Zealand,NZL,1965,71.2,17341.0,2636493
New Zealand,NZL,1966,71.1,18111.0,2682589
New Zealand,NZL,1967,71.4,17027.0,2723417
New Zealand,NZL,1968,71.1,16809.0,2754522
New Zealand,NZL,1969,71.5,18348.0,2784399
New Zealand,NZL,1970,71.2,17835.0,2822184
New Zealand,NZL,1971,71.7,18452.0,2867168
New Zealand,NZL,1972,71.8,18889.0,2919263
New Zealand,NZL,1973,71.7,19804.0,2978989
New Zealand,NZL,1974,71.9,20529.0,3041223
New Zealand,NZL,1975,72.2,19907.0,3094039
New Zealand,NZL,1976,72.4,20161.0,3126639
New Zealand,NZL,1977,72.1,19110.0,3140129
New Zealand,NZL,1978,73.0,19182.0,3142245
New Zealand,NZL,1979,73.1,19580.0,3141596
New Zealand,NZL,1980,72.9,19681.0,3146325
New Zealand,NZL,1981,73.6,20537.0,3159844
New Zealand,NZL,1982,73.7,20715.0,3185129
New Zealand,NZL,1983,73.8,21015.0,3219281
New Zealand,NZL,1984,74.4,21783.0,3249828
New Zealand,NZL,1985,73.9,21780.0,3268030
New Zealand,NZL,1986,74.1,22124.0,3281510
New Zealand,NZL,1987,74.2,22142.0,3299443
New Zealand,NZL,1988,74.5,22022.0,3316026
New Zealand,NZL,1989,74.9,22107.0,3333822
New Zealand,NZL,1990,75.4,21817.0,3396981
New Zealand,NZL,1991,76.1,21125.9,3480933
New Zealand,NZL,1992,76.2,21093.1,3532246
New Zealand,NZL,1993,76.5,21897.7,3573609
New Zealand,NZL,1994,76.9,23076.9,3621030
New Zealand,NZL,1995,76.8,23751.9,3674434
New Zealand,NZL,1996,76.8,24321.2,3729383
New Zealand,NZL,1997,77.3,24802.1,3776950
New Zealand,NZL,1998,78.2,24861.4,3811376
New Zealand,NZL,1999,77.9,25868.0,3835561
New Zealand,NZL,2000,78.7,26823.0,3857576
New Zealand,NZL,2001,78.7,27167.3,3891763
New Zealand,NZL,2002,78.9,28065.9,3951116
New Zealand,NZL,2003,79.1,28876.3,4022585
New Zealand,NZL,2004,79.4,29806.7,4083912
New Zealand,NZL,2005,80.0,30270.2,4135002
New Zealand,NZL,2006,80.0,30798.6,4181943
New Zealand,NZL,2007,80.1,31784.4,4223270
New Zealand,NZL,2008,80.2,31444.6,4261819
New Zealand,NZL,2009,80.5,31233.1,4304304
New Zealand,NZL,2010,81.1,31586.1,4347766
New Zealand,NZL,2011,80.8,32057.0,4382699
New Zealand,NZL,2012,81.2,32714.7,4411682
New Zealand,NZL,2013,81.6,33109.3,4453857
New Zealand,NZL,2014,81.4,33591.3,4522976
New Zealand,NZL,2015,81.6,34248.5,4614035
New Zealand,NZL,2016,82.0,34879.9,4714768
New Zealand,NZL,2017,81.6,35574.0,4812749
New Zealand,NZL,2018,81.9,36420.0,4900840
New Zealand,NZL,2019,81.8,36912.1,4989410
New Zealand,NZL,2020,82.7,35853.7,5069895
New Zealand,NZL,2021,82.3,37837.5,5107694
New Zealand,NZL,2022,81.0,38250.1,5131731
Nicaragua,NIC,1952,41.9,3016.0,1409023
Nicaragua,NIC,1953,42.4,2997.0,1449903
Nicaragua,NIC,1954,43.1,3178.0,1492261
Nicaragua,NIC,1955,43.7,3288.0,1536247
Nicaragua,NIC,1956,44.3,3186.0,1581977
Nicaragua,NIC,1957,44.9,3351.0,1629469
Nicaragua,NIC,1958,45.5,3258.0,1678745
Nicaragua,NIC,1959,46.1,3204.0,1729794
Nicaragua,NIC,1960,46.4,3148.0,1782371
Nicaragua,NIC,1961,47.3,3277.0,1836456
Nicaragua,NIC,1962,48.0,3521.0,1892325
Nicaragua,NIC,1963,48.8,3781.0,1950162
Nicaragua,NIC,1964,49.6,4092.0,2010183
Nicaragua,NIC,1965,50.6,4340.0,2072687
Nicaragua,NIC,1966,51.6,4342.0,2137821
Nicaragua,NIC,1967,52.3,4500.0,2205571
Nicaragua,NIC,1968,52.9,4419.0,2275837
Nicaragua,NIC,1969,53.4,4564.0,2348401
Nicaragua,NIC,1970,53.8,4463.0,2423065
Nicaragua,NIC,1971,54.2,4533.0,2499829
Nicaragua,NIC,1972,48.0,4543.0,2573583
Nicaragua,NIC,1973,55.0,4637.0,2649283
Nicaragua,NIC,1974,55.4,5064.0,2732073
Nicaragua,NIC,1975,55.8,5013.0,2816947
Nicaragua,NIC,1976,56.1,5099.0,2903850
Nicaragua,NIC,1977,56.1,5247.0,2992532
Nicaragua,NIC,1978,53.5,4771.0,3080323
Nicaragua,NIC,1979,50.8,3405.0,3164524
Nicaragua,NIC,1980,58.0,3414.0,3252404
Nicaragua,NIC,1981,58.3,3480.0,3345679
Nicaragua,NIC,1982,58.7,3360.0,3438747
Nicaragua,NIC,1983,56.9,3437.0,3530286
Nicaragua,NIC,1984,56.1,3308.0,3619109
Nicaragua,NIC,1985,56.4,3107.0,3706480
Nicaragua,NIC,1986,57.6,3011.0,3794161
Nicaragua,NIC,1987,57.3,2922.0,3882168
Nicaragua,NIC,1988,59.8,2498.0,3972317
Nicaragua,NIC,1989,61.9,2393.0,4066483
Nicaragua,NIC,1990,62.5,2291.0,4162566
Nicaragua,NIC,1991,63.3,2209.8,4259636
Nicaragua,NIC,1992,63.7,2163.4,4357031
Nicaragua,NIC,1993,64.1,2114.7,4453733
Nicaragua,NIC,1994,64.5,2154.3,4549317
Nicaragua,NIC,1995,64.9,2264.1,4642933
Nicaragua,NIC,1996,65.2,2395.2,4729979
Nicaragua,NIC,1997,65.5,2482.7,4809574
Nicaragua,NIC,1998,64.1,2569.8,4883659
Nicaragua,NIC,1999,65.9,2748.1,4954021
Nicaragua,NIC,2000,66.4,2858.5,5022636
Nicaragua,NIC,2001,67.0,2944.2,5087827
Nicaragua,NIC,2002,68.0,2969.5,5149914
Nicaragua,NIC,2003,68.7,3049.2,5210970
Nicaragua,NIC,2004,69.5,3220.3,5272909
Nicaragua,NIC,2005,70.4,3370.8,5342108
Nicaragua,NIC,2006,71.0,3525.6,5418857
Nicaragua,NIC,2007,71.2,3729.9,5497247
Nicaragua,NIC,2008,71.4,3856.6,5576597
Nicaragua,NIC,2009,71.5,3771.9,5656602
Nicaragua,NIC,2010,71.8,3917.0,5737451
Nicaragua,NIC,2011,72.0,4189.0,5819051
Nicaragua,NIC,2012,72.4,4376.0,5901290
Nicaragua,NIC,2013,72.6,4527.0,5983852
Nicaragua,NIC,2014,72.8,4685.0,6066493
Nicaragua,NIC,2015,72.9,4866.0,6149417
Nicaragua,NIC,2016,73.2,5015.9,6232664
Nicaragua,NIC,2017,73.4,5174.2,6316235
Nicaragua,NIC,2018,73.9,4930.4,6400074
Nicaragua,NIC,2019,73.8,4721.7,6483660
Nicaragua,NIC,2020,70.8,4575.2,6565267
Nicaragua,NIC,2021,70.5,4978.8,6644745
Nicaragua,NIC,2022,74.5,5092.8,6730662
Niger,NER,1952,35.9,1023.0,2771894
Niger,NER,1953,35.9,1042.0,2859196
Niger,NER,1954,36.0,1063.0,2946889
Niger,NER,1955,36.0,1082.0,3035284
Niger,NER,1956,36.0,1103.0,3124754
Niger,NER,1957,36.1,1122.0,3215845
Niger,NER,1958,36.1,1143.0,3309227
Niger,NER,1959,36.1,1162.0,3405469
Niger,NER,1960,36.2,1213.0,3505056
Niger,NER,1961,36.3,1239.0,3608172
Niger,NER,1962,36.3,1341.0,3714521
Niger,NER,1963,36.4,1443.0,3823879
Niger,NER,1964,36.5,1415.0,3935821
Niger,NER,1965,36.4,1490.0,4049700
Niger,NER,1966,36.3,1441.0,4165551
Niger,NER,1967,36.2,1417.0,4283594
Niger,NER,1968,36.1,1398.0,4403640
Niger,NER,1969,36.0,1326.0,4525724
Niger,NER,1970,35.9,1337.0,4650272
Niger,NER,1971,35.3,1382.0,4776227
Niger,NER,1972,35.8,1282.0,4904847
Niger,NER,1973,35.9,1039.0,5037868
Niger,NER,1974,36.2,1105.0,5174956
Niger,NER,1975,36.6,1050.0,5317022
Niger,NER,1976,37.1,1033.0,5464963
Niger,NER,1977,37.7,1087.0,5619722
Niger,NER,1978,38.3,1205.0,5782939
Niger,NER,1979,38.9,1261.0,5955557
Niger,NER,1980,39.3,1291.0,6135968
Niger,NER,1981,39.6,1277.0,6322011
Niger,NER,1982,39.8,1231.0,6512733
Niger,NER,1983,40.0,1180.0,6708646
Niger,NER,1984,40.0,956.0,6909974
Niger,NER,1985,40.1,950.0,7118457
Niger,NER,1986,40.3,969.0,7335814
Niger,NER,1987,40.5,912.0,7561154
Niger,NER,1988,40.8,939.0,7793752
Niger,NER,1989,41.2,915.0,8034782
Niger,NER,1990,41.7,872.0,8286066
Niger,NER,1991,42.3,865.9,8546900
Niger,NER,1992,43.1,785.3,8817633
Niger,NER,1993,43.8,771.5,9100789
Niger,NER,1994,44.6,776.8,9398266
Niger,NER,1995,45.5,702.5,9714537
Niger,NER,1996,46.3,712.9,10044848
Niger,NER,1997,47.1,693.1,10383977
Niger,NER,1998,47.8,755.2,10741416
Niger,NER,1999,48.5,736.9,11117414
Niger,NER,2000,49.2,693.4,11509634
Niger,NER,2001,49.9,723.3,11920648
Niger,NER,2002,50.6,734.6,12349150
Niger,NER,2003,51.5,758.1,12796979
Niger,NER,2004,52.4,725.1,13265843
Niger,NER,2005,53.3,757.2,13756192
Niger,NER,2006,54.2,771.4,14268583
Niger,NER,2007,55.1,766.2,14803604
Niger,NER,2008,55.9,809.5,15361921
Niger,NER,2009,56.5,775.3,15943673
Niger,NER,2010,57.1,810.2,16548833
Niger,NER,2011,57.6,799.0,17176286
Niger,NER,2012,58.0,849.8,17836770
Niger,NER,2013,58.4,861.0,18519899
Niger,NER,2014,58.7,884.3,19215917
Niger,NER,2015,58.8,888.4,19939496
Niger,NER,2016,59.2,903.6,20685758
Niger,NER,2017,59.5,913.8,21435449
Niger,NER,2018,59.8,942.5,22188074
Niger,NER,2019,60.0,964.3,22947765
Niger,NER,2020,59.9,962.8,23717615
Niger,NER,2021,59.5,941.3,24502145
Niger,NER,2022,60.4,1007.7,25311978
Nigeria,NGA,1952,35.9,1323.0,38716210
Nigeria,NGA,1953,36.0,1325.0,39439813
Nigeria,NGA,1954,36.2,1382.0,40176326
Nigeria,NGA,1955,36.3,1379.0,40935638
Nigeria,NGA,1956,36.5,1309.0,41716059
Nigeria,NGA,1957,36.6,1323.0,42517478
Nigeria,NGA,1958,36.8,1270.0,43324654
Nigeria,NGA,1959,37.0,1288.0,44161685
Nigeria,NGA,1960,37.2,1307.0,45053787
Nigeria,NGA,1961,37.4,1313.0,45989313
Nigeria,NGA,1962,37.6,1349.0,46965299
Nigeria,NGA,1963,37.8,1433.0,47973576
Nigeria,NGA,1964,38.0,1451.0,49012023
Nigeria,NGA,1965,38.2,1505.0,50086762
Nigeria,NGA,1966,38.4,1414.0,51188240
Nigeria,NGA,1967,37.5,1160.0,52293065
Nigeria,NGA,1968,38.6,1114.0,53432785
Nigeria,NGA,1969,38.9,1372.0,54631917
Nigeria,NGA,1970,40.0,1744.0,55893836
Nigeria,NGA,1971,40.6,1894.0,57214688
Nigeria,NGA,1972,41.3,1908.0,58601749
Nigeria,NGA,1973,41.8,2012.0,60082138
Nigeria,NGA,1974,42.5,2179.0,61679153
Nigeria,NGA,1975,43.1,2051.0,63410821
Nigeria,NGA,1976,44.2,2208.0,65258000
Nigeria,NGA,1977,44.8,2220.0,67234590
Nigeria,NGA,1978,45.3,2028.0,69326531
Nigeria,NGA,1979,45.7,2104.0,71498241
Nigeria,NGA,1980,46.0,2080.0,73764641
Nigeria,NGA,1981,46.3,1855.0,76068116
Nigeria,NGA,1982,46.4,1784.0,78378699
Nigeria,NGA,1983,46.4,1631.0,80438257
Nigeria,NGA,1984,46.3,1527.0,82526444
Nigeria,NGA,1985,46.2,1621.0,84897973
Nigeria,NGA,1986,46.0,1610.0,87235959
Nigeria,NGA,1987,45.9,1556.0,89591718
Nigeria,NGA,1988,45.8,1667.0,92020088
Nigeria,NGA,1989,45.8,1729.0,94531022
Nigeria,NGA,1990,45.7,1773.0,97120926
Nigeria,NGA,1991,45.5,1759.0,99720161
Nigeria,NGA,1992,45.6,1793.9,102372779
Nigeria,NGA,1993,45.8,1817.7,105122075
Nigeria,NGA,1994,45.7,1820.3,107935717
Nigeria,NGA,1995,45.9,1851.0,110819430
Nigeria,NGA,1996,45.8,1924.1,113754783
Nigeria,NGA,1997,46.0,1977.3,116754790
Nigeria,NGA,1998,46.1,2025.9,119846261
Nigeria,NGA,1999,46.6,2034.8,123047324
Nigeria,NGA,2000,47.1,2144.8,126382490
Nigeria,NGA,2001,47.5,2282.8,129862594
Nigeria,NGA,2002,48.0,2609.1,133471995
Nigeria,NGA,2003,48.6,2848.3,137202646
Nigeria,NGA,2004,49.1,3136.6,141057045
Nigeria,NGA,2005,49.5,3347.8,145017256
Nigeria,NGA,2006,49.9,3564.6,149077335
Nigeria,NGA,2007,50.4,3817.5,153267254
Nigeria,NGA,2008,50.7,4084.2,157595014
Nigeria,NGA,2009,51.1,4416.3,162049466
Nigeria,NGA,2010,51.3,4904.9,166642888
Nigeria,NGA,2011,51.5,5136.0,171379602
Nigeria,NGA,2012,51.7,5216.3,176200627
Nigeria,NGA,2013,51.8,5356.4,181049440
Nigeria,NGA,2014,51.9,5550.7,185896917
Nigeria,NGA,2015,51.9,5558.0,190671883
Nigeria,NGA,2016,52.2,5337.1,195443698
Nigeria,NGA,2017,52.4,5248.7,200254580
Nigeria,NGA,2018,52.7,5215.4,204938752
Nigeria,NGA,2019,53.0,5197.1,209485637
Nigeria,NGA,2020,53.1,4976.3,213996185
Nigeria,NGA,2021,53.5,5029.1,218529286
Nigeria,NGA,2022,54.1,5070.5,223150906
Niue,NIU,1952,55.4,,4581
Niue,NIU,1953,55.8,,4600
Niue,NIU,1954,56.2,,4620
Niue,NIU,1955,56.7,,4649
Niue,NIU,1956,57.2,,4690
Niue,NIU,1957,57.7,,4738
Niue,NIU,1958,58.3,,4785
Niue,NIU,1959,58.8,,4826
Niue,NIU,1960,59.4,,4847
Niue,NIU,1961,60.0,,4870
Niue,NIU,1962,60.5,,4945
Niue,NIU,1963,61.0,,5055
Niue,NIU,1964,61.5,,5150
Niue,NIU,1965,62.1,,5227
Niue,NIU,1966,62.6,,5259
Niue,NIU,1967,63.1,,5262
Niue,NIU,1968,63.5,,5234
Niue,NIU,1969,64.0,,5183
Niue,NIU,1970,64.4,,5133
Niue,NIU,1971,64.7,,5059
Niue,NIU,1972,65.1,,4914
Niue,NIU,1973,65.4,,4718
Niue,NIU,1974,65.8,,4497
Niue,NIU,1975,66.1,,4253
Niue,NIU,1976,66.5,,4013
Niue,NIU,1977,66.9,,3868
Niue,NIU,1978,67.1,,3776
Niue,NIU,1979,67.4,,3673
Niue,NIU,1980,67.6,,3550
Niue,NIU,1981,67.8,,3413
Niue,NIU,1982,68.0,,3281
Niue,NIU,1983,68.1,,3129
Niue,NIU,1984,68.1,,2974
Niue,NIU,1985,68.1,,2803
Niue,NIU,1986,67.9,,2658
Niue,NIU,1987,67.8,,2584
Niue,NIU,1988,67.6,,2559
Niue,NIU,1989,67.3,,2537
Niue,NIU,1990,67.1,,2506
Niue,NIU,1991,66.8,,2476
Niue,NIU,1992,66.5,,2443
Niue,NIU,1993,66.4,,2403
Niue,NIU,1994,66.4,,2362
Niue,NIU,1995,66.4,,2326
Niue,NIU,1996,66.4,,2290
Niue,NIU,1997,66.4,,2242
Niue,NIU,1998,66.6,,2187
Niue,NIU,1999,65.6,,2138
Niue,NIU,2000,66.6,,2068
Niue,NIU,2001,66.7,,2007
Niue,NIU,2002,66.7,,1965
Niue,NIU,2003,66.8,,1928
Niue,NIU,2004,65.6,,1891
Niue,NIU,2005,67.0,,1849
Niue,NIU,2006,67.1,,1818
Niue,NIU,2007,67.2,,1810
Niue,NIU,2008,67.3,,1805
Niue,NIU,2009,67.5,,1801
Niue,NIU,2010,67.7,,1786
Niue,NIU,2011,67.8,,1776
Niue,NIU,2012,68.0,,1784
Niue,NIU,2013,68.2,,1786
Niue,NIU,2014,68.4,,1792
Niue,NIU,2015,68.6,,1803
Niue,NIU,2016,68.8,,1806
Niue,NIU,2017,69.0,,1803
Niue,NIU,2018,69.1,,1805
Niue,NIU,2019,69.3,,1814
Niue,NIU,2020,69.5,,1822
Niue,NIU,2021,69.6,,1836
Niue,NIU,2022,69.8,,1844
North Korea,PRK,1952,32.8,,10253639
North Korea,PRK,1953,40.3,,10177418
North Korea,PRK,1954,50.6,,10242806
North Korea,PRK,1955,51.8,,10403326
North Korea,PRK,1956,52.8,,10600386
North Korea,PRK,1957,53.7,,10854683
North Korea,PRK,1958,54.5,,11163751
North Korea,PRK,1959,55.2,,11452992
North Korea,PRK,1960,55.8,,11722950
North Korea,PRK,1961,56.4,,11990714
North Korea,PRK,1962,57.0,,12262886
North Korea,PRK,1963,57.6,,12567059
North Korea,PRK,1964,58.2,,12889774
North Korea,PRK,1965,58.8,,13219375
North Korea,PRK,1966,59.4,,13569099
North Korea,PRK,1967,60.1,,13958350
North Korea,PRK,1968,60.8,,14365601
North Korea,PRK,1969,61.4,,14767625
North Korea,PRK,1970,62.0,,15172777
North Korea,PRK,1971,62.7,,15572460
North Korea,PRK,1972,63.3,,15975065
North Korea,PRK,1973,63.8,,16350372
North Korea,PRK,1974,64.3,,16673124
North Korea,PRK,1975,64.8,,16971055
North Korea,PRK,1976,65.3,,17243455
North Korea,PRK,1977,65.8,,17492797
North Korea,PRK,1978,66.3,,17736000
North Korea,PRK,1979,66.7,,17983465
North Korea,PRK,1980,67.2,,18236783
North Korea,PRK,1981,67.7,,18501303
North Korea,PRK,1982,68.1,,18776359
North Korea,PRK,1983,68.5,,19054039
North Korea,PRK,1984,68.9,,19335049
North Korea,PRK,1985,69.2,,19620396
North Korea,PRK,1986,69.5,,19910856
North Korea,PRK,1987,69.8,,20205485
North Korea,PRK,1988,70.1,,20503161
North Korea,PRK,1989,70.3,,20804363
North Korea,PRK,1990,70.5,2455.8,21112134
North Korea,PRK,1991,70.7,2316.0,21428637
North Korea,PRK,1992,71.0,2120.5,21750912
North Korea,PRK,1993,70.8,1996.3,22073354
North Korea,PRK,1994,70.5,1926.0,22393967
North Korea,PRK,1995,60.8,1816.0,22669307
North Korea,PRK,1996,60.8,1733.1,22895753
North Korea,PRK,1997,60.9,1604.9,23110836
North Korea,PRK,1998,60.9,1579.9,23311570
North Korea,PRK,1999,60.9,1664.6,23497594
North Korea,PRK,2000,60.9,1657.1,23665909
North Korea,PRK,2001,60.9,1704.4,23815364
North Korea,PRK,2002,60.9,1710.9,23943975
North Korea,PRK,2003,69.4,1729.6,24090382
North Korea,PRK,2004,69.3,1753.7,24254946
North Korea,PRK,2005,69.2,1808.1,24396434
North Korea,PRK,2006,69.1,1778.5,24524508
North Korea,PRK,2007,69.0,1746.9,24646384
North Korea,PRK,2008,69.3,1794.7,24764620
North Korea,PRK,2009,69.7,1768.9,24878338
North Korea,PRK,2010,70.2,1751.4,24987257
North Korea,PRK,2011,70.8,1756.6,25097877
North Korea,PRK,2012,71.3,1770.9,25211737
North Korea,PRK,2013,71.9,1781.3,25329456
North Korea,PRK,2014,72.5,1791.3,25451263
North Korea,PRK,2015,72.8,1762.5,25575355
North Korea,PRK,2016,73.0,1821.2,25698325
North Korea,PRK,2017,73.0,1749.1,25817710
North Korea,PRK,2018,73.0,1668.5,25931153
North Korea,PRK,2019,72.9,1666.8,26037633
North Korea,PRK,2020,72.8,1584.4,26136312
North Korea,PRK,2021,73.4,1577.1,26232530
North Korea,PRK,2022,73.6,1568.8,26328843
North Macedonia,MKD,1952,52.5,2150.0,1294538
North Macedonia,MKD,1953,53.2,2240.0,1319470
North Macedonia,MKD,1954,55.7,2289.0,1340010
North Macedonia,MKD,1955,55.4,2766.0,1355680
North Macedonia,MKD,1956,58.5,2799.0,1370923
North Macedonia,MKD,1957,55.7,3062.0,1385258
North Macedonia,MKD,1958,60.3,3301.0,1400121
North Macedonia,MKD,1959,59.5,3381.0,1417080
North Macedonia,MKD,1960,60.5,3586.0,1435060
North Macedonia,MKD,1961,61.8,3634.0,1455175
North Macedonia,MKD,1962,59.3,3666.0,1471743
North Macedonia,MKD,1963,61.4,4261.0,1488745
North Macedonia,MKD,1964,61.5,5450.0,1510902
North Macedonia,MKD,1965,62.6,4933.0,1533471
North Macedonia,MKD,1966,63.5,5308.0,1557355
North Macedonia,MKD,1967,63.8,5485.0,1582503
North Macedonia,MKD,1968,64.6,5606.0,1608933
North Macedonia,MKD,1969,64.0,6129.0,1636356
North Macedonia,MKD,1970,65.0,6545.0,1664214
North Macedonia,MKD,1971,65.2,6884.0,1691224
North Macedonia,MKD,1972,65.6,7127.0,1717400
North Macedonia,MKD,1973,67.1,7471.0,1743825
North Macedonia,MKD,1974,67.1,7803.0,1770550
North Macedonia,MKD,1975,67.3,8064.0,1797972
North Macedonia,MKD,1976,67.9,8319.0,1825833
North Macedonia,MKD,1977,68.2,8738.0,1853147
North Macedonia,MKD,1978,69.1,9341.0,1879854
North Macedonia,MKD,1979,69.2,9891.0,1906524
North Macedonia,MKD,1980,69.1,9899.0,1933043
North Macedonia,MKD,1981,69.4,9937.0,1959071
North Macedonia,MKD,1982,69.8,9977.0,1978962
North Macedonia,MKD,1983,69.7,9728.0,1991902
North Macedonia,MKD,1984,70.2,10007.0,2003400
North Macedonia,MKD,1985,70.2,9894.0,2014334
North Macedonia,MKD,1986,70.3,10551.0,2024729
North Macedonia,MKD,1987,70.4,10385.0,2035161
North Macedonia,MKD,1988,70.5,10034.0,2045739
North Macedonia,MKD,1989,71.1,10206.0,2055650
North Macedonia,MKD,1990,71.3,9173.0,2063690
North Macedonia,MKD,1991,71.8,8615.8,2056002
North Macedonia,MKD,1992,71.3,7991.6,2032516
North Macedonia,MKD,1993,71.7,7317.8,2006853
North Macedonia,MKD,1994,71.5,7154.1,1992669
North Macedonia,MKD,1995,72.0,7039.1,1998531
North Macedonia,MKD,1996,71.9,7095.2,2012553
North Macedonia,MKD,1997,71.9,7179.0,2025764
North Macedonia,MKD,1998,71.8,7411.5,2037575
North Macedonia,MKD,1999,72.3,7732.0,2048088
North Macedonia,MKD,2000,72.6,8083.8,2057254
North Macedonia,MKD,2001,73.0,7835.0,2066300
North Macedonia,MKD,2002,72.7,7964.1,2074482
North Macedonia,MKD,2003,73.0,8160.4,2081417
North Macedonia,MKD,2004,73.4,8561.4,2086581
North Macedonia,MKD,2005,73.6,8984.5,2089809
North Macedonia,MKD,2006,73.8,9466.3,2089232
North Macedonia,MKD,2007,73.7,10099.4,2081972
North Macedonia,MKD,2008,74.4,10674.2,2070837
North Macedonia,MKD,2009,74.5,10657.9,2060601
North Macedonia,MKD,2010,75.0,11038.3,2051510
North Macedonia,MKD,2011,75.1,11321.0,2040445
North Macedonia,MKD,2012,75.0,11255.7,2027288
North Macedonia,MKD,2013,75.6,11568.2,2013280
North Macedonia,MKD,2014,75.6,11968.1,1997842
North Macedonia,MKD,2015,75.6,12412.9,1980366
North Macedonia,MKD,2016,75.6,12752.6,1961268
North Macedonia,MKD,2017,76.2,12878.0,1940877
North Macedonia,MKD,2018,76.9,13238.0,1919730
North Macedonia,MKD,2019,76.8,13751.2,1897643
North Macedonia,MKD,2020,74.5,13125.8,1872021
North Macedonia,MKD,2021,73.3,13692.0,1851109
North Macedonia,MKD,2022,76.6,14051.0,1840236
Northern Mariana Islands,MNP,1952,58.8,,7352
Northern Mariana Islands,MNP,1953,59.1,,7463
Northern Mariana Islands,MNP,1954,59.5,,7591
Northern Mariana Islands,MNP,1955,59.8,,7750
Northern Mariana Islands,MNP,1956,60.1,,7920
Northern Mariana Islands,MNP,1957,60.4,,8096
Northern Mariana Islands,MNP,1958,60.7,,8301
Northern Mariana Islands,MNP,1959,61.0,,8514
Northern Mariana Islands,MNP,1960,61.4,,8760
Northern Mariana Islands,MNP,1961,61.7,,9017
Northern Mariana Islands,MNP,1962,62.0,,9301
Northern Mariana Islands,MNP,1963,62.3,,9617
Northern Mariana Islands,MNP,1964,62.6,,9947
Northern Mariana Islands,MNP,1965,63.0,,10276
Northern Mariana Islands,MNP,1966,63.3,,10636
Northern Mariana Islands,MNP,1967,63.7,,10769
Northern Mariana Islands,MNP,1968,64.1,,10491
Northern Mariana Islands,MNP,1969,64.5,,10006
Northern Mariana Islands,MNP,1970,64.8,,10193
Northern Mariana Islands,MNP,1971,65.2,,11288
Northern Mariana Islands,MNP,1972,65.6,,12659
Northern Mariana Islands,MNP,1973,66.0,,13905
Northern Mariana Islands,MNP,1974,66.4,,14677
Northern Mariana Islands,MNP,1975,66.8,,15083
Northern Mariana Islands,MNP,1976,67.3,,15456
Northern Mariana Islands,MNP,1977,67.7,,15813
Northern Mariana Islands,MNP,1978,67.9,,16150
Northern Mariana Islands,MNP,1979,68.1,,16508
Northern Mariana Islands,MNP,1980,68.3,,17645
Northern Mariana Islands,MNP,1981,68.5,,19847
Northern Mariana Islands,MNP,1982,68.7,,22374
Northern Mariana Islands,MNP,1983,68.9,,24960
Northern Mariana Islands,MNP,1984,69.1,,27598
Northern Mariana Islands,MNP,1985,69.2,,30281
Northern Mariana Islands,MNP,1986,69.4,,33001
Northern Mariana Islands,MNP,1987,69.5,,35755
Northern Mariana Islands,MNP,1988,69.6,,38538
Northern Mariana Islands,MNP,1989,69.8,,41327
Northern Mariana Islands,MNP,1990,70.0,,43364
Northern Mariana Islands,MNP,1991,70.4,,44412
Northern Mariana Islands,MNP,1992,70.8,,45204
Northern Mariana Islands,MNP,1993,71.2,,45973
Northern Mariana Islands,MNP,1994,71.5,,46752
Northern Mariana Islands,MNP,1995,71.9,,48192
Northern Mariana Islands,MNP,1996,72.4,,51724
Northern Mariana Islands,MNP,1997,72.9,,56610
Northern Mariana Islands,MNP,1998,73.6,,61356
Northern Mariana Islands,MNP,1999,74.3,,65933
Northern Mariana Islands,MNP,2000,74.9,,68374
Northern Mariana Islands,MNP,2001,75.4,,68003
Northern Mariana Islands,MNP,2002,75.9,,66800
Northern Mariana Islands,MNP,2003,76.5,,65438
Northern Mariana Islands,MNP,2004,76.8,,63948
Northern Mariana Islands,MNP,2005,77.3,,62372
Northern Mariana Islands,MNP,2006,77.7,,60688
Northern Mariana Islands,MNP,2007,77.9,,58960
Northern Mariana Islands,MNP,2008,77.9,,57163
Northern Mariana Islands,MNP,2009,77.9,,55346
Northern Mariana Islands,MNP,2010,77.8,,54110
Northern Mariana Islands,MNP,2011,77.7,,53633
Northern Mariana Islands,MNP,2012,77.6,,53251
Northern Mariana Islands,MNP,2013,77.5,,52777
Northern Mariana Islands,MNP,2014,77.4,,52199
Northern Mariana Islands,MNP,2015,77.4,,51538
Northern Mariana Islands,MNP,2016,77.4,,50795
Northern Mariana Islands,MNP,2017,77.5,,49981
Northern Mariana Islands,MNP,2018,77.5,,49098
Northern Mariana Islands,MNP,2019,77.8,,48154
Northern Mariana Islands,MNP,2020,78.0,,47557
Northern Mariana Islands,MNP,2021,78.2,,47003
Northern Mariana Islands,MNP,2022,78.5,,46101
Norway,NOR,1952,72.7,9267.0,3327839
Norway,NOR,1953,73.1,9540.0,3361030
Norway,NOR,1954,73.2,9923.0,3394397
Norway,NOR,1955,73.4,10044.0,3428532
Norway,NOR,1956,73.5,10480.0,3461074
Norway,NOR,1957,73.4,10697.0,3491980
Norway,NOR,1958,73.4,10603.0,3523007
Norway,NOR,1959,73.6,10957.0,3552828
Norway,NOR,1960,73.6,11483.0,3581119
Norway,NOR,1961,73.6,12106.0,3609661
Norway,NOR,1962,73.5,12347.0,3638841
Norway,NOR,1963,73.1,12723.0,3666497
Norway,NOR,1964,73.6,13256.0,3694319
Norway,NOR,1965,73.7,13852.0,3723173
Norway,NOR,1966,74.0,14258.0,3752788
Norway,NOR,1967,74.1,15020.0,3784111
Norway,NOR,1968,73.9,15224.0,3816089
Norway,NOR,1969,73.7,15779.0,3847304
Norway,NOR,1970,74.1,15983.0,3875351
Norway,NOR,1971,74.2,16692.0,3902754
Norway,NOR,1972,74.3,17409.0,3932913
Norway,NOR,1973,74.4,18050.0,3960597
Norway,NOR,1974,74.8,18691.0,3985283
Norway,NOR,1975,74.8,19560.0,4007368
Norway,NOR,1976,75.0,20610.0,4026219
Norway,NOR,1977,75.4,21399.0,4043259
Norway,NOR,1978,75.4,22061.0,4058668
Norway,NOR,1979,75.4,22971.0,4072499
Norway,NOR,1980,75.7,24031.0,4085603
Norway,NOR,1981,75.9,24179.0,4099675
Norway,NOR,1982,76.0,24141.0,4114742
Norway,NOR,1983,76.1,24924.0,4128332
Norway,NOR,1984,76.2,26321.0,4139970
Norway,NOR,1985,75.9,27608.0,4152399
Norway,NOR,1986,76.3,28504.0,4167252
Norway,NOR,1987,76.1,28953.0,4186818
Norway,NOR,1988,76.3,28786.0,4209470
Norway,NOR,1989,76.5,28942.0,4226914
Norway,NOR,1990,76.6,29434.0,4241440
Norway,NOR,1991,77.0,31127.7,4261618
Norway,NOR,1992,77.2,33041.2,4286255
Norway,NOR,1993,77.2,34819.5,4311864
Norway,NOR,1994,77.8,37492.8,4336467
Norway,NOR,1995,77.8,40043.8,4358991
Norway,NOR,1996,78.2,43133.1,4381137
Norway,NOR,1997,78.2,46556.5,4404988
Norway,NOR,1998,78.4,48956.7,4431308
Norway,NOR,1999,78.4,51129.2,4461789
Norway,NOR,2000,78.7,54040.0,4490864
Norway,NOR,2001,78.9,56578.4,4513650
Norway,NOR,2002,79.0,58840.4,4538016
Norway,NOR,2003,79.5,60852.3,4564666
Norway,NOR,2004,80.0,64824.1,4591739
Norway,NOR,2005,80.2,68108.6,4623120
Norway,NOR,2006,80.4,71310.5,4660487
Norway,NOR,2007,80.5,74879.8,4709017
Norway,NOR,2008,80.7,76522.1,4768097
Norway,NOR,2009,80.9,76625.6,4828625
Norway,NOR,2010,81.0,78476.2,4889160
Norway,NOR,2011,81.2,80623.0,4952969
Norway,NOR,2012,81.4,81725.2,5018453
Norway,NOR,2013,81.7,81564.3,5080126
Norway,NOR,2014,82.1,82311.3,5137397
Norway,NOR,2015,82.3,82984.0,5189777
Norway,NOR,2016,82.4,83213.0,5235974
Norway,NOR,2017,82.6,84600.7,5276807
Norway,NOR,2018,82.8,84739.9,5311751
Norway,NOR,2019,83.0,85115.3,5347733
Norway,NOR,2020,83.2,83543.1,5379275
Norway,NOR,2021,83.2,86334.6,5408082
Norway,NOR,2022,82.6,88366.2,5456796
Oman,OMN,1952,30.2,1079.0,468831
Oman,OMN,1953,30.7,1127.0,475163
Oman,OMN,1954,31.2,1173.0,481826
Oman,OMN,1955,31.8,1221.0,488811
Oman,OMN,1956,32.4,1274.0,496175
Oman,OMN,1957,33.0,1325.0,503986
Oman,OMN,1958,33.8,1380.0,512341
Oman,OMN,1959,34.6,1435.0,521320
Oman,OMN,1960,35.4,1490.0,530489
Oman,OMN,1961,36.4,1471.0,539859
Oman,OMN,1962,37.4,1728.0,549951
Oman,OMN,1963,38.5,1758.0,560832
Oman,OMN,1964,39.6,1714.0,572586
Oman,OMN,1965,40.8,1678.0,585245
Oman,OMN,1966,42.0,1722.0,598815
Oman,OMN,1967,43.2,2788.0,613318
Oman,OMN,1968,44.4,4932.0,628801
Oman,OMN,1969,45.6,6028.0,645262
Oman,OMN,1970,46.6,6056.0,662691
Oman,OMN,1971,47.9,5923.0,681125
Oman,OMN,1972,48.7,6271.0,700591
Oman,OMN,1973,50.0,5227.0,721182
Oman,OMN,1974,51.2,5644.0,746995
Oman,OMN,1975,52.5,6802.0,778871
Oman,OMN,1976,54.4,7328.0,814703
Oman,OMN,1977,55.5,6998.0,855316
Oman,OMN,1978,57.0,6513.0,900312
Oman,OMN,1979,58.3,6446.0,949122
Oman,OMN,1980,59.6,6491.0,1001248
Oman,OMN,1981,60.8,7210.0,1057326
Oman,OMN,1982,62.0,7651.0,1117686
Oman,OMN,1983,63.2,8521.0,1181464
Oman,OMN,1984,64.3,9526.0,1247723
Oman,OMN,1985,65.3,10433.0,1325489
Oman,OMN,1986,66.2,10268.0,1413424
Oman,OMN,1987,67.0,10699.0,1501006
Oman,OMN,1988,67.7,10633.0,1588573
Oman,OMN,1989,68.4,10692.0,1676234
Oman,OMN,1990,69.0,10327.0,1763957
Oman,OMN,1991,69.6,11131.0,1851476
Oman,OMN,1992,70.1,12251.2,1938240
Oman,OMN,1993,70.6,13226.6,2021677
Oman,OMN,1994,71.1,14079.5,2081839
Oman,OMN,1995,71.6,15292.2,2120531
Oman,OMN,1996,72.0,16491.2,2156925
Oman,OMN,1997,72.5,18518.5,2190726
Oman,OMN,1998,72.9,20213.0,2222492
Oman,OMN,1999,73.3,21519.7,2252910
Oman,OMN,2000,73.6,24186.4,2282139
Oman,OMN,2001,74.0,26431.1,2310223
Oman,OMN,2002,74.3,27141.8,2337144
Oman,OMN,2003,74.5,27314.0,2363801
Oman,OMN,2004,74.8,28607.1,2404822
Oman,OMN,2005,75.1,30392.6,2459808
Oman,OMN,2006,75.4,33374.9,2514794
Oman,OMN,2007,75.6,36425.0,2570175
Oman,OMN,2008,76.1,40909.9,2626536
Oman,OMN,2009,76.6,44244.6,2684665
Oman,OMN,2010,77.2,46182.2,2757450
Oman,OMN,2011,77.7,44454.0,3076762
Oman,OMN,2012,78.2,47427.6,3547104
Oman,OMN,2013,78.6,48900.8,3833915
Oman,OMN,2014,79.0,48528.4,4002444
Oman,OMN,2015,79.3,49926.9,4184898
Oman,OMN,2016,79.6,51382.7,4390880
Oman,OMN,2017,79.7,50502.7,4537397
Oman,OMN,2018,79.9,50135.4,4597878
Oman,OMN,2019,79.9,48596.5,4591248
Oman,OMN,2020,77.8,46133.2,4522502
Oman,OMN,2021,76.0,46573.6,4500429
Oman,OMN,2022,77.9,47988.6,4730229
Pakistan,PAK,1952,36.5,950.0,37377005
Pakistan,PAK,1953,37.6,1015.0,38229661
Pakistan,PAK,1954,38.6,1014.0,39137072
Pakistan,PAK,1955,39.6,1012.0,40098068
Pakistan,PAK,1956,40.6,1017.0,41113927
Pakistan,PAK,1957,41.6,1036.0,42185142
Pakistan,PAK,1958,42.5,1025.0,43312058
Pakistan,PAK,1959,43.3,1009.0,44495164
Pakistan,PAK,1960,44.1,1031.0,45709314
Pakistan,PAK,1961,45.0,1066.0,46921277
Pakistan,PAK,1962,45.8,1114.0,48156130
Pakistan,PAK,1963,46.8,1152.0,49447780
Pakistan,PAK,1964,47.8,1208.0,50799995
Pakistan,PAK,1965,48.5,1229.0,52209015
Pakistan,PAK,1966,49.8,1294.0,53678671
Pakistan,PAK,1967,50.8,1307.0,55214772
Pakistan,PAK,1968,51.6,1361.0,56810512
Pakistan,PAK,1969,52.3,1411.0,58460945
Pakistan,PAK,1970,52.9,1517.0,60166721
Pakistan,PAK,1971,49.0,1484.0,61847896
Pakistan,PAK,1972,53.8,1455.0,63583192
Pakistan,PAK,1973,54.1,1521.0,65461912
Pakistan,PAK,1974,54.3,1533.0,67415487
Pakistan,PAK,1975,54.7,1559.0,69461179
Pakistan,PAK,1976,55.1,1604.0,71620249
Pakistan,PAK,1977,55.5,1631.0,73901831
Pakistan,PAK,1978,56.1,1720.0,76307381
Pakistan,PAK,1979,56.6,1733.0,78997040
Pakistan,PAK,1980,57.2,1851.0,82291008
Pakistan,PAK,1981,57.8,1924.0,85802048
Pakistan,PAK,1982,58.3,2002.0,89089247
Pakistan,PAK,1983,58.7,2077.0,92227711
Pakistan,PAK,1984,58.9,2106.0,95164940
Pakistan,PAK,1985,59.1,2230.0,98229291
Pakistan,PAK,1986,59.2,2302.0,101606770
Pakistan,PAK,1987,59.2,2364.0,105130710
Pakistan,PAK,1988,59.4,2442.0,108724740
Pakistan,PAK,1989,59.5,2487.0,112336634
Pakistan,PAK,1990,59.7,2531.0,116155584
Pakistan,PAK,1991,59.9,2644.6,120060409
Pakistan,PAK,1992,60.0,2732.4,123546855
Pakistan,PAK,1993,60.1,2777.3,127020117
Pakistan,PAK,1994,60.2,2855.9,130748076
Pakistan,PAK,1995,60.3,2947.7,134582255
Pakistan,PAK,1996,60.5,2979.8,138557089
Pakistan,PAK,1997,60.6,2986.7,142531801
Pakistan,PAK,1998,61.1,3035.5,146522354
Pakistan,PAK,1999,61.5,3112.0,150565381
Pakistan,PAK,2000,61.9,3154.5,154879124
Pakistan,PAK,2001,62.2,3176.9,159270910
Pakistan,PAK,2002,62.6,3265.7,163222552
Pakistan,PAK,2003,62.8,3438.0,167110250
Pakistan,PAK,2004,63.1,3664.5,171285999
Pakistan,PAK,2005,62.4,3883.9,175453212
Pakistan,PAK,2006,63.6,4062.7,179682690
Pakistan,PAK,2007,63.8,4160.4,184493231
Pakistan,PAK,2008,64.0,4224.4,189499112
Pakistan,PAK,2009,64.2,4288.5,194376535
Pakistan,PAK,2010,64.4,4354.3,199239048
Pakistan,PAK,2011,64.7,4464.0,203746069
Pakistan,PAK,2012,64.9,4538.3,207667129
Pakistan,PAK,2013,65.1,4638.2,211073979
Pakistan,PAK,2014,65.4,4750.9,214264649
Pakistan,PAK,2015,65.6,4889.9,217290884
Pakistan,PAK,2016,65.9,5030.8,220138863
Pakistan,PAK,2017,66.2,5189.9,223273974
Pakistan,PAK,2018,66.5,5299.1,226928893
Pakistan,PAK,2019,66.7,5219.5,230800908
Pakistan,PAK,2020,65.7,5242.7,235001745
Pakistan,PAK,2021,65.8,5463.8,239477805
Pakistan,PAK,2022,67.4,5531.7,243700667
Palau,PLW,1952,53.1,,7838
Palau,PLW,1953,53.3,,8028
Palau,PLW,1954,53.5,,8231
Palau,PLW,1955,53.7,,8439
Palau,PLW,1956,53.9,,8614
Palau,PLW,1957,54.1,,8771
Palau,PLW,1958,54.4,,8924
Palau,PLW,1959,54.6,,9125
Palau,PLW,1960,54.9,,9349
Palau,PLW,1961,55.1,,9581
Palau,PLW,1962,55.4,,9815
Palau,PLW,1963,55.6,,10060
Palau,PLW,1964,55.8,,10313
Palau,PLW,1965,55.9,,10567
Palau,PLW,1966,56.2,,10825
Palau,PLW,1967,56.5,,11012
Palau,PLW,1968,56.9,,11104
Palau,PLW,1969,57.3,,11182
Palau,PLW,1970,57.7,,11393
Palau,PLW,1971,58.1,,11783
Palau,PLW,1972,58.6,,12216
Palau,PLW,1973,59.0,,12577
Palau,PLW,1974,59.5,,12711
Palau,PLW,1975,60.0,,12675
Palau,PLW,1976,60.5,,12622
Palau,PLW,1977,60.9,,12548
Palau,PLW,1978,61.3,,12465
Palau,PLW,1979,61.6,,12359
Palau,PLW,1980,61.9,,12296
Palau,PLW,1981,62.1,,12423
Palau,PLW,1982,62.3,,12721
Palau,PLW,1983,62.5,,13028
Palau,PLW,1984,62.6,,13359
Palau,PLW,1985,62.7,,13712
Palau,PLW,1986,62.8,,14044
Palau,PLW,1987,62.8,,14357
Palau,PLW,1988,62.8,,14664
Palau,PLW,1989,62.8,,14969
Palau,PLW,1990,62.8,,15282
Palau,PLW,1991,62.8,,15635
Palau,PLW,1992,62.9,,16017
Palau,PLW,1993,63.0,,16397
Palau,PLW,1994,63.1,,16796
Palau,PLW,1995,63.3,,17217
Palau,PLW,1996,63.5,,17683
Palau,PLW,1997,63.7,,18126
Palau,PLW,1998,64.0,,18548
Palau,PLW,1999,64.2,,18926
Palau,PLW,2000,64.5,,19206
Palau,PLW,2001,64.8,,19379
Palau,PLW,2002,65.1,,19527
Palau,PLW,2003,65.4,,19683
Palau,PLW,2004,65.8,,19841
Palau,PLW,2005,66.2,,19837
Palau,PLW,2006,66.6,,19616
Palau,PLW,2007,67.1,,19324
Palau,PLW,2008,67.6,,19031
Palau,PLW,2009,68.0,,18736
Palau,PLW,2010,68.3,,18420
Palau,PLW,2011,68.6,,18099
Palau,PLW,2012,68.9,,17791
Palau,PLW,2013,69.0,,17670
Palau,PLW,2014,69.1,,17740
Palau,PLW,2015,69.1,,17791
Palau,PLW,2016,69.0,,17824
Palau,PLW,2017,69.0,,17838
Palau,PLW,2018,69.0,,17843
Palau,PLW,2019,69.0,,17821
Palau,PLW,2020,68.7,,17817
Palau,PLW,2021,68.6,,17809
Palau,PLW,2022,68.9,,17784
Palestine,PSE,1952,46.3,1669.0,962311
Palestine,PSE,1953,46.6,1733.0,972669
Palestine,PSE,1954,46.9,1801.0,984023
Palestine,PSE,1955,47.2,1867.0,996392
Palestine,PSE,1956,47.6,1930.0,1009756
Palestine,PSE,1957,48.0,2000.0,1024139
Palestine,PSE,1958,48.4,2048.0,1039533
Palestine,PSE,1959,48.8,2146.0,1055901
Palestine,PSE,1960,49.3,2248.0,1073080
Palestine,PSE,1961,49.8,2287.0,1090936
Palestine,PSE,1962,50.4,2381.0,1109345
Palestine,PSE,1963,51.0,2479.0,1127471
Palestine,PSE,1964,51.6,2585.0,1140674
Palestine,PSE,1965,52.2,2703.0,1147310
Palestine,PSE,1966,52.8,2917.0,1146403
Palestine,PSE,1967,50.9,2852.0,1135820
Palestine,PSE,1968,54.1,2636.0,1121753
Palestine,PSE,1969,54.7,2791.0,1113086
Palestine,PSE,1970,55.4,3008.0,1116285
Palestine,PSE,1971,56.0,3338.0,1134114
Palestine,PSE,1972,56.7,3797.0,1164753
Palestine,PSE,1973,57.6,3537.0,1202261
Palestine,PSE,1974,58.0,4159.0,1241133
Palestine,PSE,1975,58.7,4085.0,1279321
Palestine,PSE,1976,59.4,4605.0,1316398
Palestine,PSE,1977,60.1,4439.0,1352720
Palestine,PSE,1978,60.8,4874.0,1389501
Palestine,PSE,1979,61.5,4677.0,1428122
Palestine,PSE,1980,62.2,5239.0,1469058
Palestine,PSE,1981,62.8,4811.0,1512710
Palestine,PSE,1982,63.5,5088.0,1560995
Palestine,PSE,1983,64.1,4733.0,1618780
Palestine,PSE,1984,64.7,4807.0,1688613
Palestine,PSE,1985,65.3,4619.0,1745262
Palestine,PSE,1986,65.7,5330.0,1789315
Palestine,PSE,1987,66.3,5004.0,1876764
Palestine,PSE,1988,66.7,4745.0,1977311
Palestine,PSE,1989,67.1,4682.0,2055617
Palestine,PSE,1990,67.8,5345.0,2139065
Palestine,PSE,1991,68.2,4732.2,2228955
Palestine,PSE,1992,68.5,5410.6,2324698
Palestine,PSE,1993,68.8,5528.0,2425066
Palestine,PSE,1994,69.3,5893.5,2529164
Palestine,PSE,1995,69.6,5756.8,2636554
Palestine,PSE,1996,70.0,5320.3,2746830
Palestine,PSE,1997,70.3,5598.0,2859581
Palestine,PSE,1998,70.6,6051.9,2962895
Palestine,PSE,1999,70.8,6204.6,3056256
Palestine,PSE,2000,70.3,5377.4,3151800
Palestine,PSE,2001,69.8,4626.3,3242286
Palestine,PSE,2002,70.9,3842.1,3322369
Palestine,PSE,2003,71.0,4158.3,3398071
Palestine,PSE,2004,71.1,4358.5,3475178
Palestine,PSE,2005,72.0,4589.6,3557406
Palestine,PSE,2006,71.8,4193.2,3645096
Palestine,PSE,2007,72.1,4251.0,3736694
Palestine,PSE,2008,72.2,4287.2,3829039
Palestine,PSE,2009,72.3,4426.3,3921245
Palestine,PSE,2010,73.3,4548.5,4016918
Palestine,PSE,2011,73.6,4863.0,4115912
Palestine,PSE,2012,73.7,5054.0,4215318
Palestine,PSE,2013,74.1,5054.0,4315263
Palestine,PSE,2014,72.8,4939.0,4415887
Palestine,PSE,2015,74.6,5003.0,4521564
Palestine,PSE,2016,74.9,5317.0,4632743
Palestine,PSE,2017,75.2,5269.6,4742747
Palestine,PSE,2018,75.4,5218.2,4850593
Palestine,PSE,2019,75.8,5177.0,4957773
Palestine,PSE,2020,75.0,4490.8,5069692
Palestine,PSE,2021,73.9,4698.9,5185341
Palestine,PSE,2022,76.7,4775.2,5305274
Panama,PAN,1952,56.4,2557.0,904460
Panama,PAN,1953,56.8,2649.0,928203
Panama,PAN,1954,57.2,2681.0,953092
Panama,PAN,1955,57.5,2766.0,978971
Panama,PAN,1956,57.9,2836.0,1005877
Panama,PAN,1957,58.3,3054.0,1033915
Panama,PAN,1958,58.9,3014.0,1063168
Panama,PAN,1959,59.6,3124.0,1093804
Panama,PAN,1960,60.3,3217.0,1126004
Panama,PAN,1961,60.9,3462.0,1159880
Panama,PAN,1962,61.4,3647.0,1195311
Panama,PAN,1963,61.8,3877.0,1232136
Panama,PAN,1964,62.1,3929.0,1270068
Panama,PAN,1965,62.3,4151.0,1308840
Panama,PAN,1966,62.6,4331.0,1348390
Panama,PAN,1967,62.9,4559.0,1388630
Panama,PAN,1968,63.2,4752.0,1429452
Panama,PAN,1969,63.7,4976.0,1470888
Panama,PAN,1970,64.1,5131.0,1513071
Panama,PAN,1971,64.7,5471.0,1556079
Panama,PAN,1972,65.2,5571.0,1599721
Panama,PAN,1973,65.8,5719.0,1643696
Panama,PAN,1974,66.6,5695.0,1687932
Panama,PAN,1975,67.2,5649.0,1732393
Panama,PAN,1976,67.8,5604.0,1776943
Panama,PAN,1977,68.3,5512.0,1821550
Panama,PAN,1978,68.7,5946.0,1866317
Panama,PAN,1979,69.1,6075.0,1911555
Panama,PAN,1980,69.5,6849.0,1957543
Panama,PAN,1981,69.8,7313.0,2004424
Panama,PAN,1982,69.9,7444.0,2052278
Panama,PAN,1983,70.1,7186.0,2101107
Panama,PAN,1984,70.4,7192.0,2150781
Panama,PAN,1985,70.5,7404.0,2200921
Panama,PAN,1986,70.7,7578.0,2251331
Panama,PAN,1987,70.8,7653.0,2301979
Panama,PAN,1988,70.9,6743.0,2352856
Panama,PAN,1989,70.1,6715.0,2403821
Panama,PAN,1990,71.3,7119.0,2455588
Panama,PAN,1991,71.3,7659.5,2508273
Panama,PAN,1992,71.5,8148.6,2561342
Panama,PAN,1993,71.8,8450.7,2615099
Panama,PAN,1994,71.9,8549.6,2669545
Panama,PAN,1995,72.0,8555.8,2724555
Panama,PAN,1996,72.2,8652.1,2780228
Panama,PAN,1997,72.5,9054.7,2836702
Panama,PAN,1998,72.8,9560.3,2893918
Panama,PAN,1999,73.1,9784.7,2951820
Panama,PAN,2000,73.4,9898.8,3010376
Panama,PAN,2001,73.8,9804.6,3069545
Panama,PAN,2002,74.2,9879.5,3129343
Panama,PAN,2003,74.6,10153.8,3189813
Panama,PAN,2004,74.8,10769.5,3251158
Panama,PAN,2005,75.2,11389.2,3313024
Panama,PAN,2006,75.4,12195.7,3375024
Panama,PAN,2007,75.7,13492.4,3437490
Panama,PAN,2008,75.9,14467.0,3500646
Panama,PAN,2009,76.2,14515.8,3564383
Panama,PAN,2010,76.4,15169.1,3628537
Panama,PAN,2011,76.7,16762.0,3693509
Panama,PAN,2012,76.9,18051.0,3759261
Panama,PAN,2013,77.1,18979.0,3825333
Panama,PAN,2014,77.4,19855.0,3892100
Panama,PAN,2015,77.6,20723.0,3960034
Panama,PAN,2016,77.8,21445.1,4029085
Panama,PAN,2017,77.9,22331.2,4098704
Panama,PAN,2018,78.3,22843.8,4167860
Panama,PAN,2019,78.5,23218.4,4234698
Panama,PAN,2020,76.3,18840.7,4293258
Panama,PAN,2021,77.0,21539.1,4345410
Panama,PAN,2022,79.3,23557.0,4400775
Papua New Guinea,PNG,1952,40.7,,1609545
Papua New Guinea,PNG,1953,41.3,,1650236
Papua New Guinea,PNG,1954,42.0,,1693505
Papua New Guinea,PNG,1955,42.6,,1739220
Papua New Guinea,PNG,1956,43.3,,1787446
Papua New Guinea,PNG,1957,43.9,,1837511
Papua New Guinea,PNG,1958,44.6,,1888969
Papua New Guinea,PNG,1959,45.1,,1941505
Papua New Guinea,PNG,1960,45.8,,1995115
Papua New Guinea,PNG,1961,46.4,,2046133
Papua New Guinea,PNG,1962,46.7,,2093926
Papua New Guinea,PNG,1963,47.7,,2141380
Papua New Guinea,PNG,1964,48.3,,2188332
Papua New Guinea,PNG,1965,48.9,,2235830
Papua New Guinea,PNG,1966,49.6,,2285785
Papua New Guinea,PNG,1967,50.2,,2337542
Papua New Guinea,PNG,1968,50.9,,2390812
Papua New Guinea,PNG,1969,51.5,,2446932
Papua New Guinea,PNG,1970,52.1,,2505632
Papua New Guinea,PNG,1971,52.6,,2566429
Papua New Guinea,PNG,1972,53.3,,2628436
Papua New Guinea,PNG,1973,53.9,,2690639
Papua New Guinea,PNG,1974,54.4,,2752679
Papua New Guinea,PNG,1975,55.0,,2814827
Papua New Guinea,PNG,1976,55.5,,2877337
Papua New Guinea,PNG,1977,56.0,,2940331
Papua New Guinea,PNG,1978,56.5,,3003718
Papua New Guinea,PNG,1979,57.0,,3067350
Papua New Guinea,PNG,1980,57.4,,3131516
Papua New Guinea,PNG,1981,57.8,,3197030
Papua New Guinea,PNG,1982,58.1,,3264301
Papua New Guinea,PNG,1983,58.3,,3333642
Papua New Guinea,PNG,1984,58.6,,3405200
Papua New Guinea,PNG,1985,58.8,,3478945
Papua New Guinea,PNG,1986,59.0,,3554802
Papua New Guinea,PNG,1987,59.2,,3632546
Papua New Guinea,PNG,1988,59.4,,3711894
Papua New Guinea,PNG,1989,59.6,,3796088
Papua New Guinea,PNG,1990,59.8,,3896482
Papua New Guinea,PNG,1991,59.9,,4021840
Papua New Guinea,PNG,1992,60.3,,4166702
Papua New Guinea,PNG,1993,60.5,,4320880
Papua New Guinea,PNG,1994,60.7,,4480210
Papua New Guinea,PNG,1995,60.9,,4644282
Papua New Guinea,PNG,1996,61.1,,4813363
Papua New Guinea,PNG,1997,61.3,,4987887
Papua New Guinea,PNG,1998,60.4,,5166390
Papua New Guinea,PNG,1999,61.5,,5349333
Papua New Guinea,PNG,2000,61.6,,5537068
Papua New Guinea,PNG,2001,61.6,,5728444
Papua New Guinea,PNG,2002,61.6,,5924010
Papua New Guinea,PNG,2003,61.7,,6124005
Papua New Guinea,PNG,2004,61.8,,6328042
Papua New Guinea,PNG,2005,61.9,,6535905
Papua New Guinea,PNG,2006,62.0,,6747724
Papua New Guinea,PNG,2007,62.2,,6963353
Papua New Guinea,PNG,2008,62.5,,7183002
Papua New Guinea,PNG,2009,62.8,,7406442
Papua New Guinea,PNG,2010,63.1,,7633524
Papua New Guinea,PNG,2011,63.4,,7859349
Papua New Guinea,PNG,2012,63.6,,8081396
Papua New Guinea,PNG,2013,63.9,,8302700
Papua New Guinea,PNG,2014,64.2,,8523440
Papua New Guinea,PNG,2015,64.5,,8743247
Papua New Guinea,PNG,2016,64.7,,8961717
Papua New Guinea,PNG,2017,64.9,,9178717
Papua New Guinea,PNG,2018,65.1,,9394518
Papua New Guinea,PNG,2019,65.3,,9609014
Papua New Guinea,PNG,2020,65.1,,9815743
Papua New Guinea,PNG,2021,64.4,,10012898
Papua New Guinea,PNG,2022,65.3,,10203177
Paraguay,PRY,1952,58.4,2273.0,1572608
Paraguay,PRY,1953,58.5,2276.0,1608308
Paraguay,PRY,1954,58.6,2255.0,1644932
Paraguay,PRY,1955,58.8,2299.0,1682293
Paraguay,PRY,1956,59.0,2335.0,1720418
Paraguay,PRY,1957,59.3,2381.0,1759490
Paraguay,PRY,1958,59.6,2453.0,1799653
Paraguay,PRY,1959,59.9,2385.0,1840972
Paraguay,PRY,1960,60.2,2346.0,1883517
Paraguay,PRY,1961,60.5,2396.0,1927401
Paraguay,PRY,1962,60.8,2499.0,1973136
Paraguay,PRY,1963,61.1,2504.0,2021913
Paraguay,PRY,1964,61.4,2546.0,2073121
Paraguay,PRY,1965,61.6,2624.0,2125179
Paraguay,PRY,1966,61.8,2584.0,2177590
Paraguay,PRY,1967,62.0,2676.0,2229992
Paraguay,PRY,1968,62.2,2699.0,2282394
Paraguay,PRY,1969,62.4,2730.0,2334998
Paraguay,PRY,1970,62.6,2825.0,2388030
Paraguay,PRY,1971,62.7,2906.0,2442540
Paraguay,PRY,1972,62.9,3017.0,2499885
Paraguay,PRY,1973,63.1,3150.0,2561103
Paraguay,PRY,1974,63.2,3319.0,2625622
Paraguay,PRY,1975,63.4,3464.0,2691649
Paraguay,PRY,1976,63.7,3629.0,2758844
Paraguay,PRY,1977,63.9,3945.0,2827876
Paraguay,PRY,1978,64.1,4302.0,2899268
Paraguay,PRY,1979,64.3,4693.0,2973967
Paraguay,PRY,1980,64.6,5113.0,3053239
Paraguay,PRY,1981,64.8,5424.0,3137611
Paraguay,PRY,1982,65.1,5230.0,3226195
Paraguay,PRY,1983,65.3,4935.0,3318075
Paraguay,PRY,1984,65.6,4945.0,3412939
Paraguay,PRY,1985,65.9,4994.0,3510678
Paraguay,PRY,1986,66.2,4854.0,3611474
Paraguay,PRY,1987,66.5,4919.0,3714892
Paraguay,PRY,1988,66.7,5082.0,3820551
Paraguay,PRY,1989,66.9,5222.0,3927802
Paraguay,PRY,1990,67.3,5230.0,4035752
Paraguay,PRY,1991,67.7,5224.3,4144370
Paraguay,PRY,1992,68.0,5186.6,4253608
Paraguay,PRY,1993,68.2,5270.9,4362706
Paraguay,PRY,1994,68.5,5305.5,4471423
Paraguay,PRY,1995,68.8,5463.6,4579803
Paraguay,PRY,1996,69.1,5360.7,4687540
Paraguay,PRY,1997,69.3,5399.4,4794415
Paraguay,PRY,1998,69.5,5321.9,4900028
Paraguay,PRY,1999,69.8,5150.4,5003139
Paraguay,PRY,2000,70.0,4896.4,5100875
Paraguay,PRY,2001,70.3,4918.0,5187690
Paraguay,PRY,2002,70.5,5571.4,5261334
Paraguay,PRY,2003,70.8,5727.0,5326437
Paraguay,PRY,2004,71.1,5876.7,5388181
Paraguay,PRY,2005,71.3,5922.8,5448100
Paraguay,PRY,2006,71.6,6128.6,5505145
Paraguay,PRY,2007,71.8,6383.5,5559385
Paraguay,PRY,2008,72.0,6713.0,5613577
Paraguay,PRY,2009,72.3,6376.9,5671243
Paraguay,PRY,2010,72.6,7139.0,5737973
Paraguay,PRY,2011,72.8,7377.0,5814632
Paraguay,PRY,2012,73.1,7232.4,5897011
Paraguay,PRY,2013,73.3,7735.6,5982447
Paraguay,PRY,2014,73.4,8047.6,6069819
Paraguay,PRY,2015,73.5,8188.4,6159106
Paraguay,PRY,2016,73.5,8438.7,6249129
Paraguay,PRY,2017,73.4,8741.2,6338658
Paraguay,PRY,2018,73.6,8915.7,6427382
Paraguay,PRY,2019,73.7,8776.1,6515059
Paraguay,PRY,2020,72.7,8603.1,6603741
Paraguay,PRY,2021,68.1,8845.7,6684184
Paraguay,PRY,2022,72.3,8762.8,6760460
Peru,PER,1952,46.8,3964.0,8116670
Peru,PER,1953,47.1,4111.0,8344907
Peru,PER,1954,47.5,4117.0,8579314
Peru,PER,1955,47.9,4309.0,8822015
Peru,PER,1956,48.4,4385.0,9073471
Peru,PER,1957,48.9,4479.0,9333871
Peru,PER,1958,49.5,4372.0,9603649
Peru,PER,1959,50.0,4275.0,9883656
Peru,PER,1960,50.6,4733.0,10174128
Peru,PER,1961,51.2,5008.0,10475126
Peru,PER,1962,51.5,5230.0,10784615
Peru,PER,1963,52.6,5314.0,11102095
Peru,PER,1964,53.3,5523.0,11427988
Peru,PER,1965,53.9,5729.0,11761091
Peru,PER,1966,54.4,6038.0,12101300
Peru,PER,1967,54.9,6107.0,12448815
Peru,PER,1968,55.4,5874.0,12803985
Peru,PER,1969,55.8,5859.0,13166756
Peru,PER,1970,47.7,6143.0,13501237
Peru,PER,1971,56.5,6242.0,13838069
Peru,PER,1972,57.0,6264.0,14210147
Peru,PER,1973,57.3,6413.0,14582864
Peru,PER,1974,57.8,6566.0,14956554
Peru,PER,1975,58.2,6896.0,15333955
Peru,PER,1976,58.6,6808.0,15716814
Peru,PER,1977,58.9,6626.0,16109808
Peru,PER,1978,59.3,6454.0,16516061
Peru,PER,1979,59.6,6664.0,16933143
Peru,PER,1980,60.0,6795.0,17360955
Peru,PER,1981,60.3,6921.0,17798803
Peru,PER,1982,60.6,6770.0,18246506
Peru,PER,1983,60.8,5729.0,18705961
Peru,PER,1984,61.1,5859.0,19174717
Peru,PER,1985,61.7,5844.0,19648212
Peru,PER,1986,62.2,6290.0,20117127
Peru,PER,1987,62.5,6682.0,20582325
Peru,PER,1988,63.0,6003.0,21054704
Peru,PER,1989,63.4,5160.0,21532587
Peru,PER,1990,64.0,4795.0,22014772
Peru,PER,1991,64.2,4812.2,22483784
Peru,PER,1992,65.0,4698.5,22946345
Peru,PER,1993,65.7,4857.0,23413783
Peru,PER,1994,66.5,5361.4,23881497
Peru,PER,1995,67.2,5668.0,24348922
Peru,PER,1996,67.8,5739.8,24811174
Peru,PER,1997,68.3,6027.8,25274149
Peru,PER,1998,68.7,5926.7,25738101
Peru,PER,1999,69.3,5945.2,26186499
Peru,PER,2000,69.8,6038.2,26598328
Peru,PER,2001,70.3,6010.2,26964610
Peru,PER,2002,70.8,6274.4,27288211
Peru,PER,2003,71.3,6472.3,27580485
Peru,PER,2004,71.4,6731.0,27852190
Peru,PER,2005,72.0,7091.1,28101175
Peru,PER,2006,72.3,7560.9,28324488
Peru,PER,2007,72.7,8138.4,28530704
Peru,PER,2008,72.7,8812.6,28719038
Peru,PER,2009,72.6,8836.0,28896819
Peru,PER,2010,72.9,9507.8,29086021
Peru,PER,2011,73.3,10044.0,29304083
Peru,PER,2012,74.0,10605.6,29550367
Peru,PER,2013,74.6,11173.4,29817908
Peru,PER,2014,75.3,11389.9,30115825
Peru,PER,2015,75.7,11713.6,30457598
Peru,PER,2016,76.0,12132.0,30866497
Peru,PER,2017,76.0,12390.0,31324639
Peru,PER,2018,76.0,12677.9,31897590
Peru,PER,2019,76.3,12680.4,32449302
Peru,PER,2020,73.8,11137.0,32838577
Peru,PER,2021,71.6,12550.5,33155883
Peru,PER,2022,76.8,12763.0,33475436
Philippines,PHL,1952,54.7,1890.0,20328753
Philippines,PHL,1953,55.4,1999.0,21132502
Philippines,PHL,1954,56.0,2085.0,21982504
Philippines,PHL,1955,56.6,2165.0,22880568
Philippines,PHL,1956,57.2,2248.0,23825808
Philippines,PHL,1957,57.8,2299.0,24815856
Philippines,PHL,1958,58.3,2308.0,25842525
Philippines,PHL,1959,58.7,2393.0,26907612
Philippines,PHL,1960,59.2,2353.0,27891900
Philippines,PHL,1961,59.5,2410.0,28792620
Philippines,PHL,1962,59.8,2450.0,29723535
Philippines,PHL,1963,60.0,2542.0,30674733
Philippines,PHL,1964,60.1,2550.0,31643038
Philippines,PHL,1965,60.4,2603.0,32625328
Philippines,PHL,1966,60.6,2636.0,33617171
Philippines,PHL,1967,60.8,2694.0,34621326
Philippines,PHL,1968,60.9,2745.0,35638338
Philippines,PHL,1969,61.0,2789.0,36660795
Philippines,PHL,1970,60.8,2812.0,37622203
Philippines,PHL,1971,61.1,2882.0,38518656
Philippines,PHL,1972,60.9,2954.0,39408560
Philippines,PHL,1973,60.7,3131.0,40294126
Philippines,PHL,1974,60.8,3154.0,41174338
Philippines,PHL,1975,60.9,3241.0,42120830
Philippines,PHL,1976,60.9,3430.0,43201486
Philippines,PHL,1977,61.4,3524.0,44367965
Philippines,PHL,1978,61.5,3606.0,45575286
Philippines,PHL,1979,61.7,3703.0,46807104
Philippines,PHL,1980,61.9,3787.0,48043744
Philippines,PHL,1981,61.9,3819.0,49311730
Philippines,PHL,1982,62.2,3859.0,50695715
Philippines,PHL,1983,62.3,3837.0,52194624
Philippines,PHL,1984,62.4,3469.0,53726187
Philippines,PHL,1985,62.7,3135.0,55213007
Philippines,PHL,1986,62.9,3161.0,56645083
Philippines,PHL,1987,63.3,3218.0,58157496
Philippines,PHL,1988,63.7,3355.0,59739056
Philippines,PHL,1989,64.1,3481.0,61265259
Philippines,PHL,1990,64.4,3502.0,62854668
Philippines,PHL,1991,64.6,3432.6,64382249
Philippines,PHL,1992,65.4,3399.2,65926130
Philippines,PHL,1993,65.7,3427.1,67530621
Philippines,PHL,1994,66.0,3529.0,69019297
Philippines,PHL,1995,66.3,3637.6,70546245
Philippines,PHL,1996,66.7,3790.8,72190237
Philippines,PHL,1997,67.0,3928.0,73908813
Philippines,PHL,1998,67.2,3852.6,75791031
Philippines,PHL,1999,67.5,3917.1,77753256
Philippines,PHL,2000,67.8,4033.6,79625401
Philippines,PHL,2001,67.8,4090.2,81401488
Philippines,PHL,2002,67.9,4181.4,83068889
Philippines,PHL,2003,68.0,4333.2,84731836
Philippines,PHL,2004,68.3,4562.5,86394510
Philippines,PHL,2005,68.4,4721.0,88015959
Philippines,PHL,2006,68.2,4908.6,89508992
Philippines,PHL,2007,68.5,5172.7,91075180
Philippines,PHL,2008,68.6,5328.7,92699091
Philippines,PHL,2009,68.6,5338.3,94384256
Philippines,PHL,2010,68.9,5694.0,96337127
Philippines,PHL,2011,69.1,5851.0,98248614
Philippines,PHL,2012,69.2,6155.8,100175511
Philippines,PHL,2013,69.3,6465.5,102076334
Philippines,PHL,2014,69.3,6760.8,103767127
Philippines,PHL,2015,69.5,7070.5,105312988
Philippines,PHL,2016,69.5,7463.5,106735721
Philippines,PHL,2017,70.0,7865.8,108119691
Philippines,PHL,2018,69.8,8234.9,109465284
Philippines,PHL,2019,69.7,8602.1,110804685
Philippines,PHL,2020,70.1,7624.4,112081270
Philippines,PHL,2021,66.7,7894.2,113100947
Philippines,PHL,2022,69.5,8370.7,113964343
Poland,POL,1952,59.7,4018.0,25672466
Poland,POL,1953,61.3,4173.0,26126457
Poland,POL,1954,62.3,4328.0,26590478
Poland,POL,1955,63.1,4454.0,27063640
Poland,POL,1956,63.4,4565.0,27535570
Poland,POL,1957,64.4,4721.0,28076495
Poland,POL,1958,64.9,4873.0,28643644
Poland,POL,1959,66.4,4935.0,29132534
Poland,POL,1960,67.1,5125.0,29575967
Poland,POL,1961,67.8,5461.0,29979692
Poland,POL,1962,68.0,5325.0,30338094
Poland,POL,1963,68.3,5582.0,30674024
Poland,POL,1964,68.9,5773.0,30993140
Poland,POL,1965,69.4,6036.0,31288338
Poland,POL,1966,69.7,6362.0,31568281
Poland,POL,1967,69.9,6540.0,31828626
Poland,POL,1968,69.8,6881.0,32078388
Poland,POL,1969,69.8,6760.0,32322778
Poland,POL,1970,69.6,7058.0,32542639
Poland,POL,1971,69.8,7503.0,32771298
Poland,POL,1972,70.1,7986.0,33041993
Poland,POL,1973,70.7,8512.0,33333275
Poland,POL,1974,70.7,8928.0,33642463
Poland,POL,1975,70.6,9258.0,33964400
Poland,POL,1976,70.4,9397.0,34296611
Poland,POL,1977,70.3,9483.0,34628513
Poland,POL,1978,70.4,9741.0,34934216
Poland,POL,1979,70.2,9471.0,35248382
Poland,POL,1980,70.5,9149.0,35576518
Poland,POL,1981,70.6,8584.0,35900913
Poland,POL,1982,70.9,8429.0,36233465
Poland,POL,1983,70.8,8764.0,36573700
Poland,POL,1984,70.6,9006.0,36905795
Poland,POL,1985,70.5,9022.0,37200850
Poland,POL,1986,70.6,9240.0,37452612
Poland,POL,1987,70.8,9059.0,37665710
Poland,POL,1988,70.8,9228.0,37817863
Poland,POL,1989,70.8,9060.0,37938086
Poland,POL,1990,70.6,8150.0,38055448
Poland,POL,1991,70.7,7625.8,38152947
Poland,POL,1992,70.9,7873.9,38233636
Poland,POL,1993,71.3,8229.5,38294882
Poland,POL,1994,71.7,8721.8,38344312
Poland,POL,1995,72.0,9408.3,38364668
Poland,POL,1996,72.3,10066.2,38359164
Poland,POL,1997,72.6,10811.3,38348307
Poland,POL,1998,72.8,11413.3,38326431
Poland,POL,1999,73.2,12058.4,38287717
Poland,POL,2000,73.6,12732.2,38258077
Poland,POL,2001,74.2,13017.6,38247359
Poland,POL,2002,74.5,13415.6,38229407
Poland,POL,2003,74.8,14035.6,38203527
Poland,POL,2004,74.9,14906.1,38167568
Poland,POL,2005,75.1,15580.9,38124377
Poland,POL,2006,75.3,16711.4,38071169
Poland,POL,2007,75.4,18067.4,38020420
Poland,POL,2008,75.6,19011.5,37995902
Poland,POL,2009,75.9,19718.5,38002153
Poland,POL,2010,76.3,20608.7,38095356
Poland,POL,2011,76.6,21837.0,38208644
Poland,POL,2012,76.8,22169.8,38247867
Poland,POL,2013,77.1,22378.3,38259267
Poland,POL,2014,77.3,23247.8,38265113
Poland,POL,2015,77.6,24285.1,38266314
Poland,POL,2016,77.6,25020.6,38263260
Poland,POL,2017,77.7,26310.1,38254964
Poland,POL,2018,77.6,27880.8,38241070
Poland,POL,2019,77.9,29142.0,38225884
Poland,POL,2020,76.6,28577.1,38171005
Poland,POL,2021,75.6,30687.7,38040303
Poland,POL,2022,77.9,32468.4,38385734
Portugal,PRT,1952,59.8,3445.0,8523424
Portugal,PRT,1953,61.1,3663.0,8572744
Portugal,PRT,1954,62.2,3814.0,8616967
Portugal,PRT,1955,61.4,3945.0,8662889
Portugal,PRT,1956,61.2,4087.0,8704061
Portugal,PRT,1957,61.4,4238.0,8743286
Portugal,PRT,1958,63.7,4259.0,8792775
Portugal,PRT,1959,62.9,4454.0,8840372
Portugal,PRT,1960,64.1,4712.0,8873223
Portugal,PRT,1961,62.8,4972.0,8888380
Portugal,PRT,1962,64.3,5308.0,8895775
Portugal,PRT,1963,64.9,5585.0,8898304
Portugal,PRT,1964,65.1,5926.0,8895764
Portugal,PRT,1965,66.1,6363.0,8889623
Portugal,PRT,1966,65.6,6637.0,8872477
Portugal,PRT,1967,66.5,7143.0,8845842
Portugal,PRT,1968,66.8,7767.0,8809709
Portugal,PRT,1969,66.4,7949.0,8754238
Portugal,PRT,1970,67.1,8724.0,8669523
Portugal,PRT,1971,66.8,9358.0,8685587
Portugal,PRT,1972,69.2,10130.0,8815590
Portugal,PRT,1973,68.6,11258.0,8939234
Portugal,PRT,1974,69.1,11234.0,9059175
Portugal,PRT,1975,68.8,10388.0,9182303
Portugal,PRT,1976,69.1,10861.0,9310263
Portugal,PRT,1977,70.3,11422.0,9438170
Portugal,PRT,1978,70.8,11700.0,9556397
Portugal,PRT,1979,71.6,12326.0,9663303
Portugal,PRT,1980,71.7,12822.0,9763622
Portugal,PRT,1981,71.9,12934.0,9837588
Portugal,PRT,1982,72.7,13198.0,9885845
Portugal,PRT,1983,72.7,13158.0,9925257
Portugal,PRT,1984,72.9,12894.0,9956893
Portugal,PRT,1985,73.2,13240.0,9979475
Portugal,PRT,1986,73.6,13774.0,9993097
Portugal,PRT,1987,74.1,14641.0,10001990
Portugal,PRT,1988,74.1,15729.0,10004588
Portugal,PRT,1989,74.7,16533.0,10001380
Portugal,PRT,1990,74.3,17256.0,9989526
Portugal,PRT,1991,74.2,17949.8,9969181
Portugal,PRT,1992,74.9,18598.5,9960345
Portugal,PRT,1993,74.8,18519.9,9972341
Portugal,PRT,1994,75.7,18819.0,9998487
Portugal,PRT,1995,75.5,19262.0,10031756
Portugal,PRT,1996,75.5,19939.3,10067655
Portugal,PRT,1997,75.9,20810.2,10110548
Portugal,PRT,1998,76.1,21782.1,10159524
Portugal,PRT,1999,76.3,22589.9,10214877
Portugal,PRT,2000,76.8,23372.0,10283196
Portugal,PRT,2001,77.2,23751.4,10354329
Portugal,PRT,2002,77.4,23896.5,10413045
Portugal,PRT,2003,77.6,23677.5,10454246
Portugal,PRT,2004,78.4,24142.8,10481386
Portugal,PRT,2005,78.3,24378.0,10502993
Portugal,PRT,2006,79.1,24809.0,10524123
Portugal,PRT,2007,79.3,25477.2,10546822
Portugal,PRT,2008,79.6,25590.9,10564086
Portugal,PRT,2009,79.8,24902.5,10576265
Portugal,PRT,2010,80.1,25463.2,10578659
Portugal,PRT,2011,80.6,25133.0,10557050
Portugal,PRT,2012,80.6,24211.4,10513155
Portugal,PRT,2013,80.9,24120.0,10458287
Portugal,PRT,2014,81.3,24442.4,10406203
Portugal,PRT,2015,81.3,24983.7,10370264
Portugal,PRT,2016,81.4,25568.7,10346377
Portugal,PRT,2017,81.7,26530.0,10330838
Portugal,PRT,2018,81.6,27329.7,10325355
Portugal,PRT,2019,82.0,28056.1,10343218
Portugal,PRT,2020,81.4,25700.3,10370519
Portugal,PRT,2021,81.4,27138.5,10390957
Portugal,PRT,2022,81.2,28992.1,10417074
Puerto Rico,PRI,1952,61.8,3730.0,2263657
Puerto Rico,PRI,1953,64.5,3937.0,2277883
Puerto Rico,PRI,1954,65.6,4081.0,2291114
Puerto Rico,PRI,1955,66.3,4221.0,2303490
Puerto Rico,PRI,1956,66.4,4525.0,2314891
Puerto Rico,PRI,1957,67.1,4729.0,2324736
Puerto Rico,PRI,1958,67.2,4784.0,2333212
Puerto Rico,PRI,1959,68.1,5161.0,2342073
Puerto Rico,PRI,1960,68.6,5451.0,2363917
Puerto Rico,PRI,1961,68.5,5859.0,2401174
Puerto Rico,PRI,1962,68.9,6183.0,2441245
Puerto Rico,PRI,1963,68.7,6693.0,2480574
Puerto Rico,PRI,1964,68.2,7012.0,2519045
Puerto Rico,PRI,1965,69.3,7519.0,2556647
Puerto Rico,PRI,1966,70.2,7957.0,2593846
Puerto Rico,PRI,1967,70.7,8388.0,2630516
Puerto Rico,PRI,1968,70.6,8705.0,2665791
Puerto Rico,PRI,1969,70.5,9306.0,2698429
Puerto Rico,PRI,1970,70.4,10117.0,2734424
Puerto Rico,PRI,1971,71.1,10587.0,2777971
Puerto Rico,PRI,1972,70.8,11046.0,2824367
Puerto Rico,PRI,1973,70.9,11639.0,2871132
Puerto Rico,PRI,1974,71.3,11552.0,2918199
Puerto Rico,PRI,1975,72.0,11073.0,2966108
Puerto Rico,PRI,1976,72.1,11308.0,3014962
Puerto Rico,PRI,1977,72.4,11832.0,3064450
Puerto Rico,PRI,1978,72.5,12463.0,3114154
Puerto Rico,PRI,1979,72.7,13012.0,3165034
Puerto Rico,PRI,1980,73.1,13040.0,3213679
Puerto Rico,PRI,1981,73.0,13061.0,3256568
Puerto Rico,PRI,1982,72.9,12511.0,3295926
Puerto Rico,PRI,1983,73.4,12428.0,3332652
Puerto Rico,PRI,1984,73.4,13201.0,3367197
Puerto Rico,PRI,1985,72.6,13345.0,3399311
Puerto Rico,PRI,1986,73.3,14304.0,3428773
Puerto Rico,PRI,1987,73.4,14870.0,3457138
Puerto Rico,PRI,1988,73.2,15701.0,3485070
Puerto Rico,PRI,1989,72.5,16332.0,3512010
Puerto Rico,PRI,1990,72.8,16799.0,3541046
Puerto Rico,PRI,1991,73.9,17332.2,3573669
Puerto Rico,PRI,1992,73.4,18290.7,3606393
Puerto Rico,PRI,1993,73.3,19278.6,3637207
Puerto Rico,PRI,1994,73.6,20213.1,3666079
Puerto Rico,PRI,1995,73.6,21267.4,3693594
Puerto Rico,PRI,1996,74.0,21856.0,3719955
Puerto Rico,PRI,1997,74.7,23069.0,3745583
Puerto Rico,PRI,1998,74.6,24586.2,3770561
Puerto Rico,PRI,1999,75.3,26186.3,3794479
Puerto Rico,PRI,2000,75.5,27392.5,3809868
Puerto Rico,PRI,2001,76.0,29517.0,3813009
Puerto Rico,PRI,2002,76.8,30218.0,3810715
Puerto Rico,PRI,2003,76.9,30688.1,3806043
Puerto Rico,PRI,2004,76.9,32110.8,3798659
Puerto Rico,PRI,2005,76.7,32013.5,3788412
Puerto Rico,PRI,2006,77.6,32195.2,3776220
Puerto Rico,PRI,2007,77.7,32511.1,3763089
Puerto Rico,PRI,2008,78.1,32604.1,3749130
Puerto Rico,PRI,2009,78.4,32648.1,3735014
Puerto Rico,PRI,2010,78.7,33195.4,3714834
Puerto Rico,PRI,2011,78.8,33981.0,3683711
Puerto Rico,PRI,2012,79.3,34395.0,3646423
Puerto Rico,PRI,2013,80.3,34736.0,3606773
Puerto Rico,PRI,2014,80.0,34787.0,3565367
Puerto Rico,PRI,2015,80.7,35384.0,3521811
Puerto Rico,PRI,2016,80.4,35594.5,3476008
Puerto Rico,PRI,2017,79.1,35248.4,3371878
Puerto Rico,PRI,2018,81.1,34190.1,3290068
Puerto Rico,PRI,2019,81.4,35041.3,3288027
Puerto Rico,PRI,2020,80.0,33787.4,3275800
Puerto Rico,PRI,2021,79.8,34095.5,3253210
Puerto Rico,PRI,2022,79.4,35280.7,3240972
Qatar,QAT,1952,52.1,47990.0,25911
Qatar,QAT,1953,52.8,49284.0,26763
Qatar,QAT,1954,53.5,51490.0,27641
Qatar,QAT,1955,54.2,49632.0,28558
Qatar,QAT,1956,54.9,50628.0,29549
Qatar,QAT,1957,55.6,49973.0,30656
Qatar,QAT,1958,56.3,50042.0,31991
Qatar,QAT,1959,57.0,52436.0,33678
Qatar,QAT,1960,57.8,52299.0,36025
Qatar,QAT,1961,58.5,48516.0,39701
Qatar,QAT,1962,59.2,46304.0,44651
Qatar,QAT,1963,60.0,44912.0,50396
Qatar,QAT,1964,60.7,42186.0,56882
Qatar,QAT,1965,61.4,41101.0,64082
Qatar,QAT,1966,62.2,50660.0,72207
Qatar,QAT,1967,62.9,55566.0,81455
Qatar,QAT,1968,63.6,58010.0,91762
Qatar,QAT,1969,64.2,56236.0,103042
Qatar,QAT,1970,64.9,51921.0,116370
Qatar,QAT,1971,65.5,59731.0,131356
Qatar,QAT,1972,66.1,62416.0,146518
Qatar,QAT,1973,66.6,68407.0,161854
Qatar,QAT,1974,67.2,57594.0,177372
Qatar,QAT,1975,67.7,54866.0,193103
Qatar,QAT,1976,68.2,55169.0,209067
Qatar,QAT,1977,68.6,45999.0,225298
Qatar,QAT,1978,69.1,47072.0,241820
Qatar,QAT,1979,69.5,45806.0,258678
Qatar,QAT,1980,69.9,45860.0,275923
Qatar,QAT,1981,70.3,37307.0,293561
Qatar,QAT,1982,70.7,29046.0,311544
Qatar,QAT,1983,71.1,23146.0,329720
Qatar,QAT,1984,71.5,20354.0,347894
Qatar,QAT,1985,71.8,16558.0,365950
Qatar,QAT,1986,72.2,12881.0,382426
Qatar,QAT,1987,72.5,12819.0,397012
Qatar,QAT,1988,72.8,12492.0,411273
Qatar,QAT,1989,73.1,12137.0,425658
Qatar,QAT,1990,73.4,11705.0,440184
Qatar,QAT,1991,73.7,12417.6,454860
Qatar,QAT,1992,73.9,15042.1,469657
Qatar,QAT,1993,74.1,16221.0,484553
Qatar,QAT,1994,74.2,17955.3,499469
Qatar,QAT,1995,74.4,19959.7,514334
Qatar,QAT,1996,74.6,22395.3,529024
Qatar,QAT,1997,74.7,30989.2,550511
Qatar,QAT,1998,74.9,36448.1,580543
Qatar,QAT,1999,75.0,40135.2,612510
Qatar,QAT,2000,75.2,45788.1,644993
Qatar,QAT,2001,75.5,50525.7,677934
Qatar,QAT,2002,75.8,57541.1,711215
Qatar,QAT,2003,76.1,62234.2,744690
Qatar,QAT,2004,76.5,74372.9,773341
Qatar,QAT,2005,76.9,76808.4,825419
Qatar,QAT,2006,77.3,90120.9,972841
Qatar,QAT,2007,77.7,97912.7,1208601
Qatar,QAT,2008,78.3,107402.1,1426942
Qatar,QAT,2009,78.8,115283.4,1586052
Qatar,QAT,2010,79.4,134802.8,1709238
Qatar,QAT,2011,80.0,155533.0,1810960
Qatar,QAT,2012,80.5,154339.8,1907122
Qatar,QAT,2013,81.0,155657.1,2032650
Qatar,QAT,2014,81.4,157712.9,2218378
Qatar,QAT,2015,81.8,159800.2,2427340
Qatar,QAT,2016,82.1,160051.2,2599382
Qatar,QAT,2017,82.5,153819.1,2706716
Qatar,QAT,2018,82.7,152453.8,2761144
Qatar,QAT,2019,82.9,150732.2,2797927
Qatar,QAT,2020,80.4,143118.5,2803375
Qatar,QAT,2021,81.1,143468.8,2814988
Qatar,QAT,2022,81.9,149171.1,2892466
Reunion,REU,1952,50.1,,268198
Reunion,REU,1953,51.5,,278314
Reunion,REU,1954,53.0,,289143
Reunion,REU,1955,54.1,,300437
Reunion,REU,1956,54.9,,311595
Reunion,REU,1957,54.9,,323239
Reunion,REU,1958,55.3,,335074
Reunion,REU,1959,56.2,,347059
Reunion,REU,1960,57.7,,359563
Reunion,REU,1961,58.8,,372086
Reunion,REU,1962,59.4,,383859
Reunion,REU,1963,59.8,,395336
Reunion,REU,1964,60.3,,407177
Reunion,REU,1965,61.0,,418718
Reunion,REU,1966,61.4,,429738
Reunion,REU,1967,62.1,,440319
Reunion,REU,1968,62.4,,450391
Reunion,REU,1969,62.9,,460070
Reunion,REU,1970,63.2,,469093
Reunion,REU,1971,63.7,,477605
Reunion,REU,1972,64.2,,486041
Reunion,REU,1973,64.8,,494467
Reunion,REU,1974,65.4,,502831
Reunion,REU,1975,66.0,,511312
Reunion,REU,1976,66.7,,519939
Reunion,REU,1977,67.4,,528572
Reunion,REU,1978,68.1,,537090
Reunion,REU,1979,68.8,,545377
Reunion,REU,1980,69.4,,553140
Reunion,REU,1981,70.2,,560990
Reunion,REU,1982,71.0,,569641
Reunion,REU,1983,71.6,,579248
Reunion,REU,1984,72.2,,589691
Reunion,REU,1985,72.6,,600421
Reunion,REU,1986,73.0,,610887
Reunion,REU,1987,73.3,,621110
Reunion,REU,1988,73.6,,631264
Reunion,REU,1989,73.9,,641494
Reunion,REU,1990,74.2,,652573
Reunion,REU,1991,74.5,,664459
Reunion,REU,1992,74.8,,676431
Reunion,REU,1993,75.0,,688101
Reunion,REU,1994,75.4,,699373
Reunion,REU,1995,75.7,,710463
Reunion,REU,1996,76.0,,721455
Reunion,REU,1997,76.3,,732714
Reunion,REU,1998,76.6,,744075
Reunion,REU,1999,76.8,,754119
Reunion,REU,2000,77.0,,763148
Reunion,REU,2001,77.1,,772242
Reunion,REU,2002,77.4,,781307
Reunion,REU,2003,77.6,,790570
Reunion,REU,2004,77.7,,797012
Reunion,REU,2005,78.0,,800227
Reunion,REU,2006,78.3,,806686
Reunion,REU,2007,78.9,,818729
Reunion,REU,2008,79.5,,830496
Reunion,REU,2009,80.0,,838473
Reunion,REU,2010,80.5,,844480
Reunion,REU,2011,81.0,,846790
Reunion,REU,2012,81.3,,845062
Reunion,REU,2013,81.6,,847600
Reunion,REU,2014,81.8,,858677
Reunion,REU,2015,81.9,,865016
Reunion,REU,2016,82.0,,862861
Reunion,REU,2017,82.1,,858761
Reunion,REU,2018,82.2,,856946
Reunion,REU,2019,82.3,,857327
Reunion,REU,2020,82.6,,861452
Reunion,REU,2021,81.5,,868085
Reunion,REU,2022,81.5,,871543
Romania,ROU,1952,61.8,2124.9,16846051
Romania,ROU,1953,62.5,2249.2,17057702
Romania,ROU,1954,63.0,2384.7,17266659
Romania,ROU,1955,63.3,2515.1,17475271
Romania,ROU,1956,63.6,2587.6,17691497
Romania,ROU,1957,64.0,2664.6,17887291
Romania,ROU,1958,64.4,2747.3,18046126
Romania,ROU,1959,64.9,2842.0,18187698
Romania,ROU,1960,65.6,2938.8,18313498
Romania,ROU,1961,66.4,3109.9,18422521
Romania,ROU,1962,67.2,3199.5,18511674
Romania,ROU,1963,67.8,3405.7,18587433
Romania,ROU,1964,68.4,3599.5,18655407
Romania,ROU,1965,68.4,3803.4,18713060
Romania,ROU,1966,68.2,4212.7,18776261
Romania,ROU,1967,68.1,4372.4,18998561
Romania,ROU,1968,67.9,4366.1,19361050
Romania,ROU,1969,67.2,4501.1,19701809
Romania,ROU,1970,67.9,4547.4,20011626
Romania,ROU,1971,68.4,5134.2,20293487
Romania,ROU,1972,69.0,5413.4,20555577
Romania,ROU,1973,68.7,5541.7,20798323
Romania,ROU,1974,69.5,5797.0,21033562
Romania,ROU,1975,69.6,5995.5,21268070
Romania,ROU,1976,69.9,6243.1,21497684
Romania,ROU,1977,69.5,6322.2,21700176
Romania,ROU,1978,69.8,6476.2,21868064
Romania,ROU,1979,69.5,6612.0,22019627
Romania,ROU,1980,69.2,6591.6,22154776
Romania,ROU,1981,69.5,6514.1,22272788
Romania,ROU,1982,69.8,6490.4,22374447
Romania,ROU,1983,69.8,6418.2,22459213
Romania,ROU,1984,69.9,6659.5,22534002
Romania,ROU,1985,69.4,6628.6,22605815
Romania,ROU,1986,69.7,6718.4,22674739
Romania,ROU,1987,69.1,6551.9,22745589
Romania,ROU,1988,69.4,6512.0,22815435
Romania,ROU,1989,69.5,6281.2,22887645
Romania,ROU,1990,69.8,5596.0,22939530
Romania,ROU,1991,70.0,5033.1,22947416
Romania,ROU,1992,69.5,4818.3,22912389
Romania,ROU,1993,69.5,5055.9,22842257
Romania,ROU,1994,69.3,5427.1,22756247
Romania,ROU,1995,69.3,6014.7,22657722
Romania,ROU,1996,68.8,6476.5,22541915
Romania,ROU,1997,69.1,6446.4,22411511
Romania,ROU,1998,69.9,6407.5,22284901
Romania,ROU,1999,70.6,6613.9,22166156
Romania,ROU,2000,71.2,7089.9,22046264
Romania,ROU,2001,71.1,7860.4,21919916
Romania,ROU,2002,70.8,8673.6,21770020
Romania,ROU,2003,70.8,9369.2,21593448
Romania,ROU,2004,71.1,10531.2,21403215
Romania,ROU,2005,71.6,11313.8,21213395
Romania,ROU,2006,72.2,12823.2,21035732
Romania,ROU,2007,72.8,14418.8,20870714
Romania,ROU,2008,73.2,16347.3,20718745
Romania,ROU,2009,73.5,15866.1,20576922
Romania,ROU,2010,73.6,16377.3,20432575
Romania,ROU,2011,74.3,17174.0,20282009
Romania,ROU,2012,74.3,17580.9,20158451
Romania,ROU,2013,74.9,17691.4,20062913
Romania,ROU,2014,74.8,18487.3,19968179
Romania,ROU,2015,74.7,19162.2,19871018
Romania,ROU,2016,75.0,19825.6,19777049
Romania,ROU,2017,75.0,23003.7,19689405
Romania,ROU,2018,75.1,24000.5,19597874
Romania,ROU,2019,75.3,23267.5,19501542
Romania,ROU,2020,74.0,24799.7,19392467
Romania,ROU,2021,72.7,26102.6,19248159
Romania,ROU,2022,75.3,26197.9,19166776
Russia,RUS,1952,57.6,3686.9,106326385
Russia,RUS,1953,58.8,3849.8,107851682
Russia,RUS,1954,59.9,4108.8,109463245
Russia,RUS,1955,62.1,4312.6,111160996
Russia,RUS,1956,66.5,4615.3,112909102
Russia,RUS,1957,66.0,4850.4,114730333
Russia,RUS,1958,67.7,5114.7,116588767
Russia,RUS,1959,67.4,5326.7,118293890
Russia,RUS,1960,68.3,5557.0,119934143
Russia,RUS,1961,68.6,5874.0,121604308
Russia,RUS,1962,68.5,6229.0,123111721
Russia,RUS,1963,69.1,6405.0,124449754
Russia,RUS,1964,69.5,6754.0,125630156
Russia,RUS,1965,69.3,7068.0,126634210
Russia,RUS,1966,69.4,7517.0,127533630
Russia,RUS,1967,69.2,7943.0,128342646
Russia,RUS,1968,69.1,8391.0,129065046
Russia,RUS,1969,68.6,8563.0,129762191
Russia,RUS,1970,68.7,9234.0,130367188
Russia,RUS,1971,68.9,9567.0,130987110
Russia,RUS,1972,68.8,9785.0,131726417
Russia,RUS,1973,68.9,10492.0,132475155
Russia,RUS,1974,68.7,10801.0,133259155
Russia,RUS,1975,68.3,11164.0,134136098
Russia,RUS,1976,68.1,11426.0,135080691
Russia,RUS,1977,67.9,11692.0,136040974
Russia,RUS,1978,67.8,11829.0,136979085
Russia,RUS,1979,67.6,11867.0,137816542
Russia,RUS,1980,67.5,12204.0,138572628
Russia,RUS,1981,67.6,12274.0,139351496
Russia,RUS,1982,68.1,12267.0,140247745
Russia,RUS,1983,68.0,12420.0,141331277
Russia,RUS,1984,67.6,12379.0,142464238
Russia,RUS,1985,68.3,12475.0,143569386
Russia,RUS,1986,70.0,12694.0,144807816
Russia,RUS,1987,70.1,12597.0,146147383
Russia,RUS,1988,69.9,12720.0,147364493
Russia,RUS,1989,69.7,12766.0,148281862
Russia,RUS,1990,69.3,12400.0,148979537
Russia,RUS,1991,69.0,12012.2,149448433
Russia,RUS,1992,67.8,10487.5,148915993
Russia,RUS,1993,65.0,9789.1,148135419
Russia,RUS,1994,63.8,8743.7,148200734
Russia,RUS,1995,64.0,8586.3,148291406
Russia,RUS,1996,65.4,8479.4,148084580
Russia,RUS,1997,66.6,8813.4,147853769
Russia,RUS,1998,66.9,8557.5,147635543
Russia,RUS,1999,65.6,9340.0,147241973
Russia,RUS,2000,65.0,10552.9,146717784
Russia,RUS,2001,65.0,11391.2,146117290
Russia,RUS,2002,64.7,12259.5,145939502
Russia,RUS,2003,64.7,13521.2,145794230
Russia,RUS,2004,65.1,14881.0,145180091
Russia,RUS,2005,65.2,16243.1,144597886
Russia,RUS,2006,66.5,18008.3,144102948
Russia,RUS,2007,67.5,20018.1,143859767
Russia,RUS,2008,67.9,21563.5,143811837
Russia,RUS,2009,68.7,20335.6,143869128
Russia,RUS,2010,68.2,21737.4,143934468
Russia,RUS,2011,69.7,23130.0,144043751
Russia,RUS,2012,70.1,24020.3,144291025
Russia,RUS,2013,70.6,24390.0,144604105
Russia,RUS,2014,70.8,24135.0,144925639
Russia,RUS,2015,71.3,23608.0,145307612
Russia,RUS,2016,71.9,23610.4,145778668
Russia,RUS,2017,72.8,24014.0,146186798
Russia,RUS,2018,72.9,24690.1,146430146
Russia,RUS,2019,73.1,25244.1,146533063
Russia,RUS,2020,71.2,24625.4,146371295
Russia,RUS,2021,69.8,26119.9,145836172
Russia,RUS,2022,72.5,25437.1,145579889
Rwanda,RWA,1952,43.8,1071.0,2316516
Rwanda,RWA,1953,44.1,1090.0,2398364
Rwanda,RWA,1954,44.4,1127.0,2482131
Rwanda,RWA,1955,44.8,1138.0,2568303
Rwanda,RWA,1956,45.2,1156.0,2656814
Rwanda,RWA,1957,45.6,1173.0,2747877
Rwanda,RWA,1958,46.1,1178.0,2840135
Rwanda,RWA,1959,46.5,1216.0,2932401
Rwanda,RWA,1960,47.0,1224.0,3022300
Rwanda,RWA,1961,47.5,1167.0,3106786
Rwanda,RWA,1962,47.8,1296.0,3186019
Rwanda,RWA,1963,44.0,1140.0,3258901
Rwanda,RWA,1964,48.1,980.0,3334835
Rwanda,RWA,1965,48.2,1023.0,3423216
Rwanda,RWA,1966,48.1,1065.0,3521626
Rwanda,RWA,1967,48.0,1109.0,3629585
Rwanda,RWA,1968,47.7,1154.0,3744013
Rwanda,RWA,1969,47.4,1243.0,3861274
Rwanda,RWA,1970,47.1,1337.0,3980673
Rwanda,RWA,1971,46.8,1315.0,4100049
Rwanda,RWA,1972,46.3,1282.0,4220335
Rwanda,RWA,1973,45.9,1288.0,4345045
Rwanda,RWA,1974,45.6,1262.0,4474235
Rwanda,RWA,1975,45.3,1199.0,4607728
Rwanda,RWA,1976,45.3,1387.0,4745962
Rwanda,RWA,1977,45.6,1409.0,4888248
Rwanda,RWA,1978,46.2,1495.0,5035172
Rwanda,RWA,1979,47.1,1584.0,5189550
Rwanda,RWA,1980,48.1,1672.0,5353263
Rwanda,RWA,1981,49.2,1706.0,5527236
Rwanda,RWA,1982,50.2,1680.0,5711555
Rwanda,RWA,1983,50.9,1722.0,5905311
Rwanda,RWA,1984,51.4,1597.0,6107628
Rwanda,RWA,1985,51.7,1621.0,6317230
Rwanda,RWA,1986,51.7,1642.0,6531887
Rwanda,RWA,1987,51.5,1586.0,6749494
Rwanda,RWA,1988,50.9,1538.0,6968075
Rwanda,RWA,1989,49.5,1476.0,7184709
Rwanda,RWA,1990,47.8,1398.0,7375313
Rwanda,RWA,1991,46.2,1282.3,7526964
Rwanda,RWA,1992,44.4,1301.7,7683266
Rwanda,RWA,1993,42.9,1110.9,7981142
Rwanda,RWA,1994,12.2,707.3,6792358
Rwanda,RWA,1995,41.5,1049.2,5674118
Rwanda,RWA,1996,42.5,976.4,6708767
Rwanda,RWA,1997,42.0,932.0,7755237
Rwanda,RWA,1998,43.1,950.4,8081688
Rwanda,RWA,1999,45.7,975.8,8147917
Rwanda,RWA,2000,47.8,1023.6,8213936
Rwanda,RWA,2001,49.5,1067.2,8287091
Rwanda,RWA,2002,51.3,1154.1,8400185
Rwanda,RWA,2003,53.5,1130.0,8586878
Rwanda,RWA,2004,55.5,1159.0,8816849
Rwanda,RWA,2005,57.0,1210.5,9054532
Rwanda,RWA,2006,58.3,1261.8,9299251
Rwanda,RWA,2007,59.5,1291.2,9549940
Rwanda,RWA,2008,60.6,1364.7,9804268
Rwanda,RWA,2009,61.8,1384.3,10060438
Rwanda,RWA,2010,62.8,1416.4,10317560
Rwanda,RWA,2011,63.5,1449.0,10573742
Rwanda,RWA,2012,64.2,1528.6,10829904
Rwanda,RWA,2013,64.7,1552.4,11093340
Rwanda,RWA,2014,65.1,1601.4,11364758
Rwanda,RWA,2015,65.4,1708.3,11640026
Rwanda,RWA,2016,65.7,1774.9,11919183
Rwanda,RWA,2017,66.1,1799.5,12202062
Rwanda,RWA,2018,66.4,1908.0,12488000
Rwanda,RWA,2019,66.7,2042.9,12776102
Rwanda,RWA,2020,67.0,1935.3,13065838
Rwanda,RWA,2021,66.8,2107.0,13355260
Rwanda,RWA,2022,67.5,2198.1,13651025
Saint Barthelemy,BLM,1952,56.6,,2096
Saint Barthelemy,BLM,1953,57.6,,2116
Saint Barthelemy,BLM,1954,58.2,,2141
Saint Barthelemy,BLM,1955,58.5,,2148
Saint Barthelemy,BLM,1956,59.0,,2143
Saint Barthelemy,BLM,1957,59.3,,2145
Saint Barthelemy,BLM,1958,59.6,,2162
Saint Barthelemy,BLM,1959,59.9,,2186
Saint Barthelemy,BLM,1960,60.1,,2212
Saint Barthelemy,BLM,1961,60.6,,2232
Saint Barthelemy,BLM,1962,61.0,,2255
Saint Barthelemy,BLM,1963,61.1,,2287
Saint Barthelemy,BLM,1964,61.5,,2324
Saint Barthelemy,BLM,1965,62.0,,2352
Saint Barthelemy,BLM,1966,62.1,,2387
Saint Barthelemy,BLM,1967,62.5,,2409
Saint Barthelemy,BLM,1968,63.7,,2414
Saint Barthelemy,BLM,1969,64.5,,2420
Saint Barthelemy,BLM,1970,65.3,,2428
Saint Barthelemy,BLM,1971,66.2,,2448
Saint Barthelemy,BLM,1972,66.9,,2471
Saint Barthelemy,BLM,1973,67.4,,2495
Saint Barthelemy,BLM,1974,68.1,,2528
Saint Barthelemy,BLM,1975,68.9,,2588
Saint Barthelemy,BLM,1976,69.7,,2653
Saint Barthelemy,BLM,1977,70.4,,2735
Saint Barthelemy,BLM,1978,71.1,,2834
Saint Barthelemy,BLM,1979,71.7,,2920
Saint Barthelemy,BLM,1980,72.4,,2991
Saint Barthelemy,BLM,1981,72.9,,3039
Saint Barthelemy,BLM,1982,73.3,,3207
Saint Barthelemy,BLM,1983,73.5,,3505
Saint Barthelemy,BLM,1984,73.8,,3793
Saint Barthelemy,BLM,1985,74.0,,4072
Saint Barthelemy,BLM,1986,74.3,,4344
Saint Barthelemy,BLM,1987,74.7,,4603
Saint Barthelemy,BLM,1988,75.0,,4843
Saint Barthelemy,BLM,1989,75.3,,5064
Saint Barthelemy,BLM,1990,75.7,,5269
Saint Barthelemy,BLM,1991,76.2,,5462
Saint Barthelemy,BLM,1992,76.6,,5648
Saint Barthelemy,BLM,1993,77.1,,5837
Saint Barthelemy,BLM,1994,77.5,,6023
Saint Barthelemy,BLM,1995,77.8,,6201
Saint Barthelemy,BLM,1996,78.1,,6383
Saint Barthelemy,BLM,1997,78.4,,6563
Saint Barthelemy,BLM,1998,78.7,,6740
Saint Barthelemy,BLM,1999,79.1,,6917
Saint Barthelemy,BLM,2000,79.3,,7103
Saint Barthelemy,BLM,2001,79.6,,7297
Saint Barthelemy,BLM,2002,79.9,,7489
Saint Barthelemy,BLM,2003,80.2,,7684
Saint Barthelemy,BLM,2004,80.5,,7869
Saint Barthelemy,BLM,2005,80.8,,8054
Saint Barthelemy,BLM,2006,81.1,,8245
Saint Barthelemy,BLM,2007,81.4,,8433
Saint Barthelemy,BLM,2008,81.7,,8627
Saint Barthelemy,BLM,2009,81.8,,8821
Saint Barthelemy,BLM,2010,81.9,,8989
Saint Barthelemy,BLM,2011,82.1,,9112
Saint Barthelemy,BLM,2012,82.3,,9227
Saint Barthelemy,BLM,2013,82.5,,9343
Saint Barthelemy,BLM,2014,82.8,,9471
Saint Barthelemy,BLM,2015,83.0,,9617
Saint Barthelemy,BLM,2016,83.2,,9776
Saint Barthelemy,BLM,2017,81.8,,9954
Saint Barthelemy,BLM,2018,83.6,,10135
Saint Barthelemy,BLM,2019,83.8,,10325
Saint Barthelemy,BLM,2020,84.1,,10566
Saint Barthelemy,BLM,2021,84.2,,10790
Saint Barthelemy,BLM,2022,84.3,,10948
Saint Helena,SHN,1952,66.4,,5324
Saint Helena,SHN,1953,66.7,,5342
Saint Helena,SHN,1954,67.0,,5344
Saint Helena,SHN,1955,67.2,,5329
Saint Helena,SHN,1956,67.4,,5320
Saint Helena,SHN,1957,67.5,,5329
Saint Helena,SHN,1958,67.6,,5350
Saint Helena,SHN,1959,67.7,,5361
Saint Helena,SHN,1960,67.7,,5388
Saint Helena,SHN,1961,67.7,,5407
Saint Helena,SHN,1962,67.9,,5438
Saint Helena,SHN,1963,67.9,,5460
Saint Helena,SHN,1964,68.0,,5486
Saint Helena,SHN,1965,68.2,,5494
Saint Helena,SHN,1966,68.4,,5524
Saint Helena,SHN,1967,68.4,,5570
Saint Helena,SHN,1968,68.5,,5647
Saint Helena,SHN,1969,68.6,,5715
Saint Helena,SHN,1970,68.6,,5797
Saint Helena,SHN,1971,68.7,,5880
Saint Helena,SHN,1972,68.8,,5953
Saint Helena,SHN,1973,68.9,,6026
Saint Helena,SHN,1974,69.0,,6091
Saint Helena,SHN,1975,69.1,,6155
Saint Helena,SHN,1976,69.3,,6194
Saint Helena,SHN,1977,69.4,,6245
Saint Helena,SHN,1978,69.5,,6310
Saint Helena,SHN,1979,69.7,,6362
Saint Helena,SHN,1980,69.9,,6413
Saint Helena,SHN,1981,70.1,,6466
Saint Helena,SHN,1982,70.3,,6535
Saint Helena,SHN,1983,70.4,,6601
Saint Helena,SHN,1984,70.6,,6647
Saint Helena,SHN,1985,70.7,,6678
Saint Helena,SHN,1986,70.9,,6706
Saint Helena,SHN,1987,71.0,,6723
Saint Helena,SHN,1988,71.2,,6710
Saint Helena,SHN,1989,71.3,,6677
Saint Helena,SHN,1990,71.5,,6639
Saint Helena,SHN,1991,71.6,,6601
Saint Helena,SHN,1992,72.1,,6545
Saint Helena,SHN,1993,72.3,,6495
Saint Helena,SHN,1994,72.6,,6433
Saint Helena,SHN,1995,73.2,,6373
Saint Helena,SHN,1996,73.7,,6309
Saint Helena,SHN,1997,74.4,,6249
Saint Helena,SHN,1998,75.3,,6184
Saint Helena,SHN,1999,76.0,,6113
Saint Helena,SHN,2000,75.8,,6045
Saint Helena,SHN,2001,76.1,,5963
Saint Helena,SHN,2002,75.8,,5879
Saint Helena,SHN,2003,76.4,,5775
Saint Helena,SHN,2004,77.1,,5678
Saint Helena,SHN,2005,77.2,,5570
Saint Helena,SHN,2006,76.8,,5457
Saint Helena,SHN,2007,75.7,,5346
Saint Helena,SHN,2008,75.8,,5295
Saint Helena,SHN,2009,76.1,,5320
Saint Helena,SHN,2010,76.5,,5352
Saint Helena,SHN,2011,76.6,,5385
Saint Helena,SHN,2012,76.2,,5428
Saint Helena,SHN,2013,76.2,,5462
Saint Helena,SHN,2014,75.6,,5493
Saint Helena,SHN,2015,75.2,,5529
Saint Helena,SHN,2016,75.8,,5544
Saint Helena,SHN,2017,76.3,,5528
Saint Helena,SHN,2018,76.4,,5507
Saint Helena,SHN,2019,76.7,,5485
Saint Helena,SHN,2020,76.9,,5451
Saint Helena,SHN,2021,76.8,,5415
Saint Helena,SHN,2022,76.7,,5369
Saint Kitts and Nevis,KNA,1952,55.7,,49414
Saint Kitts and Nevis,KNA,1953,56.0,,50469
Saint Kitts and Nevis,KNA,1954,56.3,,51359
Saint Kitts and Nevis,KNA,1955,56.4,,52155
Saint Kitts and Nevis,KNA,1956,56.4,,52994
Saint Kitts and Nevis,KNA,1957,56.4,,53843
Saint Kitts and Nevis,KNA,1958,56.4,,54669
Saint Kitts and Nevis,KNA,1959,56.6,,55492
Saint Kitts and Nevis,KNA,1960,56.8,,55834
Saint Kitts and Nevis,KNA,1961,57.3,,55352
Saint Kitts and Nevis,KNA,1962,57.8,,54483
Saint Kitts and Nevis,KNA,1963,58.4,,53461
Saint Kitts and Nevis,KNA,1964,59.0,,52348
Saint Kitts and Nevis,KNA,1965,59.6,,51163
Saint Kitts and Nevis,KNA,1966,60.1,,49917
Saint Kitts and Nevis,KNA,1967,60.4,,48626
Saint Kitts and Nevis,KNA,1968,60.8,,47265
Saint Kitts and Nevis,KNA,1969,61.1,,45750
Saint Kitts and Nevis,KNA,1970,61.4,,44632
Saint Kitts and Nevis,KNA,1971,61.7,,44228
Saint Kitts and Nevis,KNA,1972,62.1,,44054
Saint Kitts and Nevis,KNA,1973,62.5,,43897
Saint Kitts and Nevis,KNA,1974,62.9,,43759
Saint Kitts and Nevis,KNA,1975,63.2,,43628
Saint Kitts and Nevis,KNA,1976,63.5,,43499
Saint Kitts and Nevis,KNA,1977,63.7,,43377
Saint Kitts and Nevis,KNA,1978,64.0,,43237
Saint Kitts and Nevis,KNA,1979,64.2,,43053
Saint Kitts and Nevis,KNA,1980,64.4,,42866
Saint Kitts and Nevis,KNA,1981,64.6,,42721
Saint Kitts and Nevis,KNA,1982,64.9,,42549
Saint Kitts and Nevis,KNA,1983,65.1,,42355
Saint Kitts and Nevis,KNA,1984,65.3,,42134
Saint Kitts and Nevis,KNA,1985,65.5,,41894
Saint Kitts and Nevis,KNA,1986,65.6,,41642
Saint Kitts and Nevis,KNA,1987,65.5,,41368
Saint Kitts and Nevis,KNA,1988,65.5,,41084
Saint Kitts and Nevis,KNA,1989,65.4,,40777
Saint Kitts and Nevis,KNA,1990,65.6,,40456
Saint Kitts and Nevis,KNA,1991,66.0,,40382
Saint Kitts and Nevis,KNA,1992,66.3,,40740
Saint Kitts and Nevis,KNA,1993,66.7,,41266
Saint Kitts and Nevis,KNA,1994,67.0,,41798
Saint Kitts and Nevis,KNA,1995,67.2,,42347
Saint Kitts and Nevis,KNA,1996,67.5,,42903
Saint Kitts and Nevis,KNA,1997,67.8,,43453
Saint Kitts and Nevis,KNA,1998,67.9,,44018
Saint Kitts and Nevis,KNA,1999,68.7,,44625
Saint Kitts and Nevis,KNA,2000,69.2,,45272
Saint Kitts and Nevis,KNA,2001,69.8,,45785
Saint Kitts and Nevis,KNA,2002,70.2,,46048
Saint Kitts and Nevis,KNA,2003,70.6,,46200
Saint Kitts and Nevis,KNA,2004,70.9,,46337
Saint Kitts and Nevis,KNA,2005,71.2,,46459
Saint Kitts and Nevis,KNA,2006,71.4,,46592
Saint Kitts and Nevis,KNA,2007,71.4,,46734
Saint Kitts and Nevis,KNA,2008,71.5,,46857
Saint Kitts and Nevis,KNA,2009,71.5,,46941
Saint Kitts and Nevis,KNA,2010,71.5,,46871
Saint Kitts and Nevis,KNA,2011,71.4,,46917
Saint Kitts and Nevis,KNA,2012,71.4,,47056
Saint Kitts and Nevis,KNA,2013,71.3,,47092
Saint Kitts and Nevis,KNA,2014,71.2,,47112
Saint Kitts and Nevis,KNA,2015,71.2,,47108
Saint Kitts and Nevis,KNA,2016,71.2,,47099
Saint Kitts and Nevis,KNA,2017,71.3,,47075
Saint Kitts and Nevis,KNA,2018,71.3,,47032
Saint Kitts and Nevis,KNA,2019,71.5,,46976
Saint Kitts and Nevis,KNA,2020,71.2,,46896
Saint Kitts and Nevis,KNA,2021,69.3,,46786
Saint Kitts and Nevis,KNA,2022,70.3,,46732
Saint Lucia,LCA,1952,52.4,1288.0,94432
Saint Lucia,LCA,1953,53.2,1326.0,94347
Saint Lucia,LCA,1954,54.5,1364.0,94123
Saint Lucia,LCA,1955,55.4,1400.0,93821
Saint Lucia,LCA,1956,55.9,1433.0,93473
Saint Lucia,LCA,1957,55.9,1479.0,93100
Saint Lucia,LCA,1958,56.6,1545.0,92731
Saint Lucia,LCA,1959,57.3,1623.0,92369
Saint Lucia,LCA,1960,57.9,1691.0,92605
Saint Lucia,LCA,1961,59.1,1747.0,93506
Saint Lucia,LCA,1962,59.9,1798.0,94523
Saint Lucia,LCA,1963,60.5,1849.0,95539
Saint Lucia,LCA,1964,61.3,1900.0,96529
Saint Lucia,LCA,1965,61.9,1946.0,97513
Saint Lucia,LCA,1966,62.5,1989.0,98486
Saint Lucia,LCA,1967,63.2,2036.0,99523
Saint Lucia,LCA,1968,63.7,2091.0,100696
Saint Lucia,LCA,1969,64.0,2150.0,101904
Saint Lucia,LCA,1970,64.3,2203.0,103184
Saint Lucia,LCA,1971,64.5,2265.0,104577
Saint Lucia,LCA,1972,64.6,2279.0,106021
Saint Lucia,LCA,1973,64.6,2268.0,107512
Saint Lucia,LCA,1974,65.4,2356.0,109093
Saint Lucia,LCA,1975,65.9,2428.0,110740
Saint Lucia,LCA,1976,66.2,2820.0,112442
Saint Lucia,LCA,1977,67.0,3027.0,114150
Saint Lucia,LCA,1978,67.4,3196.0,115853
Saint Lucia,LCA,1979,67.4,3247.0,117547
Saint Lucia,LCA,1980,67.8,3011.0,119302
Saint Lucia,LCA,1981,68.7,3051.0,121183
Saint Lucia,LCA,1982,69.0,3102.0,123097
Saint Lucia,LCA,1983,70.0,3229.0,125055
Saint Lucia,LCA,1984,70.5,3403.0,127085
Saint Lucia,LCA,1985,70.3,3606.0,129174
Saint Lucia,LCA,1986,70.2,4157.0,131253
Saint Lucia,LCA,1987,69.7,4224.0,133243
Saint Lucia,LCA,1988,69.7,4779.0,135019
Saint Lucia,LCA,1989,70.0,5093.0,136526
Saint Lucia,LCA,1990,70.0,5203.0,137874
Saint Lucia,LCA,1991,70.3,5270.3,139536
Saint Lucia,LCA,1992,70.7,5737.3,141629
Saint Lucia,LCA,1993,71.0,5804.1,143735
Saint Lucia,LCA,1994,71.1,5945.8,145901
Saint Lucia,LCA,1995,71.2,6095.8,148227
Saint Lucia,LCA,1996,71.0,6330.9,150453
Saint Lucia,LCA,1997,70.8,6344.8,152584
Saint Lucia,LCA,1998,70.7,6831.2,154688
Saint Lucia,LCA,1999,70.7,7111.9,156719
Saint Lucia,LCA,2000,70.8,7191.3,158624
Saint Lucia,LCA,2001,71.4,7014.3,160247
Saint Lucia,LCA,2002,71.7,7141.8,161655
Saint Lucia,LCA,2003,72.2,7602.1,162985
Saint Lucia,LCA,2004,72.5,8322.3,164250
Saint Lucia,LCA,2005,72.5,8418.9,165460
Saint Lucia,LCA,2006,72.8,9135.3,166657
Saint Lucia,LCA,2007,72.9,9377.9,167766
Saint Lucia,LCA,2008,73.0,9931.7,168816
Saint Lucia,LCA,2009,72.9,10061.6,169880
Saint Lucia,LCA,2010,72.8,10058.6,170921
Saint Lucia,LCA,2011,73.0,10255.0,171814
Saint Lucia,LCA,2012,72.9,10067.0,172595
Saint Lucia,LCA,2013,72.7,10037.0,173380
Saint Lucia,LCA,2014,72.7,10035.0,174145
Saint Lucia,LCA,2015,72.9,10185.0,174919
Saint Lucia,LCA,2016,72.6,10487.0,175651
Saint Lucia,LCA,2017,72.5,10796.2,176352
Saint Lucia,LCA,2018,72.7,11060.5,177032
Saint Lucia,LCA,2019,72.2,10977.8,177675
Saint Lucia,LCA,2020,72.3,8164.9,178261
Saint Lucia,LCA,2021,69.1,9067.7,178540
Saint Lucia,LCA,2022,72.7,10452.2,178794
Saint Martin (French part),MAF,1952,65.4,,3250
Saint Martin (French part),MAF,1953,65.6,,3376
Saint Martin (French part),MAF,1954,65.9,,3498
Saint Martin (French part),MAF,1955,66.2,,3622
Saint Martin (French part),MAF,1956,66.5,,3745
Saint Martin (French part),MAF,1957,66.8,,3869
Saint Martin (French part),MAF,1958,67.1,,3994
Saint Martin (French part),MAF,1959,67.4,,4133
Saint Martin (French part),MAF,1960,67.6,,4272
Saint Martin (French part),MAF,1961,67.9,,4407
Saint Martin (French part),MAF,1962,68.2,,4551
Saint Martin (French part),MAF,1963,68.5,,4695
Saint Martin (French part),MAF,1964,68.8,,4853
Saint Martin (French part),MAF,1965,69.0,,5020
Saint Martin (French part),MAF,1966,69.4,,5234
Saint Martin (French part),MAF,1967,69.8,,5494
Saint Martin (French part),MAF,1968,70.2,,5714
Saint Martin (French part),MAF,1969,70.6,,5887
Saint Martin (French part),MAF,1970,71.0,,6067
Saint Martin (French part),MAF,1971,71.3,,6247
Saint Martin (French part),MAF,1972,71.6,,6428
Saint Martin (French part),MAF,1973,71.8,,6618
Saint Martin (French part),MAF,1974,71.9,,6818
Saint Martin (French part),MAF,1975,72.0,,7063
Saint Martin (French part),MAF,1976,72.1,,7320
Saint Martin (French part),MAF,1977,72.2,,7590
Saint Martin (French part),MAF,1978,72.2,,7844
Saint Martin (French part),MAF,1979,72.3,,8085
Saint Martin (French part),MAF,1980,72.3,,8308
Saint Martin (French part),MAF,1981,72.4,,8522
Saint Martin (French part),MAF,1982,72.4,,9516
Saint Martin (French part),MAF,1983,72.6,,11511
Saint Martin (French part),MAF,1984,72.7,,13753
Saint Martin (French part),MAF,1985,72.9,,16120
Saint Martin (French part),MAF,1986,73.2,,18584
Saint Martin (French part),MAF,1987,73.5,,21125
Saint Martin (French part),MAF,1988,73.9,,23770
Saint Martin (French part),MAF,1989,74.2,,26476
Saint Martin (French part),MAF,1990,74.6,,28251
Saint Martin (French part),MAF,1991,74.9,,28824
Saint Martin (French part),MAF,1992,75.2,,29098
Saint Martin (French part),MAF,1993,75.3,,29303
Saint Martin (French part),MAF,1994,75.5,,29440
Saint Martin (French part),MAF,1995,75.7,,29492
Saint Martin (French part),MAF,1996,75.9,,29465
Saint Martin (French part),MAF,1997,76.1,,29350
Saint Martin (French part),MAF,1998,76.3,,29128
Saint Martin (French part),MAF,1999,76.6,,29303
Saint Martin (French part),MAF,2000,76.8,,30020
Saint Martin (French part),MAF,2001,77.0,,30827
Saint Martin (French part),MAF,2002,77.2,,31629
Saint Martin (French part),MAF,2003,77.4,,32420
Saint Martin (French part),MAF,2004,77.6,,33196
Saint Martin (French part),MAF,2005,77.8,,33952
Saint Martin (French part),MAF,2006,78.0,,34680
Saint Martin (French part),MAF,2007,78.2,,35361
Saint Martin (French part),MAF,2008,78.3,,35978
Saint Martin (French part),MAF,2009,78.5,,36523
Saint Martin (French part),MAF,2010,78.8,,36875
Saint Martin (French part),MAF,2011,79.0,,37094
Saint Martin (French part),MAF,2012,79.3,,37299
Saint Martin (French part),MAF,2013,79.5,,37439
Saint Martin (French part),MAF,2014,79.7,,37472
Saint Martin (French part),MAF,2015,79.8,,37386
Saint Martin (French part),MAF,2016,79.9,,37201
Saint Martin (French part),MAF,2017,78.8,,36863
Saint Martin (French part),MAF,2018,80.0,,36036
Saint Martin (French part),MAF,2019,80.1,,34290
Saint Martin (French part),MAF,2020,80.1,,31811
Saint Martin (French part),MAF,2021,80.2,,29986
Saint Martin (French part),MAF,2022,80.2,,28899
Saint Pierre and Miquelon,SPM,1952,63.6,,4605
Saint Pierre and Miquelon,SPM,1953,63.9,,4659
Saint Pierre and Miquelon,SPM,1954,64.3,,4719
Saint Pierre and Miquelon,SPM,1955,64.7,,4784
Saint Pierre and Miquelon,SPM,1956,65.0,,4833
Saint Pierre and Miquelon,SPM,1957,65.3,,4864
Saint Pierre and Miquelon,SPM,1958,65.6,,4919
Saint Pierre and Miquelon,SPM,1959,65.9,,4986
Saint Pierre and Miquelon,SPM,1960,66.3,,5016
Saint Pierre and Miquelon,SPM,1961,66.4,,5003
Saint Pierre and Miquelon,SPM,1962,66.7,,5024
Saint Pierre and Miquelon,SPM,1963,66.8,,5086
Saint Pierre and Miquelon,SPM,1964,66.8,,5178
Saint Pierre and Miquelon,SPM,1965,66.9,,5255
Saint Pierre and Miquelon,SPM,1966,66.9,,5333
Saint Pierre and Miquelon,SPM,1967,66.9,,5413
Saint Pierre and Miquelon,SPM,1968,67.0,,5490
Saint Pierre and Miquelon,SPM,1969,67.2,,5571
Saint Pierre and Miquelon,SPM,1970,67.5,,5658
Saint Pierre and Miquelon,SPM,1971,67.9,,5744
Saint Pierre and Miquelon,SPM,1972,68.3,,5830
Saint Pierre and Miquelon,SPM,1973,68.8,,5925
Saint Pierre and Miquelon,SPM,1974,69.2,,6004
Saint Pierre and Miquelon,SPM,1975,69.5,,6051
Saint Pierre and Miquelon,SPM,1976,69.7,,6090
Saint Pierre and Miquelon,SPM,1977,69.8,,6125
Saint Pierre and Miquelon,SPM,1978,69.9,,6162
Saint Pierre and Miquelon,SPM,1979,70.0,,6182
Saint Pierre and Miquelon,SPM,1980,70.2,,6192
Saint Pierre and Miquelon,SPM,1981,70.4,,6172
Saint Pierre and Miquelon,SPM,1982,70.7,,6163
Saint Pierre and Miquelon,SPM,1983,71.1,,6208
Saint Pierre and Miquelon,SPM,1984,71.5,,6259
Saint Pierre and Miquelon,SPM,1985,71.8,,6301
Saint Pierre and Miquelon,SPM,1986,72.1,,6338
Saint Pierre and Miquelon,SPM,1987,72.5,,6368
Saint Pierre and Miquelon,SPM,1988,72.7,,6381
Saint Pierre and Miquelon,SPM,1989,73.0,,6372
Saint Pierre and Miquelon,SPM,1990,73.2,,6377
Saint Pierre and Miquelon,SPM,1991,73.3,,6400
Saint Pierre and Miquelon,SPM,1992,73.4,,6428
Saint Pierre and Miquelon,SPM,1993,73.5,,6440
Saint Pierre and Miquelon,SPM,1994,73.7,,6455
Saint Pierre and Miquelon,SPM,1995,73.8,,6459
Saint Pierre and Miquelon,SPM,1996,74.0,,6451
Saint Pierre and Miquelon,SPM,1997,74.2,,6438
Saint Pierre and Miquelon,SPM,1998,74.4,,6392
Saint Pierre and Miquelon,SPM,1999,74.6,,6338
Saint Pierre and Miquelon,SPM,2000,74.9,,6317
Saint Pierre and Miquelon,SPM,2001,75.1,,6299
Saint Pierre and Miquelon,SPM,2002,75.3,,6273
Saint Pierre and Miquelon,SPM,2003,75.5,,6234
Saint Pierre and Miquelon,SPM,2004,75.7,,6191
Saint Pierre and Miquelon,SPM,2005,75.8,,6139
Saint Pierre and Miquelon,SPM,2006,75.9,,6094
Saint Pierre and Miquelon,SPM,2007,76.1,,6074
Saint Pierre and Miquelon,SPM,2008,76.2,,6063
Saint Pierre and Miquelon,SPM,2009,76.3,,6054
Saint Pierre and Miquelon,SPM,2010,76.4,,6047
Saint Pierre and Miquelon,SPM,2011,76.4,,6036
Saint Pierre and Miquelon,SPM,2012,76.5,,6019
Saint Pierre and Miquelon,SPM,2013,76.5,,5999
Saint Pierre and Miquelon,SPM,2014,76.5,,5984
Saint Pierre and Miquelon,SPM,2015,76.5,,5971
Saint Pierre and Miquelon,SPM,2016,76.5,,5957
Saint Pierre and Miquelon,SPM,2017,76.5,,5946
Saint Pierre and Miquelon,SPM,2018,76.6,,5932
Saint Pierre and Miquelon,SPM,2019,76.6,,5899
Saint Pierre and Miquelon,SPM,2020,76.6,,5852
Saint Pierre and Miquelon,SPM,2021,76.7,,5802
Saint Pierre and Miquelon,SPM,2022,76.7,,5760
Saint Vincent and the Grenadines,VCT,1952,49.5,,65205
Saint Vincent and the Grenadines,VCT,1953,51.1,,67182
Saint Vincent and the Grenadines,VCT,1954,52.7,,69321
Saint Vincent and the Grenadines,VCT,1955,54.3,,71630
Saint Vincent and the Grenadines,VCT,1956,54.9,,74076
Saint Vincent and the Grenadines,VCT,1957,55.9,,76639
Saint Vincent and the Grenadines,VCT,1958,57.1,,79333
Saint Vincent and the Grenadines,VCT,1959,57.8,,82169
Saint Vincent and the Grenadines,VCT,1960,58.6,,84409
Saint Vincent and the Grenadines,VCT,1961,59.3,,85886
Saint Vincent and the Grenadines,VCT,1962,59.9,,87260
Saint Vincent and the Grenadines,VCT,1963,60.5,,88542
Saint Vincent and the Grenadines,VCT,1964,61.1,,89772
Saint Vincent and the Grenadines,VCT,1965,61.6,,90947
Saint Vincent and the Grenadines,VCT,1966,62.1,,92071
Saint Vincent and the Grenadines,VCT,1967,62.5,,93141
Saint Vincent and the Grenadines,VCT,1968,63.1,,94139
Saint Vincent and the Grenadines,VCT,1969,63.5,,95074
Saint Vincent and the Grenadines,VCT,1970,64.0,,95977
Saint Vincent and the Grenadines,VCT,1971,64.4,,96892
Saint Vincent and the Grenadines,VCT,1972,64.8,,97805
Saint Vincent and the Grenadines,VCT,1973,65.1,,98704
Saint Vincent and the Grenadines,VCT,1974,65.4,,99577
Saint Vincent and the Grenadines,VCT,1975,65.9,,100404
Saint Vincent and the Grenadines,VCT,1976,66.5,,101218
Saint Vincent and the Grenadines,VCT,1977,66.9,,102013
Saint Vincent and the Grenadines,VCT,1978,67.3,,102785
Saint Vincent and the Grenadines,VCT,1979,69.3,,103496
Saint Vincent and the Grenadines,VCT,1980,68.0,,104229
Saint Vincent and the Grenadines,VCT,1981,68.3,,105092
Saint Vincent and the Grenadines,VCT,1982,68.6,,105986
Saint Vincent and the Grenadines,VCT,1983,68.8,,106858
Saint Vincent and the Grenadines,VCT,1984,69.2,,107706
Saint Vincent and the Grenadines,VCT,1985,69.8,,108526
Saint Vincent and the Grenadines,VCT,1986,70.1,,109302
Saint Vincent and the Grenadines,VCT,1987,70.4,,110018
Saint Vincent and the Grenadines,VCT,1988,70.6,,110678
Saint Vincent and the Grenadines,VCT,1989,70.6,,111290
Saint Vincent and the Grenadines,VCT,1990,70.6,,111825
Saint Vincent and the Grenadines,VCT,1991,70.6,,112236
Saint Vincent and the Grenadines,VCT,1992,70.7,,112524
Saint Vincent and the Grenadines,VCT,1993,70.6,,112753
Saint Vincent and the Grenadines,VCT,1994,70.6,,112933
Saint Vincent and the Grenadines,VCT,1995,70.6,,113064
Saint Vincent and the Grenadines,VCT,1996,70.5,,113136
Saint Vincent and the Grenadines,VCT,1997,70.4,,113158
Saint Vincent and the Grenadines,VCT,1998,70.3,,113195
Saint Vincent and the Grenadines,VCT,1999,70.3,,113384
Saint Vincent and the Grenadines,VCT,2000,70.3,,113561
Saint Vincent and the Grenadines,VCT,2001,70.4,,113506
Saint Vincent and the Grenadines,VCT,2002,70.7,,113365
Saint Vincent and the Grenadines,VCT,2003,70.4,,113149
Saint Vincent and the Grenadines,VCT,2004,70.4,,112856
Saint Vincent and the Grenadines,VCT,2005,70.5,,112465
Saint Vincent and the Grenadines,VCT,2006,70.4,,112027
Saint Vincent and the Grenadines,VCT,2007,70.4,,111544
Saint Vincent and the Grenadines,VCT,2008,70.6,,111047
Saint Vincent and the Grenadines,VCT,2009,70.7,,110521
Saint Vincent and the Grenadines,VCT,2010,70.7,,109974
Saint Vincent and the Grenadines,VCT,2011,70.6,,109367
Saint Vincent and the Grenadines,VCT,2012,70.5,,108753
Saint Vincent and the Grenadines,VCT,2013,70.1,,108156
Saint Vincent and the Grenadines,VCT,2014,70.4,,107555
Saint Vincent and the Grenadines,VCT,2015,70.5,,106975
Saint Vincent and the Grenadines,VCT,2016,70.7,,106365
Saint Vincent and the Grenadines,VCT,2017,71.0,,105674
Saint Vincent and the Grenadines,VCT,2018,71.0,,104939
Saint Vincent and the Grenadines,VCT,2019,71.0,,104183
Saint Vincent and the Grenadines,VCT,2020,69.6,,103540
Saint Vincent and the Grenadines,VCT,2021,69.1,,102848
Saint Vincent and the Grenadines,VCT,2022,71.2,,102063
Samoa,WSM,1952,50.4,,92723
Samoa,WSM,1953,51.0,,94787
Samoa,WSM,1954,51.6,,96896
Samoa,WSM,1955,52.2,,99056
Samoa,WSM,1956,52.8,,101337
Samoa,WSM,1957,53.4,,103906
Samoa,WSM,1958,54.0,,106710
Samoa,WSM,1959,54.6,,109575
Samoa,WSM,1960,55.2,,112508
Samoa,WSM,1961,55.7,,115516
Samoa,WSM,1962,56.3,,118615
Samoa,WSM,1963,56.9,,121779
Samoa,WSM,1964,54.0,,124915
Samoa,WSM,1965,57.9,,127996
Samoa,WSM,1966,58.2,,131086
Samoa,WSM,1967,58.9,,133784
Samoa,WSM,1968,59.4,,136038
Samoa,WSM,1969,59.9,,138243
Samoa,WSM,1970,60.4,,140420
Samoa,WSM,1971,60.9,,142514
Samoa,WSM,1972,61.4,,144551
Samoa,WSM,1973,61.9,,146527
Samoa,WSM,1974,62.3,,149440
Samoa,WSM,1975,62.8,,153353
Samoa,WSM,1976,63.3,,157123
Samoa,WSM,1977,63.7,,159766
Samoa,WSM,1978,64.1,,161385
Samoa,WSM,1979,64.5,,162892
Samoa,WSM,1980,65.0,,164335
Samoa,WSM,1981,65.3,,165684
Samoa,WSM,1982,65.6,,166496
Samoa,WSM,1983,66.0,,166724
Samoa,WSM,1984,66.3,,166805
Samoa,WSM,1985,66.6,,166862
Samoa,WSM,1986,66.8,,167071
Samoa,WSM,1987,67.0,,167671
Samoa,WSM,1988,67.3,,168360
Samoa,WSM,1989,67.6,,168779
Samoa,WSM,1990,67.8,,169061
Samoa,WSM,1991,68.0,,169378
Samoa,WSM,1992,68.5,,170340
Samoa,WSM,1993,68.8,,171786
Samoa,WSM,1994,69.2,,173167
Samoa,WSM,1995,69.5,,174585
Samoa,WSM,1996,69.8,,176086
Samoa,WSM,1997,70.0,,177561
Samoa,WSM,1998,70.3,,178921
Samoa,WSM,1999,70.6,,180279
Samoa,WSM,2000,70.8,,181695
Samoa,WSM,2001,71.0,,183174
Samoa,WSM,2002,71.2,,184482
Samoa,WSM,2003,71.4,,185447
Samoa,WSM,2004,71.5,,186265
Samoa,WSM,2005,71.5,,186993
Samoa,WSM,2006,71.6,,187724
Samoa,WSM,2007,71.6,,188766
Samoa,WSM,2008,71.5,,190117
Samoa,WSM,2009,69.5,,191530
Samoa,WSM,2010,71.5,,193035
Samoa,WSM,2011,71.4,,194726
Samoa,WSM,2012,71.2,,196518
Samoa,WSM,2013,71.2,,198284
Samoa,WSM,2014,71.1,,200051
Samoa,WSM,2015,71.1,,201794
Samoa,WSM,2016,71.0,,203509
Samoa,WSM,2017,71.0,,205423
Samoa,WSM,2018,71.1,,207595
Samoa,WSM,2019,70.3,,209794
Samoa,WSM,2020,70.7,,211957
Samoa,WSM,2021,71.1,,213792
Samoa,WSM,2022,71.6,,215270
San Marino,SMR,1952,71.9,,13300
San Marino,SMR,1953,72.0,,13457
San Marino,SMR,1954,72.2,,13630
San Marino,SMR,1955,72.4,,13816
San Marino,SMR,1956,72.5,,14074
San Marino,SMR,1957,72.7,,14410
San Marino,SMR,1958,72.8,,14746
San Marino,SMR,1959,73.0,,15094
San Marino,SMR,1960,73.2,,15449
San Marino,SMR,1961,73.4,,15824
San Marino,SMR,1962,73.5,,16201
San Marino,SMR,1963,73.6,,16606
San Marino,SMR,1964,73.7,,16998
San Marino,SMR,1965,73.7,,17328
San Marino,SMR,1966,73.8,,17549
San Marino,SMR,1967,73.9,,17713
San Marino,SMR,1968,74.1,,17886
San Marino,SMR,1969,74.2,,18051
San Marino,SMR,1970,74.3,,18194
San Marino,SMR,1971,74.4,,18444
San Marino,SMR,1972,74.6,,18811
San Marino,SMR,1973,74.8,,19019
San Marino,SMR,1974,75.1,,19052
San Marino,SMR,1975,75.3,,19075
San Marino,SMR,1976,75.4,,19138
San Marino,SMR,1977,75.6,,20039
San Marino,SMR,1978,75.9,,21050
San Marino,SMR,1979,76.1,,21346
San Marino,SMR,1980,76.4,,21609
San Marino,SMR,1981,76.6,,21869
San Marino,SMR,1982,76.8,,22078
San Marino,SMR,1983,77.0,,22255
San Marino,SMR,1984,77.2,,22372
San Marino,SMR,1985,77.3,,22509
San Marino,SMR,1986,77.4,,22663
San Marino,SMR,1987,77.5,,22710
San Marino,SMR,1988,77.5,,22865
San Marino,SMR,1989,77.6,,23175
San Marino,SMR,1990,77.8,,23501
San Marino,SMR,1991,77.9,,23823
San Marino,SMR,1992,78.1,,24149
San Marino,SMR,1993,78.4,,24499
San Marino,SMR,1994,78.7,,24853
San Marino,SMR,1995,79.0,,25183
San Marino,SMR,1996,79.3,,25503
San Marino,SMR,1997,79.7,,25821
San Marino,SMR,1998,79.9,,26149
San Marino,SMR,1999,80.2,,26485
San Marino,SMR,2000,80.5,,26823
San Marino,SMR,2001,80.8,,27173
San Marino,SMR,2002,81.1,,27515
San Marino,SMR,2003,81.3,,27871
San Marino,SMR,2004,81.6,,28230
San Marino,SMR,2005,81.9,,28600
San Marino,SMR,2006,82.3,,28966
San Marino,SMR,2007,82.6,,29334
San Marino,SMR,2008,82.9,,29721
San Marino,SMR,2009,83.2,,30115
San Marino,SMR,2010,83.5,,30648
San Marino,SMR,2011,83.7,,32194
San Marino,SMR,2012,83.9,,33494
San Marino,SMR,2013,84.2,,33641
San Marino,SMR,2014,84.4,,33753
San Marino,SMR,2015,84.6,,33927
San Marino,SMR,2016,84.8,,34188
San Marino,SMR,2017,84.9,,34405
San Marino,SMR,2018,85.1,,34557
San Marino,SMR,2019,85.3,,34674
San Marino,SMR,2020,82.6,,34796
San Marino,SMR,2021,83.5,,34599
San Marino,SMR,2022,85.7,,34113
Sao Tome and Principe,STP,1952,39.1,1272.0,62611
Sao Tome and Principe,STP,1953,39.1,1272.0,63348
Sao Tome and Principe,STP,1954,39.2,1325.0,64004
Sao Tome and Principe,STP,1955,39.3,1191.0,64618
Sao Tome and Principe,STP,1956,39.5,1256.0,65241
Sao Tome and Principe,STP,1957,40.1,1245.0,65886
Sao Tome and Principe,STP,1958,41.0,1364.0,66575
Sao Tome and Principe,STP,1959,42.1,1221.0,67306
Sao Tome and Principe,STP,1960,43.6,1352.0,68028
Sao Tome and Principe,STP,1961,45.2,1454.0,68724
Sao Tome and Principe,STP,1962,46.8,1549.0,69422
Sao Tome and Principe,STP,1963,48.4,1643.0,70133
Sao Tome and Principe,STP,1964,49.7,1733.0,70881
Sao Tome and Principe,STP,1965,51.1,1816.0,71691
Sao Tome and Principe,STP,1966,52.3,1921.0,72594
Sao Tome and Principe,STP,1967,53.4,2004.0,73610
Sao Tome and Principe,STP,1968,54.5,2083.0,74783
Sao Tome and Principe,STP,1969,55.4,2165.0,76096
Sao Tome and Principe,STP,1970,56.3,2243.0,77639
Sao Tome and Principe,STP,1971,57.0,2326.0,79351
Sao Tome and Principe,STP,1972,57.4,2324.0,81061
Sao Tome and Principe,STP,1973,57.9,2313.0,82816
Sao Tome and Principe,STP,1974,58.3,2399.0,84685
Sao Tome and Principe,STP,1975,58.6,2469.0,86722
Sao Tome and Principe,STP,1976,58.8,2432.0,88939
Sao Tome and Principe,STP,1977,59.0,2911.0,91316
Sao Tome and Principe,STP,1978,59.1,2909.0,93809
Sao Tome and Principe,STP,1979,59.3,3295.0,96266
Sao Tome and Principe,STP,1980,59.4,3182.0,98563
Sao Tome and Principe,STP,1981,59.4,2783.0,100629
Sao Tome and Principe,STP,1982,59.5,2817.0,102528
Sao Tome and Principe,STP,1983,59.7,2656.0,104397
Sao Tome and Principe,STP,1984,59.9,2447.0,106410
Sao Tome and Principe,STP,1985,60.1,2622.0,108669
Sao Tome and Principe,STP,1986,57.6,2418.0,111163
Sao Tome and Principe,STP,1987,60.7,2299.0,113934
Sao Tome and Principe,STP,1988,60.8,2295.0,116955
Sao Tome and Principe,STP,1989,59.7,2316.0,119990
Sao Tome and Principe,STP,1990,60.7,2217.0,122993
Sao Tome and Principe,STP,1991,60.8,2203.0,125711
Sao Tome and Principe,STP,1992,60.7,2185.5,128127
Sao Tome and Principe,STP,1993,60.6,2183.9,130478
Sao Tome and Principe,STP,1994,60.6,2204.9,132745
Sao Tome and Principe,STP,1995,60.5,2219.5,134905
Sao Tome and Principe,STP,1996,60.6,2221.1,136974
Sao Tome and Principe,STP,1997,60.6,2209.4,138935
Sao Tome and Principe,STP,1998,60.8,2228.9,140765
Sao Tome and Principe,STP,1999,61.0,2247.1,142459
Sao Tome and Principe,STP,2000,61.2,2218.8,144029
Sao Tome and Principe,STP,2001,61.5,2245.6,146386
Sao Tome and Principe,STP,2002,61.8,2250.1,149932
Sao Tome and Principe,STP,2003,62.2,2363.2,153824
Sao Tome and Principe,STP,2004,62.6,2408.8,157721
Sao Tome and Principe,STP,2005,62.4,2532.9,161650
Sao Tome and Principe,STP,2006,63.0,2713.8,165651
Sao Tome and Principe,STP,2007,63.3,2752.1,169709
Sao Tome and Principe,STP,2008,63.4,2925.9,173808
Sao Tome and Principe,STP,2009,63.7,2949.9,177866
Sao Tome and Principe,STP,2010,63.9,3093.3,181810
Sao Tome and Principe,STP,2011,64.1,3179.0,185665
Sao Tome and Principe,STP,2012,64.5,3217.0,189452
Sao Tome and Principe,STP,2013,64.9,3314.0,193158
Sao Tome and Principe,STP,2014,65.5,3474.0,196780
Sao Tome and Principe,STP,2015,66.0,3545.0,200308
Sao Tome and Principe,STP,2016,66.6,3629.3,203702
Sao Tome and Principe,STP,2017,67.1,3707.4,206986
Sao Tome and Principe,STP,2018,67.6,3756.8,210198
Sao Tome and Principe,STP,2019,68.0,3781.2,213405
Sao Tome and Principe,STP,2020,68.0,3826.4,217450
Sao Tome and Principe,STP,2021,68.0,3821.0,221975
Sao Tome and Principe,STP,2022,69.2,3751.6,226313
Saudi Arabia,SAU,1952,41.1,3937.0,1826521
Saudi Arabia,SAU,1953,41.6,4246.0,1892173
Saudi Arabia,SAU,1954,42.1,4642.0,1960632
Saudi Arabia,SAU,1955,42.6,4658.0,2031965
Saudi Arabia,SAU,1956,43.1,4901.0,2106234
Saudi Arabia,SAU,1957,43.7,4972.0,2183545
Saudi Arabia,SAU,1958,44.2,5107.0,2264105
Saudi Arabia,SAU,1959,44.8,5512.0,2348014
Saudi Arabia,SAU,1960,45.3,5928.0,2435410
Saudi Arabia,SAU,1961,45.9,6481.0,2526350
Saudi Arabia,SAU,1962,46.5,7085.0,2620915
Saudi Arabia,SAU,1963,47.1,7516.0,2719347
Saudi Arabia,SAU,1964,47.7,7978.0,2821970
Saudi Arabia,SAU,1965,48.4,8717.0,2928780
Saudi Arabia,SAU,1966,49.2,9726.0,3039891
Saudi Arabia,SAU,1967,50.0,10302.0,3157247
Saudi Arabia,SAU,1968,50.9,10916.0,3282707
Saudi Arabia,SAU,1969,51.8,11429.0,3417123
Saudi Arabia,SAU,1970,52.7,12153.0,3562475
Saudi Arabia,SAU,1971,53.7,13509.0,3724039
Saudi Arabia,SAU,1972,54.7,15138.0,3905729
Saudi Arabia,SAU,1973,55.8,17598.0,4106346
Saudi Arabia,SAU,1974,56.8,19659.0,4323639
Saudi Arabia,SAU,1975,57.8,18788.0,4556289
Saudi Arabia,SAU,1976,58.8,19297.0,4807936
Saudi Arabia,SAU,1977,59.7,20824.0,5083043
Saudi Arabia,SAU,1978,60.7,20593.0,5381901
Saudi Arabia,SAU,1979,61.5,20472.0,5703704
Saudi Arabia,SAU,1980,62.4,21068.0,6047997
Saudi Arabia,SAU,1981,63.3,21393.0,6420554
Saudi Arabia,SAU,1982,64.0,20535.0,6824484
Saudi Arabia,SAU,1983,64.7,17315.0,7252947
Saudi Arabia,SAU,1984,65.4,16343.0,7697312
Saudi Arabia,SAU,1985,66.0,14422.0,8151782
Saudi Arabia,SAU,1986,66.6,12897.0,8628639
Saudi Arabia,SAU,1987,67.2,12919.0,9130207
Saudi Arabia,SAU,1988,67.8,12795.0,9629172
Saudi Arabia,SAU,1989,68.4,12758.0,10128397
Saudi Arabia,SAU,1990,68.9,14335.0,10640697
Saudi Arabia,SAU,1991,69.3,16830.4,11160752
Saudi Arabia,SAU,1992,69.8,17905.3,11686682
Saudi Arabia,SAU,1993,70.2,18101.1,12215864
Saudi Arabia,SAU,1994,70.6,18678.9,12750037
Saudi Arabia,SAU,1995,70.9,19223.3,13289246
Saudi Arabia,SAU,1996,71.3,20280.5,13831002
Saudi Arabia,SAU,1997,71.6,21087.4,14374948
Saudi Arabia,SAU,1998,72.0,22310.9,14922188
Saudi Arabia,SAU,1999,72.3,22058.6,15472076
Saudi Arabia,SAU,2000,72.6,23904.5,16177733
Saudi Arabia,SAU,2001,73.0,24192.0,17041405
Saudi Arabia,SAU,2002,73.3,24054.0,17910909
Saudi Arabia,SAU,2003,73.7,27367.1,18786771
Saudi Arabia,SAU,2004,74.0,30233.5,19669486
Saudi Arabia,SAU,2005,74.4,32700.3,20559886
Saudi Arabia,SAU,2006,74.8,34483.0,21459141
Saudi Arabia,SAU,2007,75.1,36070.3,22368313
Saudi Arabia,SAU,2008,75.3,39393.4,23287884
Saudi Arabia,SAU,2009,75.4,39671.6,24217656
Saudi Arabia,SAU,2010,75.6,42737.7,25157134
Saudi Arabia,SAU,2011,75.8,48470.0,26105636
Saudi Arabia,SAU,2012,76.1,49835.0,27062447
Saudi Arabia,SAU,2013,76.5,50021.1,28026825
Saudi Arabia,SAU,2014,77.1,50791.0,28998127
Saudi Arabia,SAU,2015,77.8,51941.6,29974944
Saudi Arabia,SAU,2016,78.4,51959.1,30717804
Saudi Arabia,SAU,2017,78.7,50593.3,30782400
Saudi Arabia,SAU,2018,78.7,50906.5,30365119
Saudi Arabia,SAU,2019,78.3,50123.3,30472809
Saudi Arabia,SAU,2020,77.6,46723.9,30991206
Saudi Arabia,SAU,2021,77.1,49841.1,31328374
Saudi Arabia,SAU,2022,77.3,53516.9,32175351
Senegal,SEN,1952,37.4,2077.0,2687011
Senegal,SEN,1953,37.8,2110.0,2757571
Senegal,SEN,1954,38.2,2146.0,2831393
Senegal,SEN,1955,38.5,2179.0,2908512
Senegal,SEN,1956,38.9,2212.0,2988938
Senegal,SEN,1957,39.1,2246.0,3072374
Senegal,SEN,1958,39.4,2278.0,3158762
Senegal,SEN,1959,39.5,2308.0,3248325
Senegal,SEN,1960,39.7,2303.0,3340900
Senegal,SEN,1961,39.7,2351.0,3436379
Senegal,SEN,1962,39.7,2370.0,3534688
Senegal,SEN,1963,39.7,2402.0,3635876
Senegal,SEN,1964,39.8,2389.0,3740540
Senegal,SEN,1965,39.8,2409.0,3849793
Senegal,SEN,1966,39.8,2404.0,3964305
Senegal,SEN,1967,40.0,2310.0,4083872
Senegal,SEN,1968,40.1,2389.0,4207593
Senegal,SEN,1969,40.4,2171.0,4334979
Senegal,SEN,1970,40.8,2287.0,4466330
Senegal,SEN,1971,41.2,2216.0,4601869
Senegal,SEN,1972,41.8,2289.0,4741632
Senegal,SEN,1973,42.4,2096.0,4885181
Senegal,SEN,1974,43.1,2118.0,5029446
Senegal,SEN,1975,43.9,2225.0,5170812
Senegal,SEN,1976,44.8,2370.0,5308567
Senegal,SEN,1977,45.7,2236.0,5439555
Senegal,SEN,1978,46.6,2082.0,5568099
Senegal,SEN,1979,47.5,2158.0,5702899
Senegal,SEN,1980,48.3,2021.0,5845640
Senegal,SEN,1981,49.1,1943.0,5997165
Senegal,SEN,1982,49.9,2168.0,6156963
Senegal,SEN,1983,50.8,2153.0,6324507
Senegal,SEN,1984,51.7,1989.0,6499366
Senegal,SEN,1985,52.6,2000.0,6683296
Senegal,SEN,1986,53.7,2031.0,6878199
Senegal,SEN,1987,54.6,2048.0,7081535
Senegal,SEN,1988,55.5,2085.0,7289622
Senegal,SEN,1989,56.2,1980.0,7502213
Senegal,SEN,1990,56.7,1999.0,7720524
Senegal,SEN,1991,57.0,1982.6,7943091
Senegal,SEN,1992,57.3,1942.9,8168396
Senegal,SEN,1993,57.3,1906.8,8396289
Senegal,SEN,1994,57.5,1847.6,8624077
Senegal,SEN,1995,57.3,1886.5,8848112
Senegal,SEN,1996,57.1,1866.3,9067018
Senegal,SEN,1997,57.1,1866.4,9283505
Senegal,SEN,1998,57.1,1915.4,9502951
Senegal,SEN,1999,57.3,1978.1,9730897
Senegal,SEN,2000,57.6,1983.5,9968262
Senegal,SEN,2001,58.2,2009.9,10212941
Senegal,SEN,2002,58.9,1959.6,10466216
Senegal,SEN,2003,59.5,2025.0,10721176
Senegal,SEN,2004,60.3,2075.0,10975711
Senegal,SEN,2005,61.0,2121.2,11235473
Senegal,SEN,2006,61.8,2104.4,11500094
Senegal,SEN,2007,62.7,2137.7,11770348
Senegal,SEN,2008,63.2,2146.8,12048963
Senegal,SEN,2009,63.8,2129.3,12337390
Senegal,SEN,2010,64.2,2151.3,12635418
Senegal,SEN,2011,64.8,2123.0,12958902
Senegal,SEN,2012,65.2,2141.4,13310499
Senegal,SEN,2013,65.6,2127.4,13710857
Senegal,SEN,2014,66.0,2192.0,14152103
Senegal,SEN,2015,66.5,2262.3,14593335
Senegal,SEN,2016,66.7,2335.9,15034517
Senegal,SEN,2017,67.1,2436.0,15475001
Senegal,SEN,2018,67.4,2514.8,15914495
Senegal,SEN,2019,67.7,2559.8,16352926
Senegal,SEN,2020,67.5,2524.3,16789217
Senegal,SEN,2021,66.9,2607.2,17220866
Senegal,SEN,2022,67.8,2660.7,17651099
Serbia,SRB,1952,57.4,2032.0,6127270
Serbia,SRB,1953,59.8,2348.0,6192415
Serbia,SRB,1954,60.7,2236.0,6266890
Serbia,SRB,1955,61.3,2584.0,6346329
Serbia,SRB,1956,61.9,2447.0,6422763
Serbia,SRB,1957,63.2,3147.0,6496456
Serbia,SRB,1958,64.3,3022.0,6567235
Serbia,SRB,1959,65.2,3885.0,6635214
Serbia,SRB,1960,65.7,3948.0,6702964
Serbia,SRB,1961,66.3,4038.0,6771392
Serbia,SRB,1962,67.0,4237.0,6838634
Serbia,SRB,1963,67.4,4713.0,6904168
Serbia,SRB,1964,68.0,5166.0,6968218
Serbia,SRB,1965,68.7,5231.0,7031142
Serbia,SRB,1966,69.4,5649.0,7093228
Serbia,SRB,1967,70.1,5703.0,7154393
Serbia,SRB,1968,70.1,5761.0,7214029
Serbia,SRB,1969,70.0,6379.0,7271058
Serbia,SRB,1970,69.7,6515.0,7324426
Serbia,SRB,1971,69.7,7084.0,7375141
Serbia,SRB,1972,70.0,7347.0,7424742
Serbia,SRB,1973,70.5,7716.0,7473516
Serbia,SRB,1974,71.1,8322.0,7522491
Serbia,SRB,1975,71.6,8498.0,7572433
Serbia,SRB,1976,71.9,8877.0,7622703
Serbia,SRB,1977,71.8,9529.0,7671486
Serbia,SRB,1978,71.4,9958.0,7716932
Serbia,SRB,1979,71.2,10772.0,7758219
Serbia,SRB,1980,71.1,10724.0,7796286
Serbia,SRB,1981,71.1,10888.0,7827863
Serbia,SRB,1982,71.0,10949.0,7849652
Serbia,SRB,1983,71.1,10707.0,7864592
Serbia,SRB,1984,71.2,10866.0,7875050
Serbia,SRB,1985,71.4,10839.0,7881551
Serbia,SRB,1986,71.6,11180.0,7884582
Serbia,SRB,1987,71.9,10973.0,7885364
Serbia,SRB,1988,72.0,10793.0,7884457
Serbia,SRB,1989,72.3,10963.0,7881272
Serbia,SRB,1990,72.2,9754.0,7874595
Serbia,SRB,1991,71.9,8858.0,7867067
Serbia,SRB,1992,71.6,6567.7,7859811
Serbia,SRB,1993,71.9,4673.6,7849723
Serbia,SRB,1994,72.3,4910.8,7837157
Serbia,SRB,1995,72.7,5325.5,7823281
Serbia,SRB,1996,72.9,5710.2,7807720
Serbia,SRB,1997,72.9,6288.0,7789186
Serbia,SRB,1998,72.3,6603.7,7765929
Serbia,SRB,1999,70.0,5532.5,7734367
Serbia,SRB,2000,72.3,6059.6,7694608
Serbia,SRB,2001,72.3,6542.7,7651927
Serbia,SRB,2002,72.6,7155.6,7616741
Serbia,SRB,2003,72.7,7637.8,7590946
Serbia,SRB,2004,72.9,8512.2,7565843
Serbia,SRB,2005,73.1,9198.4,7539139
Serbia,SRB,2006,73.4,9902.4,7511395
Serbia,SRB,2007,73.7,10768.9,7482996
Serbia,SRB,2008,73.9,11650.2,7454285
Serbia,SRB,2009,74.1,11576.6,7425346
Serbia,SRB,2010,74.4,11963.6,7395872
Serbia,SRB,2011,74.7,12463.0,7364858
Serbia,SRB,2012,75.1,12438.3,7324624
Serbia,SRB,2013,75.3,12860.5,7276183
Serbia,SRB,2014,75.5,12717.7,7227203
Serbia,SRB,2015,75.7,13013.9,7177257
Serbia,SRB,2016,75.7,13518.9,7126083
Serbia,SRB,2017,75.8,13876.6,7073507
Serbia,SRB,2018,76.0,14579.9,7020014
Serbia,SRB,2019,76.1,15293.2,6966155
Serbia,SRB,2020,74.5,15256.4,6907814
Serbia,SRB,2021,72.9,16563.8,6835429
Serbia,SRB,2022,75.5,17097.7,6791215
Seychelles,SYC,1952,58.4,2821.0,39010
Seychelles,SYC,1953,58.7,2868.0,39334
Seychelles,SYC,1954,59.0,2992.0,39703
Seychelles,SYC,1955,59.4,2979.0,40126
Seychelles,SYC,1956,59.8,2949.0,40617
Seychelles,SYC,1957,60.2,3008.0,41198
Seychelles,SYC,1958,60.4,3027.0,41823
Seychelles,SYC,1959,60.4,3102.0,42487
Seychelles,SYC,1960,60.5,3257.0,43249
Seychelles,SYC,1961,60.6,2995.0,44133
Seychelles,SYC,1962,60.7,3174.0,45088
Seychelles,SYC,1963,60.9,3384.0,46099
Seychelles,SYC,1964,61.2,3424.0,47164
Seychelles,SYC,1965,61.4,3351.0,48295
Seychelles,SYC,1966,61.7,3351.0,49476
Seychelles,SYC,1967,62.1,3277.0,50686
Seychelles,SYC,1968,62.6,3470.0,51904
Seychelles,SYC,1969,63.3,3379.0,53104
Seychelles,SYC,1970,64.0,3537.0,54276
Seychelles,SYC,1971,64.6,3987.0,55534
Seychelles,SYC,1972,65.3,4149.0,56913
Seychelles,SYC,1973,65.9,4468.0,58320
Seychelles,SYC,1974,66.4,4457.0,59765
Seychelles,SYC,1975,66.8,4506.0,61236
Seychelles,SYC,1976,67.2,5149.0,62762
Seychelles,SYC,1977,67.6,5491.0,64117
Seychelles,SYC,1978,67.9,5906.0,65008
Seychelles,SYC,1979,68.2,6709.0,65625
Seychelles,SYC,1980,68.5,6424.0,66281
Seychelles,SYC,1981,68.7,5928.0,66974
Seychelles,SYC,1982,69.0,5786.0,67666
Seychelles,SYC,1983,69.3,5638.0,68379
Seychelles,SYC,1984,69.5,6030.0,69103
Seychelles,SYC,1985,69.6,6585.0,69837
Seychelles,SYC,1986,69.8,6601.0,70582
Seychelles,SYC,1987,69.9,6827.0,71358
Seychelles,SYC,1988,70.0,7114.0,72229
Seychelles,SYC,1989,70.1,7755.0,73142
Seychelles,SYC,1990,70.2,8239.0,74000
Seychelles,SYC,1991,70.3,8570.7,74838
Seychelles,SYC,1992,70.3,9304.8,75630
Seychelles,SYC,1993,70.4,10009.9,76420
Seychelles,SYC,1994,70.5,10060.8,77279
Seychelles,SYC,1995,70.6,10135.1,78144
Seychelles,SYC,1996,70.8,10469.0,78901
Seychelles,SYC,1997,70.8,12233.0,79670
Seychelles,SYC,1998,71.1,13801.2,80738
Seychelles,SYC,1999,71.2,14235.8,82033
Seychelles,SYC,2000,71.3,14379.8,83339
Seychelles,SYC,2001,71.4,14221.2,84621
Seychelles,SYC,2002,71.5,14581.4,85878
Seychelles,SYC,2003,71.7,13836.0,87056
Seychelles,SYC,2004,71.7,13735.9,88175
Seychelles,SYC,2005,71.9,15172.6,89288
Seychelles,SYC,2006,72.0,16824.6,90391
Seychelles,SYC,2007,72.2,18832.8,91483
Seychelles,SYC,2008,72.3,18687.4,92563
Seychelles,SYC,2009,72.4,18744.0,93644
Seychelles,SYC,2010,72.5,20147.2,94993
Seychelles,SYC,2011,72.5,21545.0,97041
Seychelles,SYC,2012,72.5,22130.0,99565
Seychelles,SYC,2013,72.4,23036.0,102108
Seychelles,SYC,2014,72.4,24250.0,104663
Seychelles,SYC,2015,72.3,25690.0,107247
Seychelles,SYC,2016,72.2,28588.6,109836
Seychelles,SYC,2017,72.2,30072.2,112443
Seychelles,SYC,2018,72.2,31524.9,115053
Seychelles,SYC,2019,72.1,32745.9,117662
Seychelles,SYC,2020,74.1,29647.5,120299
Seychelles,SYC,2021,71.2,30126.0,123000
Seychelles,SYC,2022,71.2,31055.4,125533
Sierra Leone,SLE,1952,29.7,958.0,2047201
Sierra Leone,SLE,1953,30.1,982.0,2070818
Sierra Leone,SLE,1954,30.5,1023.0,2095066
Sierra Leone,SLE,1955,30.9,1044.0,2120895
Sierra Leone,SLE,1956,31.3,1070.0,2147980
Sierra Leone,SLE,1957,31.8,1093.0,2176254
Sierra Leone,SLE,1958,32.1,1109.0,2204841
Sierra Leone,SLE,1959,32.6,1157.0,2235024
Sierra Leone,SLE,1960,33.1,1176.0,2268361
Sierra Leone,SLE,1961,33.6,1181.0,2304229
Sierra Leone,SLE,1962,34.2,1216.0,2342241
Sierra Leone,SLE,1963,34.7,1218.0,2382262
Sierra Leone,SLE,1964,35.3,1215.0,2424393
Sierra Leone,SLE,1965,35.9,1282.0,2468669
Sierra Leone,SLE,1966,36.6,1342.0,2514641
Sierra Leone,SLE,1967,37.3,1313.0,2562394
Sierra Leone,SLE,1968,37.8,1420.0,2611535
Sierra Leone,SLE,1969,38.2,1525.0,2661367
Sierra Leone,SLE,1970,38.6,1553.0,2712287
Sierra Leone,SLE,1971,39.1,1535.0,2763230
Sierra Leone,SLE,1972,39.5,1525.0,2814397
Sierra Leone,SLE,1973,40.0,1553.0,2866959
Sierra Leone,SLE,1974,40.4,1581.0,2920466
Sierra Leone,SLE,1975,41.0,1551.0,2974659
Sierra Leone,SLE,1976,41.4,1511.0,3028822
Sierra Leone,SLE,1977,41.8,1495.0,3085359
Sierra Leone,SLE,1978,42.2,1524.0,3145522
Sierra Leone,SLE,1979,42.5,1572.0,3207502
Sierra Leone,SLE,1980,42.8,1584.0,3272097
Sierra Leone,SLE,1981,43.1,1615.0,3338944
Sierra Leone,SLE,1982,43.3,1610.0,3408188
Sierra Leone,SLE,1983,43.5,1575.0,3481644
Sierra Leone,SLE,1984,43.6,1608.0,3558762
Sierra Leone,SLE,1985,43.6,1610.0,3638444
Sierra Leone,SLE,1986,43.5,1597.0,3728381
Sierra Leone,SLE,1987,43.7,1624.0,3829720
Sierra Leone,SLE,1988,43.8,1626.0,3934517
Sierra Leone,SLE,1989,43.7,1642.0,4034038
Sierra Leone,SLE,1990,43.7,1635.0,4196834
Sierra Leone,SLE,1991,43.3,1467.4,4246268
Sierra Leone,SLE,1992,43.5,1355.0,4166368
Sierra Leone,SLE,1993,43.4,1405.2,4157128
Sierra Leone,SLE,1994,42.8,1500.2,4173111
Sierra Leone,SLE,1995,42.6,1383.1,4179178
Sierra Leone,SLE,1996,43.5,1060.6,4199215
Sierra Leone,SLE,1997,43.6,885.3,4253710
Sierra Leone,SLE,1998,42.7,882.7,4295783
Sierra Leone,SLE,1999,42.0,814.1,4318047
Sierra Leone,SLE,2000,44.8,828.8,4423615
Sierra Leone,SLE,2001,45.4,923.0,4692715
Sierra Leone,SLE,2002,46.2,1101.8,4971435
Sierra Leone,SLE,2003,46.8,1156.5,5177686
Sierra Leone,SLE,2004,47.5,1197.2,5355715
Sierra Leone,SLE,2005,48.3,1223.7,5501707
Sierra Leone,SLE,2006,49.5,1247.3,5624464
Sierra Leone,SLE,2007,50.0,1320.8,5749353
Sierra Leone,SLE,2008,50.7,1363.5,5894728
Sierra Leone,SLE,2009,51.3,1378.4,6055655
Sierra Leone,SLE,2010,51.9,1421.2,6222715
Sierra Leone,SLE,2011,52.6,1479.0,6387258
Sierra Leone,SLE,2012,53.2,1665.0,6551078
Sierra Leone,SLE,2013,54.1,1965.0,6714057
Sierra Leone,SLE,2014,54.3,2007.0,6876385
Sierra Leone,SLE,2015,55.5,1563.0,7037660
Sierra Leone,SLE,2016,56.9,1622.4,7205339
Sierra Leone,SLE,2017,57.8,1643.3,7379300
Sierra Leone,SLE,2018,59.1,1660.4,7554568
Sierra Leone,SLE,2019,59.6,1707.4,7731994
Sierra Leone,SLE,2020,59.7,1635.7,7912557
Sierra Leone,SLE,2021,60.3,1665.1,8094603
Sierra Leone,SLE,2022,61.3,1690.5,8276809
Singapore,SGP,1952,56.4,2342.0,1126098
Singapore,SGP,1953,57.5,2794.0,1187531
Singapore,SGP,1954,59.4,3202.0,1252286
Singapore,SGP,1955,61.2,2946.0,1320233
Singapore,SGP,1956,62.6,3241.0,1390957
Singapore,SGP,1957,63.4,2874.0,1458281
Singapore,SGP,1958,64.0,2880.0,1515731
Singapore,SGP,1959,64.8,3239.0,1567757
Singapore,SGP,1960,65.3,3464.0,1619328
Singapore,SGP,1961,65.7,3623.0,1670469
Singapore,SGP,1962,66.1,3775.0,1721183
Singapore,SGP,1963,66.5,4049.0,1771517
Singapore,SGP,1964,66.7,3800.0,1821468
Singapore,SGP,1965,66.9,3991.0,1870828
Singapore,SGP,1966,67.2,4317.0,1919088
Singapore,SGP,1967,67.3,4741.0,1965686
Singapore,SGP,1968,67.7,5294.0,2010102
Singapore,SGP,1969,68.1,5931.0,2052163
Singapore,SGP,1970,68.5,6650.0,2091568
Singapore,SGP,1971,68.8,7318.0,2128445
Singapore,SGP,1972,69.0,8155.0,2164344
Singapore,SGP,1973,69.4,8894.0,2200145
Singapore,SGP,1974,69.7,9314.0,2235079
Singapore,SGP,1975,70.2,9602.0,2268532
Singapore,SGP,1976,70.6,10178.0,2300749
Singapore,SGP,1977,70.9,10790.0,2331547
Singapore,SGP,1978,71.2,11588.0,2360611
Singapore,SGP,1979,71.4,12521.0,2388159
Singapore,SGP,1980,71.5,13601.0,2437496
Singapore,SGP,1981,71.7,14335.0,2531801
Singapore,SGP,1982,72.0,14687.0,2627420
Singapore,SGP,1983,72.4,15720.0,2685982
Singapore,SGP,1984,72.6,16767.0,2720930
Singapore,SGP,1985,73.1,16611.0,2735032
Singapore,SGP,1986,73.6,16831.0,2744656
Singapore,SGP,1987,74.0,18345.0,2781625
Singapore,SGP,1988,74.0,19853.0,2849043
Singapore,SGP,1989,74.3,21221.0,2938656
Singapore,SGP,1990,74.6,22666.0,3039593
Singapore,SGP,1991,75.1,23636.7,3136294
Singapore,SGP,1992,75.3,24775.6,3226461
Singapore,SGP,1993,75.5,27073.7,3317892
Singapore,SGP,1994,75.6,29454.6,3417818
Singapore,SGP,1995,75.7,30957.3,3533624
Singapore,SGP,1996,76.1,32724.5,3664566
Singapore,SGP,1997,76.4,34868.1,3796629
Singapore,SGP,1998,76.9,33590.5,3901418
Singapore,SGP,1999,77.3,35156.1,3966562
Singapore,SGP,2000,77.8,37772.8,4035251
Singapore,SGP,2001,78.3,36864.6,4116169
Singapore,SGP,2002,78.7,37829.9,4146898
Singapore,SGP,2003,79.2,38950.7,4138241
Singapore,SGP,2004,79.7,42111.2,4172767
Singapore,SGP,2005,80.3,44698.8,4268363
Singapore,SGP,2006,80.6,48073.6,4407064
Singapore,SGP,2007,80.9,51844.1,4596516
Singapore,SGP,2008,81.1,52180.2,4806742
Singapore,SGP,2009,81.4,51344.5,4968574
Singapore,SGP,2010,81.6,58612.7,5077020
Singapore,SGP,2011,81.9,61672.0,5182242
Singapore,SGP,2012,82.2,62855.5,5293345
Singapore,SGP,2013,82.5,64821.9,5385589
Singapore,SGP,2014,82.6,66498.6,5457899
Singapore,SGP,2015,82.7,67673.9,5525343
Singapore,SGP,2016,82.9,69211.0,5577936
Singapore,SGP,2017,83.1,72292.0,5604087
Singapore,SGP,2018,83.4,74518.2,5634366
Singapore,SGP,2019,83.7,74649.7,5669562
Singapore,SGP,2020,83.7,71964.7,5620151
Singapore,SGP,2021,83.5,77945.5,5546291
Singapore,SGP,2022,82.9,80320.1,5649888
Sint Maarten (Dutch part),SXM,1952,63.1,,1672
Sint Maarten (Dutch part),SXM,1953,63.7,,1760
Sint Maarten (Dutch part),SXM,1954,64.1,,1859
Sint Maarten (Dutch part),SXM,1955,64.8,,1971
Sint Maarten (Dutch part),SXM,1956,65.2,,2100
Sint Maarten (Dutch part),SXM,1957,65.5,,2237
Sint Maarten (Dutch part),SXM,1958,65.8,,2387
Sint Maarten (Dutch part),SXM,1959,66.0,,2544
Sint Maarten (Dutch part),SXM,1960,66.4,,2738
Sint Maarten (Dutch part),SXM,1961,66.7,,2991
Sint Maarten (Dutch part),SXM,1962,67.1,,3283
Sint Maarten (Dutch part),SXM,1963,67.5,,3605
Sint Maarten (Dutch part),SXM,1964,67.8,,3945
Sint Maarten (Dutch part),SXM,1965,68.0,,4304
Sint Maarten (Dutch part),SXM,1966,68.5,,4683
Sint Maarten (Dutch part),SXM,1967,69.0,,5090
Sint Maarten (Dutch part),SXM,1968,69.6,,5524
Sint Maarten (Dutch part),SXM,1969,70.2,,5970
Sint Maarten (Dutch part),SXM,1970,70.9,,6437
Sint Maarten (Dutch part),SXM,1971,71.3,,6909
Sint Maarten (Dutch part),SXM,1972,71.7,,7402
Sint Maarten (Dutch part),SXM,1973,72.1,,7939
Sint Maarten (Dutch part),SXM,1974,72.2,,8514
Sint Maarten (Dutch part),SXM,1975,72.3,,9114
Sint Maarten (Dutch part),SXM,1976,72.3,,9739
Sint Maarten (Dutch part),SXM,1977,72.1,,10387
Sint Maarten (Dutch part),SXM,1978,72.0,,11059
Sint Maarten (Dutch part),SXM,1979,71.8,,11746
Sint Maarten (Dutch part),SXM,1980,71.8,,12432
Sint Maarten (Dutch part),SXM,1981,71.9,,13327
Sint Maarten (Dutch part),SXM,1982,72.0,,14622
Sint Maarten (Dutch part),SXM,1983,72.1,,16154
Sint Maarten (Dutch part),SXM,1984,72.3,,17715
Sint Maarten (Dutch part),SXM,1985,72.4,,19314
Sint Maarten (Dutch part),SXM,1986,72.4,,20949
Sint Maarten (Dutch part),SXM,1987,72.4,,22642
Sint Maarten (Dutch part),SXM,1988,72.5,,24382
Sint Maarten (Dutch part),SXM,1989,72.4,,26190
Sint Maarten (Dutch part),SXM,1990,72.4,,28079
Sint Maarten (Dutch part),SXM,1991,72.4,,30063
Sint Maarten (Dutch part),SXM,1992,72.4,,31589
Sint Maarten (Dutch part),SXM,1993,72.5,,32050
Sint Maarten (Dutch part),SXM,1994,72.6,,31941
Sint Maarten (Dutch part),SXM,1995,72.8,,31796
Sint Maarten (Dutch part),SXM,1996,73.2,,31622
Sint Maarten (Dutch part),SXM,1997,73.6,,31421
Sint Maarten (Dutch part),SXM,1998,73.9,,31215
Sint Maarten (Dutch part),SXM,1999,74.2,,30998
Sint Maarten (Dutch part),SXM,2000,74.4,,30796
Sint Maarten (Dutch part),SXM,2001,74.5,,30751
Sint Maarten (Dutch part),SXM,2002,74.6,,30986
Sint Maarten (Dutch part),SXM,2003,74.6,,31346
Sint Maarten (Dutch part),SXM,2004,74.6,,31714
Sint Maarten (Dutch part),SXM,2005,74.7,,32083
Sint Maarten (Dutch part),SXM,2006,74.8,,32448
Sint Maarten (Dutch part),SXM,2007,74.8,,32811
Sint Maarten (Dutch part),SXM,2008,74.9,,33165
Sint Maarten (Dutch part),SXM,2009,74.8,,33514
Sint Maarten (Dutch part),SXM,2010,74.8,,33814
Sint Maarten (Dutch part),SXM,2011,74.9,,34288
Sint Maarten (Dutch part),SXM,2012,75.1,,35040
Sint Maarten (Dutch part),SXM,2013,75.4,,35871
Sint Maarten (Dutch part),SXM,2014,75.7,,36695
Sint Maarten (Dutch part),SXM,2015,75.9,,37490
Sint Maarten (Dutch part),SXM,2016,76.0,,38274
Sint Maarten (Dutch part),SXM,2017,75.5,,39012
Sint Maarten (Dutch part),SXM,2018,75.7,,39736
Sint Maarten (Dutch part),SXM,2019,75.7,,40410
Sint Maarten (Dutch part),SXM,2020,75.0,,41027
Sint Maarten (Dutch part),SXM,2021,74.5,,41593
Sint Maarten (Dutch part),SXM,2022,76.2,,42163
Slovakia,SVK,1952,64.3,,3591860
Slovakia,SVK,1953,65.6,,3660079
Slovakia,SVK,1954,66.7,,3728027
Slovakia,SVK,1955,67.8,,3797354
Slovakia,SVK,1956,68.4,,3868268
Slovakia,SVK,1957,67.5,,3936840
Slovakia,SVK,1958,69.4,,4002698
Slovakia,SVK,1959,69.0,,4064674
Slovakia,SVK,1960,70.3,,4124444
Slovakia,SVK,1961,70.8,,4185347
Slovakia,SVK,1962,70.3,,4235796
Slovakia,SVK,1963,70.7,,4278467
Slovakia,SVK,1964,71.1,,4323293
Slovakia,SVK,1965,70.3,,4365055
Slovakia,SVK,1966,70.4,,4402206
Slovakia,SVK,1967,71.0,,4436106
Slovakia,SVK,1968,70.5,,4466440
Slovakia,SVK,1969,69.8,,4495039
Slovakia,SVK,1970,69.7,,4525876
Slovakia,SVK,1971,69.9,,4560415
Slovakia,SVK,1972,70.3,,4599802
Slovakia,SVK,1973,70.0,,4643683
Slovakia,SVK,1974,70.2,,4690647
Slovakia,SVK,1975,70.3,,4739175
Slovakia,SVK,1976,70.5,,4788513
Slovakia,SVK,1977,70.4,,4837710
Slovakia,SVK,1978,70.4,,4885733
Slovakia,SVK,1979,70.7,,4933451
Slovakia,SVK,1980,70.4,,4976659
Slovakia,SVK,1981,70.6,,5014960
Slovakia,SVK,1982,70.8,,5051811
Slovakia,SVK,1983,70.5,,5086443
Slovakia,SVK,1984,70.7,,5119394
Slovakia,SVK,1985,70.7,11815.0,5151164
Slovakia,SVK,1986,70.9,12242.0,5180090
Slovakia,SVK,1987,71.1,12473.0,5205882
Slovakia,SVK,1988,71.1,12659.0,5229678
Slovakia,SVK,1989,70.9,12734.0,5249932
Slovakia,SVK,1990,70.8,12374.0,5266077
Slovakia,SVK,1991,70.9,10537.4,5284876
Slovakia,SVK,1992,71.4,9838.6,5306445
Slovakia,SVK,1993,71.9,10481.1,5326363
Slovakia,SVK,1994,72.3,11063.9,5343230
Slovakia,SVK,1995,72.3,11874.4,5354287
Slovakia,SVK,1996,72.7,12622.9,5362430
Slovakia,SVK,1997,72.7,13335.5,5369781
Slovakia,SVK,1998,72.6,13822.2,5374801
Slovakia,SVK,1999,73.0,13750.3,5378105
Slovakia,SVK,2000,73.1,13905.0,5380001
Slovakia,SVK,2001,73.6,14361.9,5379439
Slovakia,SVK,2002,73.8,14984.7,5377685
Slovakia,SVK,2003,73.8,15773.1,5376197
Slovakia,SVK,2004,74.2,16570.9,5376038
Slovakia,SVK,2005,74.2,17649.5,5376697
Slovakia,SVK,2006,74.4,19099.4,5376847
Slovakia,SVK,2007,74.5,21109.9,5376993
Slovakia,SVK,2008,74.9,22232.0,5379127
Slovakia,SVK,2009,75.2,20953.0,5385074
Slovakia,SVK,2010,75.5,21941.2,5391857
Slovakia,SVK,2011,76.0,22483.0,5398105
Slovakia,SVK,2012,76.2,22745.2,5404877
Slovakia,SVK,2013,76.5,22860.5,5410422
Slovakia,SVK,2014,76.8,23453.0,5415238
Slovakia,SVK,2015,76.7,24647.7,5420278
Slovakia,SVK,2016,77.2,25087.7,5427262
Slovakia,SVK,2017,77.2,25788.8,5435702
Slovakia,SVK,2018,77.3,26790.7,5443229
Slovakia,SVK,2019,77.7,27429.2,5450627
Slovakia,SVK,2020,76.9,26468.3,5455028
Slovakia,SVK,2021,74.6,27365.6,5442766
Slovakia,SVK,2022,77.0,27519.3,5473195
Slovenia,SVN,1952,63.8,3934.0,1479671
Slovenia,SVN,1953,65.3,4106.0,1497562
Slovenia,SVN,1954,66.1,4623.0,1515604
Slovenia,SVN,1955,66.1,5002.0,1532637
Slovenia,SVN,1956,66.5,4889.0,1548767
Slovenia,SVN,1957,67.0,5432.0,1564154
Slovenia,SVN,1958,67.7,6005.0,1578539
Slovenia,SVN,1959,68.2,6304.0,1592118
Slovenia,SVN,1960,68.5,7165.0,1605080
Slovenia,SVN,1961,68.9,7760.0,1618564
Slovenia,SVN,1962,68.9,8027.0,1633084
Slovenia,SVN,1963,68.6,8871.0,1647447
Slovenia,SVN,1964,68.5,9624.0,1661355
Slovenia,SVN,1965,68.7,9589.0,1675321
Slovenia,SVN,1966,68.9,10029.0,1689638
Slovenia,SVN,1967,69.0,10264.0,1703875
Slovenia,SVN,1968,68.6,10822.0,1716931
Slovenia,SVN,1969,68.6,11775.0,1728680
Slovenia,SVN,1970,69.0,12803.0,1739869
Slovenia,SVN,1971,69.7,13657.0,1752715
Slovenia,SVN,1972,70.3,14269.0,1768220
Slovenia,SVN,1973,70.8,15079.0,1784579
Slovenia,SVN,1974,71.0,16420.0,1801032
Slovenia,SVN,1975,71.1,17205.0,1817595
Slovenia,SVN,1976,71.1,17462.0,1834356
Slovenia,SVN,1977,71.3,18595.0,1851329
Slovenia,SVN,1978,71.6,20014.0,1868515
Slovenia,SVN,1979,71.6,21367.0,1885912
Slovenia,SVN,1980,71.8,21151.0,1903075
Slovenia,SVN,1981,71.6,20929.0,1914594
Slovenia,SVN,1982,71.4,20535.0,1917974
Slovenia,SVN,1983,71.2,20451.0,1923360
Slovenia,SVN,1984,71.3,20650.0,1932703
Slovenia,SVN,1985,71.8,20663.0,1941480
Slovenia,SVN,1986,72.1,21122.0,1964833
Slovenia,SVN,1987,72.4,20851.0,1988025
Slovenia,SVN,1988,72.8,20083.0,1993520
Slovenia,SVN,1989,73.3,19837.0,1995463
Slovenia,SVN,1990,73.5,18093.0,1998010
Slovenia,SVN,1991,73.5,16402.0,1999191
Slovenia,SVN,1992,73.4,15462.7,1995862
Slovenia,SVN,1993,73.6,15872.1,1990815
Slovenia,SVN,1994,73.9,16664.7,1988262
Slovenia,SVN,1995,74.4,17816.8,1988098
Slovenia,SVN,1996,74.8,18376.2,1986792
Slovenia,SVN,1997,75.0,19258.9,1984404
Slovenia,SVN,1998,75.1,19851.1,1980071
Slovenia,SVN,1999,75.5,20793.9,1981198
Slovenia,SVN,2000,75.8,21501.3,1986817
Slovenia,SVN,2001,76.2,22007.0,1989684
Slovenia,SVN,2002,76.3,22725.3,1991571
Slovenia,SVN,2003,76.3,23257.4,1992499
Slovenia,SVN,2004,76.9,24150.6,1993548
Slovenia,SVN,2005,77.5,24966.9,1996915
Slovenia,SVN,2006,77.8,26182.8,2003116
Slovenia,SVN,2007,78.3,27832.8,2014159
Slovenia,SVN,2008,78.6,28473.6,2025090
Slovenia,SVN,2009,79.0,25905.5,2035610
Slovenia,SVN,2010,79.3,26000.9,2044611
Slovenia,SVN,2011,79.6,26004.0,2048805
Slovenia,SVN,2012,79.8,25269.2,2053322
Slovenia,SVN,2013,80.1,24975.4,2056452
Slovenia,SVN,2014,80.3,25638.7,2058395
Slovenia,SVN,2015,80.5,26186.2,2059946
Slovenia,SVN,2016,80.5,27004.7,2061379
Slovenia,SVN,2017,80.6,28288.9,2062410
Slovenia,SVN,2018,80.9,29461.3,2069484
Slovenia,SVN,2019,81.0,30229.3,2083438
Slovenia,SVN,2020,80.4,28733.3,2102421
Slovenia,SVN,2021,80.4,31019.9,2113495
Slovenia,SVN,2022,80.8,32673.8,2115231
Solomon Islands,SLB,1952,42.6,,113501
Solomon Islands,SLB,1953,43.2,,116223
Solomon Islands,SLB,1954,43.7,,119126
Solomon Islands,SLB,1955,44.3,,122199
Solomon Islands,SLB,1956,42.8,,125357
Solomon Islands,SLB,1957,45.7,,128689
Solomon Islands,SLB,1958,46.3,,132320
Solomon Islands,SLB,1959,47.0,,136144
Solomon Islands,SLB,1960,47.7,,139698
Solomon Islands,SLB,1961,48.3,,142921
Solomon Islands,SLB,1962,49.0,,146210
Solomon Islands,SLB,1963,49.8,,149607
Solomon Islands,SLB,1964,50.6,,153098
Solomon Islands,SLB,1965,51.4,,156696
Solomon Islands,SLB,1966,52.3,,160403
Solomon Islands,SLB,1967,53.1,,164255
Solomon Islands,SLB,1968,54.1,,168297
Solomon Islands,SLB,1969,55.1,,172488
Solomon Islands,SLB,1970,56.1,,176590
Solomon Islands,SLB,1971,57.0,,180655
Solomon Islands,SLB,1972,57.9,,185005
Solomon Islands,SLB,1973,58.8,,189788
Solomon Islands,SLB,1974,59.6,,195056
Solomon Islands,SLB,1975,58.4,,200759
Solomon Islands,SLB,1976,61.2,,207210
Solomon Islands,SLB,1977,61.5,,214426
Solomon Islands,SLB,1978,62.5,,222040
Solomon Islands,SLB,1979,63.1,,229964
Solomon Islands,SLB,1980,63.7,,238149
Solomon Islands,SLB,1981,64.1,,246569
Solomon Islands,SLB,1982,64.5,,255213
Solomon Islands,SLB,1983,64.8,,264084
Solomon Islands,SLB,1984,65.0,,273176
Solomon Islands,SLB,1985,65.3,,282468
Solomon Islands,SLB,1986,64.7,,291855
Solomon Islands,SLB,1987,65.7,,301426
Solomon Islands,SLB,1988,65.9,,311278
Solomon Islands,SLB,1989,66.1,,321293
Solomon Islands,SLB,1990,66.2,,331448
Solomon Islands,SLB,1991,66.4,,341743
Solomon Islands,SLB,1992,66.5,,352215
Solomon Islands,SLB,1993,66.6,,362850
Solomon Islands,SLB,1994,66.7,,373685
Solomon Islands,SLB,1995,66.7,,384744
Solomon Islands,SLB,1996,66.7,,396017
Solomon Islands,SLB,1997,66.8,,407480
Solomon Islands,SLB,1998,66.9,,419078
Solomon Islands,SLB,1999,67.0,,430511
Solomon Islands,SLB,2000,67.1,,440481
Solomon Islands,SLB,2001,67.2,,449137
Solomon Islands,SLB,2002,67.4,,457676
Solomon Islands,SLB,2003,67.5,,466164
Solomon Islands,SLB,2004,67.6,,474618
Solomon Islands,SLB,2005,67.8,,483090
Solomon Islands,SLB,2006,68.0,,491602
Solomon Islands,SLB,2007,67.8,,500168
Solomon Islands,SLB,2008,68.3,,508802
Solomon Islands,SLB,2009,68.4,,518150
Solomon Islands,SLB,2010,68.7,,532976
Solomon Islands,SLB,2011,68.8,,552958
Solomon Islands,SLB,2012,69.0,,573623
Solomon Islands,SLB,2013,69.0,,594952
Solomon Islands,SLB,2014,69.0,,616915
Solomon Islands,SLB,2015,69.3,,639423
Solomon Islands,SLB,2016,69.5,,662387
Solomon Islands,SLB,2017,69.7,,685677
Solomon Islands,SLB,2018,69.8,,709109
Solomon Islands,SLB,2019,70.0,,728156
Solomon Islands,SLB,2020,69.3,,744505
Solomon Islands,SLB,2021,68.9,,762594
Solomon Islands,SLB,2022,70.4,,781075
Somalia,SOM,1952,41.9,,2340259
Somalia,SOM,1953,42.1,,2403576
Somalia,SOM,1954,42.3,,2467314
Somalia,SOM,1955,42.5,,2532253
Somalia,SOM,1956,42.7,,2598371
Somalia,SOM,1957,42.9,,2665713
Somalia,SOM,1958,43.1,,2733407
Somalia,SOM,1959,43.3,,2803095
Somalia,SOM,1960,43.5,,2876333
Somalia,SOM,1961,43.7,,2952057
Somalia,SOM,1962,44.0,,3030096
Somalia,SOM,1963,44.2,,3110362
Somalia,SOM,1964,44.4,,3192798
Somalia,SOM,1965,44.6,,3277875
Somalia,SOM,1966,44.8,,3365115
Somalia,SOM,1967,45.1,,3454541
Somalia,SOM,1968,45.3,,3546594
Somalia,SOM,1969,45.5,,3641019
Somalia,SOM,1970,45.6,,3738451
Somalia,SOM,1971,45.8,,3837694
Somalia,SOM,1972,46.0,,3939438
Somalia,SOM,1973,46.2,,4045589
Somalia,SOM,1974,44.3,,4151851
Somalia,SOM,1975,44.5,,4257539
Somalia,SOM,1976,44.7,,4365815
Somalia,SOM,1977,47.0,,4484061
Somalia,SOM,1978,47.0,,4814897
Somalia,SOM,1979,47.4,,5449115
Somalia,SOM,1980,47.6,,5936155
Somalia,SOM,1981,47.8,,5982853
Somalia,SOM,1982,48.0,,6003838
Somalia,SOM,1983,48.2,,6198436
Somalia,SOM,1984,48.4,,6428396
Somalia,SOM,1985,48.3,,6693294
Somalia,SOM,1986,48.4,,6974790
Somalia,SOM,1987,49.0,,7228308
Somalia,SOM,1988,43.9,,7235362
Somalia,SOM,1989,46.6,,7114828
Somalia,SOM,1990,46.9,,7082816
Somalia,SOM,1991,25.4,,6813762
Somalia,SOM,1992,25.0,,6495109
Somalia,SOM,1993,50.6,,6681406
Somalia,SOM,1994,50.3,,7026804
Somalia,SOM,1995,50.6,,7285013
Somalia,SOM,1996,50.5,,7554476
Somalia,SOM,1997,50.3,,7824531
Somalia,SOM,1998,50.8,,8155414
Somalia,SOM,1999,50.6,,8492066
Somalia,SOM,2000,50.7,,8838714
Somalia,SOM,2001,50.8,,9198495
Somalia,SOM,2002,50.8,,9550069
Somalia,SOM,2003,50.7,,9909161
Somalia,SOM,2004,50.7,,10281001
Somalia,SOM,2005,50.9,,10644234
Somalia,SOM,2006,50.9,,10975502
Somalia,SOM,2007,50.9,,11322581
Somalia,SOM,2008,51.5,,11663090
Somalia,SOM,2009,52.1,,11961205
Somalia,SOM,2010,48.9,,12261761
Somalia,SOM,2011,32.5,,12348829
Somalia,SOM,2012,49.1,,12461163
Somalia,SOM,2013,54.0,,12869599
Somalia,SOM,2014,54.4,,13339497
Somalia,SOM,2015,55.1,,13806969
Somalia,SOM,2016,55.3,,14348741
Somalia,SOM,2017,52.2,,14916630
Somalia,SOM,2018,54.8,,15452489
Somalia,SOM,2019,57.2,,16030969
Somalia,SOM,2020,57.1,,16651200
Somalia,SOM,2021,55.7,,17271435
Somalia,SOM,2022,53.9,,17801895
South Africa,ZAF,1952,45.0,4175.0,13595546
South Africa,ZAF,1953,46.1,4264.0,13892917
South Africa,ZAF,1954,47.1,4404.0,14203781
South Africa,ZAF,1955,48.2,4511.0,14533371
South Africa,ZAF,1956,49.2,4645.0,14880686
South Africa,ZAF,1957,50.2,4704.0,15244838
South Africa,ZAF,1958,51.1,4685.0,15620420
South Africa,ZAF,1959,51.9,4774.0,16014970
South Africa,ZAF,1960,52.6,4847.0,16440175
South Africa,ZAF,1961,53.1,4929.0,16908039
South Africa,ZAF,1962,53.6,5067.0,17418522
South Africa,ZAF,1963,53.9,5294.0,17954560
South Africa,ZAF,1964,54.2,5499.0,18511367
South Africa,ZAF,1965,54.4,5673.0,19089382
South Africa,ZAF,1966,54.7,5762.0,19690084
South Africa,ZAF,1967,55.0,5993.0,20314072
South Africa,ZAF,1968,55.2,6087.0,20957287
South Africa,ZAF,1969,55.4,6290.0,21614679
South Africa,ZAF,1970,55.7,6448.0,22279990
South Africa,ZAF,1971,56.0,6591.0,22942145
South Africa,ZAF,1972,56.4,6550.0,23609457
South Africa,ZAF,1973,56.7,6655.0,24294264
South Africa,ZAF,1974,57.1,6853.0,24989109
South Africa,ZAF,1975,57.6,6808.0,25690943
South Africa,ZAF,1976,58.0,6802.0,26395451
South Africa,ZAF,1977,58.5,6623.0,27118951
South Africa,ZAF,1978,59.0,6653.0,27869506
South Africa,ZAF,1979,59.5,6746.0,28634161
South Africa,ZAF,1980,60.0,6998.0,29518857
South Africa,ZAF,1981,60.4,7141.0,30541046
South Africa,ZAF,1982,60.9,6891.0,31615339
South Africa,ZAF,1983,61.4,6554.0,32739308
South Africa,ZAF,1984,61.8,6672.0,33892793
South Africa,ZAF,1985,62.2,6385.0,35042097
South Africa,ZAF,1986,62.4,6236.0,36180519
South Africa,ZAF,1987,62.7,6212.0,37326192
South Africa,ZAF,1988,62.9,6319.0,38480647
South Africa,ZAF,1989,63.0,6306.0,39628574
South Africa,ZAF,1990,62.9,6111.0,40746274
South Africa,ZAF,1991,63.0,6034.9,41687903
South Africa,ZAF,1992,62.8,5902.0,42443510
South Africa,ZAF,1993,62.6,5965.9,43297155
South Africa,ZAF,1994,62.1,6173.0,44004140
South Africa,ZAF,1995,61.6,6406.4,44541557
South Africa,ZAF,1996,61.1,6725.8,45123023
South Africa,ZAF,1997,60.5,6950.5,45666835
South Africa,ZAF,1998,59.9,7024.3,46223888
South Africa,ZAF,1999,59.2,7234.3,46730331
South Africa,ZAF,2000,58.4,7582.8,47159715
South Africa,ZAF,2001,57.2,7839.6,47566805
South Africa,ZAF,2002,55.6,8171.2,48019414
South Africa,ZAF,2003,54.2,8451.5,48500351
South Africa,ZAF,2004,54.0,8877.9,48991420
South Africa,ZAF,2005,53.9,9393.7,49490041
South Africa,ZAF,2006,54.2,9978.5,49998271
South Africa,ZAF,2007,54.9,10576.3,50528575
South Africa,ZAF,2008,56.0,10977.1,51114595
South Africa,ZAF,2009,57.4,10873.0,51728518
South Africa,ZAF,2010,58.9,11318.6,52344047
South Africa,ZAF,2011,60.6,11838.0,52995212
South Africa,ZAF,2012,61.7,11938.2,53782570
South Africa,ZAF,2013,62.4,12048.1,54678789
South Africa,ZAF,2014,63.2,12034.1,55594840
South Africa,ZAF,2015,64.1,12009.9,56723536
South Africa,ZAF,2016,64.7,11908.1,57259550
South Africa,ZAF,2017,65.4,11867.5,57635158
South Africa,ZAF,2018,65.7,11873.3,58613001
South Africa,ZAF,2019,66.1,11739.9,59587880
South Africa,ZAF,2020,65.2,10839.1,60562374
South Africa,ZAF,2021,62.0,11273.2,61502602
South Africa,ZAF,2022,65.5,11415.9,62378417
South Korea,KOR,1952,36.6,1038.0,20229880
South Korea,KOR,1953,40.5,1316.7,20775325
South Korea,KOR,1954,46.1,1372.7,21415578
South Korea,KOR,1955,48.4,1411.3,22125104
South Korea,KOR,1956,50.2,1382.0,22874441
South Korea,KOR,1957,51.6,1466.8,23660791
South Korea,KOR,1958,51.8,1517.9,24473927
South Korea,KOR,1959,52.9,1555.7,25298234
South Korea,KOR,1960,53.8,1547.7,26115388
South Korea,KOR,1961,54.4,1605.8,26852962
South Korea,KOR,1962,55.0,1620.5,27509235
South Korea,KOR,1963,55.0,1720.8,28145547
South Korea,KOR,1964,55.3,1835.0,28744980
South Korea,KOR,1965,55.8,1917.4,29284343
South Korea,KOR,1966,55.4,2093.9,29845941
South Korea,KOR,1967,60.9,2232.1,30495725
South Korea,KOR,1968,60.9,2468.5,31175295
South Korea,KOR,1969,61.4,2764.2,31852769
South Korea,KOR,1970,62.2,2974.8,32542203
South Korea,KOR,1971,62.7,3221.7,33239859
South Korea,KOR,1972,63.2,3387.9,33936470
South Korea,KOR,1973,63.8,3822.0,34625848
South Korea,KOR,1974,64.2,4112.6,35287834
South Korea,KOR,1975,64.7,4362.0,35875741
South Korea,KOR,1976,65.0,4855.9,36379928
South Korea,KOR,1977,64.6,5367.8,36843638
South Korea,KOR,1978,65.0,5856.5,37281935
South Korea,KOR,1979,66.1,6265.9,37710898
South Korea,KOR,1980,64.8,6064.0,38141109
South Korea,KOR,1981,67.1,6398.9,38689192
South Korea,KOR,1982,67.1,6821.5,39356159
South Korea,KOR,1983,66.7,7611.7,40000945
South Korea,KOR,1984,68.1,8303.5,40598302
South Korea,KOR,1985,68.4,8859.4,41148956
South Korea,KOR,1986,69.0,9756.2,41718508
South Korea,KOR,1987,69.3,10865.0,42322092
South Korea,KOR,1988,70.2,12039.9,42922980
South Korea,KOR,1989,70.7,12759.5,43524765
South Korea,KOR,1990,71.0,13874.0,44081425
South Korea,KOR,1991,71.4,15056.2,44439146
South Korea,KOR,1992,72.2,15712.0,44653699
South Korea,KOR,1993,72.7,16503.4,44887721
South Korea,KOR,1994,72.9,17720.4,45130842
South Korea,KOR,1995,73.4,19089.3,45368425
South Korea,KOR,1996,74.0,20204.6,45638701
South Korea,KOR,1997,74.5,21055.9,45941541
South Korea,KOR,1998,75.0,19624.7,46230885
South Korea,KOR,1999,75.6,21540.7,46500382
South Korea,KOR,2000,76.2,23108.0,46766660
South Korea,KOR,2001,76.9,23804.4,47043467
South Korea,KOR,2002,77.2,25250.6,47299118
South Korea,KOR,2003,77.5,25679.2,47514158
South Korea,KOR,2004,78.0,26646.5,47697076
South Korea,KOR,2005,78.4,27443.3,47851646
South Korea,KOR,2006,79.0,28516.5,48006518
South Korea,KOR,2007,79.4,29716.6,48178122
South Korea,KOR,2008,80.0,30117.7,48356485
South Korea,KOR,2009,80.6,29967.6,48546690
South Korea,KOR,2010,80.7,31537.8,48769329
South Korea,KOR,2011,81.2,32225.0,49127640
South Korea,KOR,2012,81.3,32826.5,49599580
South Korea,KOR,2013,81.8,33711.7,50071168
South Korea,KOR,2014,82.4,34573.1,50539055
South Korea,KOR,2015,82.5,35357.5,50983909
South Korea,KOR,2016,82.9,36255.2,51297836
South Korea,KOR,2017,83.3,37296.0,51486268
South Korea,KOR,2018,83.3,38214.3,51640894
South Korea,KOR,2019,83.7,38936.0,51767844
South Korea,KOR,2020,83.7,38607.0,51858481
South Korea,KOR,2021,83.9,40278.0,51848401
South Korea,KOR,2022,82.7,41320.9,51782515
South Sudan,SSD,1952,31.0,,2569208
South Sudan,SSD,1953,31.4,,2611735
South Sudan,SSD,1954,31.7,,2657098
South Sudan,SSD,1955,32.0,,2705090
South Sudan,SSD,1956,31.6,,2754597
South Sudan,SSD,1957,30.9,,2804099
South Sudan,SSD,1958,27.6,,2848361
South Sudan,SSD,1959,27.8,,2888781
South Sudan,SSD,1960,28.1,,2931567
South Sudan,SSD,1961,28.3,,2976728
South Sudan,SSD,1962,28.5,,3024304
South Sudan,SSD,1963,28.2,,3072675
South Sudan,SSD,1964,32.5,,3129915
South Sudan,SSD,1965,28.8,,3189833
South Sudan,SSD,1966,25.6,,3236423
South Sudan,SSD,1967,25.9,,3277648
South Sudan,SSD,1968,26.1,,3321528
South Sudan,SSD,1969,25.4,,3365534
South Sudan,SSD,1970,25.6,,3409620
South Sudan,SSD,1971,31.0,,3468646
South Sudan,SSD,1972,31.3,,3542492
South Sudan,SSD,1973,36.3,,3627387
South Sudan,SSD,1974,36.6,,3723264
South Sudan,SSD,1975,36.9,,3821494
South Sudan,SSD,1976,37.1,,3921912
South Sudan,SSD,1977,37.4,,4024037
South Sudan,SSD,1978,37.6,,4127666
South Sudan,SSD,1979,37.8,,4232613
South Sudan,SSD,1980,38.0,,4339041
South Sudan,SSD,1981,38.3,,4447275
South Sudan,SSD,1982,38.7,,4557690
South Sudan,SSD,1983,34.7,,4661577
South Sudan,SSD,1984,31.8,,4750626
South Sudan,SSD,1985,32.4,,4834296
South Sudan,SSD,1986,32.8,,4921245
South Sudan,SSD,1987,20.7,,4962397
South Sudan,SSD,1988,11.0,,4848029
South Sudan,SSD,1989,28.2,,4713234
South Sudan,SSD,1990,28.6,,4737637
South Sudan,SSD,1991,29.2,,4836686
South Sudan,SSD,1992,21.9,,4909746
South Sudan,SSD,1993,22.3,,4956006
South Sudan,SSD,1994,44.9,,5071191
South Sudan,SSD,1995,31.5,,5225840
South Sudan,SSD,1996,32.1,,5356925
South Sudan,SSD,1997,33.1,,5509142
South Sudan,SSD,1998,19.0,,5620077
South Sudan,SSD,1999,44.5,,5771632
South Sudan,SSD,2000,47.6,,6032274
South Sudan,SSD,2001,48.6,,6308399
South Sudan,SSD,2002,49.4,,6596810
South Sudan,SSD,2003,52.3,,6903129
South Sudan,SSD,2004,53.1,,7233040
South Sudan,SSD,2005,54.0,,7590147
South Sudan,SSD,2006,54.7,,7976532
South Sudan,SSD,2007,55.4,,8388785
South Sudan,SSD,2008,56.3,,8817645
South Sudan,SSD,2009,56.8,,9243560
South Sudan,SSD,2010,57.5,,9745955
South Sudan,SSD,2011,57.7,,10288112
South Sudan,SSD,2012,58.2,,10756245
South Sudan,SSD,2013,58.3,,11166280
South Sudan,SSD,2014,45.6,,11235071
South Sudan,SSD,2015,39.8,,11107569
South Sudan,SSD,2016,36.7,,10830108
South Sudan,SSD,2017,35.4,,10259150
South Sudan,SSD,2018,51.9,,10122983
South Sudan,SSD,2019,58.1,,10423382
South Sudan,SSD,2020,57.6,,10698471
South Sudan,SSD,2021,57.0,,10865786
South Sudan,SSD,2022,57.2,,11021175
Spain,ESP,1952,64.8,4099.4,28406044
Spain,ESP,1953,65.7,4061.8,28632701
Spain,ESP,1954,66.9,4322.0,28857828
Spain,ESP,1955,66.7,4436.7,29089774
Spain,ESP,1956,66.8,4764.0,29323672
Spain,ESP,1957,66.6,4893.5,29569970
Spain,ESP,1958,68.8,5168.9,29849658
Spain,ESP,1959,68.7,5079.3,30140710
Spain,ESP,1960,69.2,5031.6,30404938
Spain,ESP,1961,69.6,5581.4,30699568
Spain,ESP,1962,69.6,6075.9,31040106
Spain,ESP,1963,69.8,6631.6,31379831
Spain,ESP,1964,70.5,6938.5,31741586
Spain,ESP,1965,70.9,7412.0,32110669
Spain,ESP,1966,71.2,7872.8,32465887
Spain,ESP,1967,71.3,8207.1,32820751
Spain,ESP,1968,71.7,8598.9,33170121
Spain,ESP,1969,71.1,9299.1,33496941
Spain,ESP,1970,72.1,9502.9,33812720
Spain,ESP,1971,71.7,9885.9,34157447
Spain,ESP,1972,73.0,10787.7,34539861
Spain,ESP,1973,72.7,11629.7,34926521
Spain,ESP,1974,73.1,12380.0,35361763
Spain,ESP,1975,73.5,12613.3,35795771
Spain,ESP,1976,73.8,13045.0,36176273
Spain,ESP,1977,74.3,13335.2,36551267
Spain,ESP,1978,74.5,13568.7,36904970
Spain,ESP,1979,75.0,13678.1,37230370
Spain,ESP,1980,75.5,14005.9,37537560
Spain,ESP,1981,75.7,13895.3,37812708
Spain,ESP,1982,76.3,14046.1,38047097
Spain,ESP,1983,76.1,14240.9,38253247
Spain,ESP,1984,76.5,14313.3,38437483
Spain,ESP,1985,76.4,14697.0,38601315
Spain,ESP,1986,76.7,15243.0,38735706
Spain,ESP,1987,77.0,16273.1,38852007
Spain,ESP,1988,76.9,17275.5,38952258
Spain,ESP,1989,77.0,18360.4,39029557
Spain,ESP,1990,77.0,19215.0,39084975
Spain,ESP,1991,77.1,19958.1,39201750
Spain,ESP,1992,77.6,20329.2,39420344
Spain,ESP,1993,77.7,20056.5,39651627
Spain,ESP,1994,78.1,20674.0,39858721
Spain,ESP,1995,78.2,21522.1,40052733
Spain,ESP,1996,78.3,22185.1,40237375
Spain,ESP,1997,78.9,23113.6,40423823
Spain,ESP,1998,78.9,24284.9,40617436
Spain,ESP,1999,78.9,25549.5,40812855
Spain,ESP,2000,79.4,26994.9,41019772
Spain,ESP,2001,79.7,28153.6,41245602
Spain,ESP,2002,79.8,28753.3,41755703
Spain,ESP,2003,79.7,29371.9,42506540
Spain,ESP,2004,80.3,30088.1,43234562
Spain,ESP,2005,80.3,30885.6,43958883
Spain,ESP,2006,81.0,31907.4,44695446
Spain,ESP,2007,81.0,32735.4,45516501
Spain,ESP,2008,81.3,32844.3,46235055
Spain,ESP,2009,81.6,31669.7,46635182
Spain,ESP,2010,82.0,31786.4,46840469
Spain,ESP,2011,82.2,31600.0,46998040
Spain,ESP,2012,82.2,30645.2,47018323
Spain,ESP,2013,82.7,30327.5,46860394
Spain,ESP,2014,82.8,30842.2,46720187
Spain,ESP,2015,82.6,32057.1,46683683
Spain,ESP,2016,83.0,33002.7,46732768
Spain,ESP,2017,83.0,33924.1,46868594
Spain,ESP,2018,83.1,34553.6,47092817
Spain,ESP,2019,83.5,34957.5,47435121
Spain,ESP,2020,82.2,30834.5,47679482
Spain,ESP,2021,83.0,32553.0,47735670
Spain,ESP,2022,82.4,34123.4,47828386
Sri Lanka,LKA,1952,54.9,2093.0,8111562
Sri Lanka,LKA,1953,55.6,2071.0,8275136
Sri Lanka,LKA,1954,56.4,2066.0,8445937
Sri Lanka,LKA,1955,57.2,2131.0,8623328
Sri Lanka,LKA,1956,57.9,2091.0,8807222
Sri Lanka,LKA,1957,58.5,2067.0,9001000
Sri Lanka,LKA,1958,59.3,2074.0,9208815
Sri Lanka,LKA,1959,60.0,2048.0,9430157
Sri Lanka,LKA,1960,60.6,2064.0,9661384
Sri Lanka,LKA,1961,61.2,2050.0,9899372
Sri Lanka,LKA,1962,61.6,2067.0,10143750
Sri Lanka,LKA,1963,62.0,2058.0,10395039
Sri Lanka,LKA,1964,62.4,2104.0,10653403
Sri Lanka,LKA,1965,62.8,2118.0,10916965
Sri Lanka,LKA,1966,63.2,2047.0,11183925
Sri Lanka,LKA,1967,63.6,2181.0,11457329
Sri Lanka,LKA,1968,63.9,2291.0,11736084
Sri Lanka,LKA,1969,64.1,2329.0,12013864
Sri Lanka,LKA,1970,64.4,2389.0,12287113
Sri Lanka,LKA,1971,64.2,2322.0,12551910
Sri Lanka,LKA,1972,64.6,2327.0,12809207
Sri Lanka,LKA,1973,64.8,2378.0,13060920
Sri Lanka,LKA,1974,65.0,2418.0,13305697
Sri Lanka,LKA,1975,65.4,2434.0,13548989
Sri Lanka,LKA,1976,65.8,2464.0,13796776
Sri Lanka,LKA,1977,66.4,2582.0,14049365
Sri Lanka,LKA,1978,66.8,2694.0,14310127
Sri Lanka,LKA,1979,67.5,2815.0,14579616
Sri Lanka,LKA,1980,68.0,2917.0,14847972
Sri Lanka,LKA,1981,68.4,3049.0,15099417
Sri Lanka,LKA,1982,68.7,3151.0,15286571
Sri Lanka,LKA,1983,68.7,3268.0,15388795
Sri Lanka,LKA,1984,68.8,3387.0,15441858
Sri Lanka,LKA,1985,68.9,3484.0,15544152
Sri Lanka,LKA,1986,69.0,3607.0,15731253
Sri Lanka,LKA,1987,69.0,3590.0,15916578
Sri Lanka,LKA,1988,69.0,3633.0,16078624
Sri Lanka,LKA,1989,67.3,3677.0,16248560
Sri Lanka,LKA,1990,69.2,3864.0,16352460
Sri Lanka,LKA,1991,69.1,4215.0,16475354
Sri Lanka,LKA,1992,69.6,4021.0,16739297
Sri Lanka,LKA,1993,70.0,4247.0,17025924
Sri Lanka,LKA,1994,70.2,4500.8,17275777
Sri Lanka,LKA,1995,69.7,4702.3,17564065
Sri Lanka,LKA,1996,69.8,5187.7,17905020
Sri Lanka,LKA,1997,69.9,5628.5,18248205
Sri Lanka,LKA,1998,70.1,5440.2,18596006
Sri Lanka,LKA,1999,70.4,5488.5,18944734
Sri Lanka,LKA,2000,71.2,5841.1,19293056
Sri Lanka,LKA,2001,71.8,5621.0,19600361
Sri Lanka,LKA,2002,72.3,5721.3,19805750
Sri Lanka,LKA,2003,72.4,5963.6,19951521
Sri Lanka,LKA,2004,68.0,6192.0,20087608
Sri Lanka,LKA,2005,73.1,6491.2,20216531
Sri Lanka,LKA,2006,72.8,6904.0,20352416
Sri Lanka,LKA,2007,73.0,7283.6,20492546
Sri Lanka,LKA,2008,72.6,7622.4,20629377
Sri Lanka,LKA,2009,70.3,7796.6,20756438
Sri Lanka,LKA,2010,74.5,8319.7,20879092
Sri Lanka,LKA,2011,74.7,8918.0,21009054
Sri Lanka,LKA,2012,75.2,9599.0,21169461
Sri Lanka,LKA,2013,75.5,9898.5,21358829
Sri Lanka,LKA,2014,75.8,10437.8,21547454
Sri Lanka,LKA,2015,76.0,10784.2,21729975
Sri Lanka,LKA,2016,76.1,11236.1,21910763
Sri Lanka,LKA,2017,76.2,11868.2,22087525
Sri Lanka,LKA,2018,76.5,12051.5,22253116
Sri Lanka,LKA,2019,76.7,11939.6,22410552
Sri Lanka,LKA,2020,76.9,11447.2,22561808
Sri Lanka,LKA,2021,76.3,11751.9,22700377
Sri Lanka,LKA,2022,77.3,10705.5,22834965
Sudan,SDN,1952,46.5,,6568611
Sudan,SDN,1953,46.9,,6765905
Sudan,SDN,1954,47.3,,6969640
Sudan,SDN,1955,47.7,,7181691
Sudan,SDN,1956,48.1,,7401596
Sudan,SDN,1957,48.5,,7629457
Sudan,SDN,1958,48.9,,7863036
Sudan,SDN,1959,49.2,,8106484
Sudan,SDN,1960,49.6,,8364491
Sudan,SDN,1961,50.0,,8634940
Sudan,SDN,1962,50.4,,8919031
Sudan,SDN,1963,50.8,,9218078
Sudan,SDN,1964,50.9,,9531108
Sudan,SDN,1965,51.0,,9858033
Sudan,SDN,1966,51.3,,10197582
Sudan,SDN,1967,51.5,,10550600
Sudan,SDN,1968,51.8,,10918006
Sudan,SDN,1969,52.0,,11298939
Sudan,SDN,1970,52.3,,11695768
Sudan,SDN,1971,52.5,,12105542
Sudan,SDN,1972,52.8,,12527859
Sudan,SDN,1973,53.0,,13049322
Sudan,SDN,1974,53.2,,13580729
Sudan,SDN,1975,53.3,,14064803
Sudan,SDN,1976,53.3,,14569724
Sudan,SDN,1977,53.5,,15086623
Sudan,SDN,1978,53.3,,15695004
Sudan,SDN,1979,53.4,,16355353
Sudan,SDN,1980,54.1,,17058908
Sudan,SDN,1981,54.4,,17780576
Sudan,SDN,1982,54.4,,18486645
Sudan,SDN,1983,49.6,,19109775
Sudan,SDN,1984,49.8,,19546531
Sudan,SDN,1985,50.0,,19905872
Sudan,SDN,1986,54.6,,20288246
Sudan,SDN,1987,54.7,,20704903
Sudan,SDN,1988,55.0,,21138430
Sudan,SDN,1989,54.9,,21578027
Sudan,SDN,1990,55.5,,22021484
Sudan,SDN,1991,55.6,,22470676
Sudan,SDN,1992,56.0,,22927356
Sudan,SDN,1993,56.1,,23445599
Sudan,SDN,1994,57.0,,24043951
Sudan,SDN,1995,57.4,,24672144
Sudan,SDN,1996,57.6,,25231534
Sudan,SDN,1997,58.1,,25799826
Sudan,SDN,1998,58.3,,26458999
Sudan,SDN,1999,58.6,,27130619
Sudan,SDN,2000,58.9,,27816748
Sudan,SDN,2001,59.3,,28516774
Sudan,SDN,2002,59.3,,29228728
Sudan,SDN,2003,58.3,,29896038
Sudan,SDN,2004,56.8,,30556641
Sudan,SDN,2005,57.2,,31262447
Sudan,SDN,2006,60.4,,31992438
Sudan,SDN,2007,61.4,,32764139
Sudan,SDN,2008,61.3,,33623980
Sudan,SDN,2009,62.7,,34569114
Sudan,SDN,2010,63.0,,35414403
Sudan,SDN,2011,63.2,,36140808
Sudan,SDN,2012,63.4,,36923175
Sudan,SDN,2013,63.4,,37785852
Sudan,SDN,2014,64.0,,38823324
Sudan,SDN,2015,64.4,,40024433
Sudan,SDN,2016,64.7,,41259892
Sudan,SDN,2017,65.1,,42714311
Sudan,SDN,2018,65.5,,44230597
Sudan,SDN,2019,65.8,,45548179
Sudan,SDN,2020,65.1,,46789237
Sudan,SDN,2021,64.5,,48066930
Sudan,SDN,2022,65.7,,49383344
Suriname,SUR,1952,51.4,,206364
Suriname,SUR,1953,52.1,,212372
Suriname,SUR,1954,52.8,,218641
Suriname,SUR,1955,53.4,,225202
Suriname,SUR,1956,54.1,,232155
Suriname,SUR,1957,54.7,,239491
Suriname,SUR,1958,55.4,,247245
Suriname,SUR,1959,55.9,,255395
Suriname,SUR,1960,56.6,,263935
Suriname,SUR,1961,57.3,,272796
Suriname,SUR,1962,58.0,,283917
Suriname,SUR,1963,58.5,,297042
Suriname,SUR,1964,58.9,,309046
Suriname,SUR,1965,59.1,,320010
Suriname,SUR,1966,59.2,,331136
Suriname,SUR,1967,59.2,,342687
Suriname,SUR,1968,59.3,,354621
Suriname,SUR,1969,59.4,,366916
Suriname,SUR,1970,59.5,,379451
Suriname,SUR,1971,59.6,,391940
Suriname,SUR,1972,59.7,,397420
Suriname,SUR,1973,59.8,,395776
Suriname,SUR,1974,59.9,,393690
Suriname,SUR,1975,60.0,,391182
Suriname,SUR,1976,60.2,,388296
Suriname,SUR,1977,60.3,,385073
Suriname,SUR,1978,60.4,,381512
Suriname,SUR,1979,60.5,,377607
Suriname,SUR,1980,60.7,,375393
Suriname,SUR,1981,60.8,,375472
Suriname,SUR,1982,60.9,,376566
Suriname,SUR,1983,61.1,,378762
Suriname,SUR,1984,61.2,,382202
Suriname,SUR,1985,61.4,,386982
Suriname,SUR,1986,61.2,,392344
Suriname,SUR,1987,61.3,,396921
Suriname,SUR,1988,61.5,,402231
Suriname,SUR,1989,62.0,,408415
Suriname,SUR,1990,62.1,,412500
Suriname,SUR,1991,62.2,,415021
Suriname,SUR,1992,62.2,,417602
Suriname,SUR,1993,62.4,,419357
Suriname,SUR,1994,62.5,,422382
Suriname,SUR,1995,62.8,,429611
Suriname,SUR,1996,63.1,,438834
Suriname,SUR,1997,63.4,,448068
Suriname,SUR,1998,63.7,,457413
Suriname,SUR,1999,64.0,,466925
Suriname,SUR,2000,64.4,,476647
Suriname,SUR,2001,64.8,,486566
Suriname,SUR,2002,65.3,,496566
Suriname,SUR,2003,65.8,,506421
Suriname,SUR,2004,66.4,,513928
Suriname,SUR,2005,67.0,,519321
Suriname,SUR,2006,67.6,,525003
Suriname,SUR,2007,68.3,,531026
Suriname,SUR,2008,68.9,,537252
Suriname,SUR,2009,69.3,,543580
Suriname,SUR,2010,69.6,,549931
Suriname,SUR,2011,69.8,,556279
Suriname,SUR,2012,70.0,,562640
Suriname,SUR,2013,70.1,,569024
Suriname,SUR,2014,70.3,,575380
Suriname,SUR,2015,70.6,,581634
Suriname,SUR,2016,71.0,,587765
Suriname,SUR,2017,71.2,,593720
Suriname,SUR,2018,71.5,,599519
Suriname,SUR,2019,71.8,,605779
Suriname,SUR,2020,72.3,,612320
Suriname,SUR,2021,68.9,,617905
Suriname,SUR,2022,73.3,,623172
Sweden,SWE,1952,71.8,11152.0,7124674
Sweden,SWE,1953,71.9,11389.0,7171426
Sweden,SWE,1954,72.4,11799.0,7213463
Sweden,SWE,1955,72.6,12060.0,7262328
Sweden,SWE,1956,72.7,12428.0,7315521
Sweden,SWE,1957,72.5,12899.0,7366882
Sweden,SWE,1958,73.2,12884.0,7414351
Sweden,SWE,1959,73.4,13211.0,7453562
Sweden,SWE,1960,73.0,13849.0,7484597
Sweden,SWE,1961,73.5,14564.0,7519996
Sweden,SWE,1962,73.4,15093.0,7561517
Sweden,SWE,1963,73.5,15808.0,7604207
Sweden,SWE,1964,73.7,16761.0,7661190
Sweden,SWE,1965,73.9,17239.0,7733011
Sweden,SWE,1966,74.1,17432.0,7805585
Sweden,SWE,1967,74.1,17883.0,7866403
Sweden,SWE,1968,74.0,18428.0,7912123
Sweden,SWE,1969,74.1,19215.0,7968013
Sweden,SWE,1970,74.7,20269.0,8042783
Sweden,SWE,1971,74.6,20320.0,8098104
Sweden,SWE,1972,74.7,20725.0,8122426
Sweden,SWE,1973,74.9,21509.0,8137166
Sweden,SWE,1974,75.0,22132.0,8160636
Sweden,SWE,1975,75.0,22607.0,8192641
Sweden,SWE,1976,75.0,22765.0,8222392
Sweden,SWE,1977,75.4,22322.0,8251699
Sweden,SWE,1978,75.5,22646.0,8275793
Sweden,SWE,1979,75.5,23465.0,8293749
Sweden,SWE,1980,75.7,23809.0,8310470
Sweden,SWE,1981,76.0,23777.0,8320460
Sweden,SWE,1982,76.3,24002.0,8325179
Sweden,SWE,1983,76.6,24412.0,8328915
Sweden,SWE,1984,76.8,25357.0,8336482
Sweden,SWE,1985,76.7,25805.0,8350249
Sweden,SWE,1986,77.0,26309.0,8369681
Sweden,SWE,1987,77.1,27016.0,8397651
Sweden,SWE,1988,77.0,27468.0,8436358
Sweden,SWE,1989,77.7,27933.0,8492821
Sweden,SWE,1990,77.6,28068.0,8558571
Sweden,SWE,1991,77.7,27614.0,8616955
Sweden,SWE,1992,78.1,27198.5,8667576
Sweden,SWE,1993,78.1,26558.8,8718038
Sweden,SWE,1994,78.7,27506.0,8780190
Sweden,SWE,1995,78.8,28519.4,8826298
Sweden,SWE,1996,79.0,29012.1,8840330
Sweden,SWE,1997,79.3,29862.7,8845525
Sweden,SWE,1998,79.4,31187.2,8850606
Sweden,SWE,1999,79.5,32705.2,8857691
Sweden,SWE,2000,79.7,34202.6,8872099
Sweden,SWE,2001,79.8,34666.7,8896018
Sweden,SWE,2002,79.9,35569.8,8925045
Sweden,SWE,2003,80.2,36435.8,8958434
Sweden,SWE,2004,80.5,38016.1,8993805
Sweden,SWE,2005,80.6,39259.0,9029771
Sweden,SWE,2006,80.8,40992.3,9080628
Sweden,SWE,2007,81.0,42399.8,9148280
Sweden,SWE,2008,81.1,42190.0,9219903
Sweden,SWE,2009,81.4,40116.3,9298738
Sweden,SWE,2010,81.5,42634.8,9378234
Sweden,SWE,2011,81.8,42079.0,9449263
Sweden,SWE,2012,81.7,41523.1,9519477
Sweden,SWE,2013,81.9,41661.8,9600620
Sweden,SWE,2014,82.2,42346.8,9696438
Sweden,SWE,2015,82.2,43782.5,9799483
Sweden,SWE,2016,82.3,44131.0,9923281
Sweden,SWE,2017,82.4,44658.5,10057864
Sweden,SWE,2018,82.5,45003.5,10175400
Sweden,SWE,2019,83.1,45434.4,10279120
Sweden,SWE,2020,82.4,44128.3,10353682
Sweden,SWE,2021,83.0,46226.5,10416134
Sweden,SWE,2022,83.0,47126.1,10487335
Switzerland,CHE,1952,69.6,12016.3,4811615
Switzerland,CHE,1953,69.5,12471.0,4875654
Switzerland,CHE,1954,70.0,13171.4,4938749
Switzerland,CHE,1955,70.1,13999.5,5002118
Switzerland,CHE,1956,70.2,14507.1,5065624
Switzerland,CHE,1957,70.5,14667.6,5130171
Switzerland,CHE,1958,71.3,14644.5,5196450
Switzerland,CHE,1959,71.5,15469.6,5262809
Switzerland,CHE,1960,71.4,16358.4,5327777
Switzerland,CHE,1961,71.7,17307.6,5434125
Switzerland,CHE,1962,71.3,17794.0,5573701
Switzerland,CHE,1963,71.3,18437.8,5694163
Switzerland,CHE,1964,72.2,19195.4,5789153
Switzerland,CHE,1965,72.3,19802.5,5856414
Switzerland,CHE,1966,72.4,20224.5,5917969
Switzerland,CHE,1967,72.7,20742.3,5991733
Switzerland,CHE,1968,72.7,21395.4,6067657
Switzerland,CHE,1969,72.7,22307.7,6136353
Switzerland,CHE,1970,73.1,23479.0,6180922
Switzerland,CHE,1971,73.2,24487.0,6213536
Switzerland,CHE,1972,73.8,25356.9,6261086
Switzerland,CHE,1973,74.1,26003.7,6307408
Switzerland,CHE,1974,74.4,25718.3,6341381
Switzerland,CHE,1975,74.8,24468.0,6338600
Switzerland,CHE,1976,74.9,24752.9,6302556
Switzerland,CHE,1977,75.4,25430.6,6281365
Switzerland,CHE,1978,75.3,26158.8,6282045
Switzerland,CHE,1979,75.6,26641.1,6294719
Switzerland,CHE,1980,75.6,27405.7,6319848
Switzerland,CHE,1981,75.8,27729.6,6354561
Switzerland,CHE,1982,76.2,27661.0,6391805
Switzerland,CHE,1983,76.2,28009.3,6419309
Switzerland,CHE,1984,76.8,28315.1,6442419
Switzerland,CHE,1985,76.9,29416.8,6470959
Switzerland,CHE,1986,77.0,30848.0,6504748
Switzerland,CHE,1987,77.3,31774.4,6545771
Switzerland,CHE,1988,77.4,32482.9,6594145
Switzerland,CHE,1989,77.6,33315.6,6647787
Switzerland,CHE,1990,77.4,34250.0,6713168
Switzerland,CHE,1991,77.6,34128.6,6796942
Switzerland,CHE,1992,77.9,34356.8,6875049
Switzerland,CHE,1993,78.2,34625.5,6938106
Switzerland,CHE,1994,78.5,35423.8,6993594
Switzerland,CHE,1995,78.6,36004.2,7040481
Switzerland,CHE,1996,79.0,36720.5,7071885
Switzerland,CHE,1997,79.2,38165.5,7089161
Switzerland,CHE,1998,79.5,39890.5,7110294
Switzerland,CHE,1999,79.7,41091.6,7144119
Switzerland,CHE,2000,79.8,43251.1,7184003
Switzerland,CHE,2001,80.3,44398.6,7226391
Switzerland,CHE,2002,80.4,44934.3,7278744
Switzerland,CHE,2003,80.5,45441.6,7333451
Switzerland,CHE,2004,81.1,47263.6,7384196
Switzerland,CHE,2005,81.2,49273.9,7431824
Switzerland,CHE,2006,81.5,51863.0,7478514
Switzerland,CHE,2007,81.7,54509.5,7545386
Switzerland,CHE,2008,82.0,56054.9,7641730
Switzerland,CHE,2009,82.0,55171.5,7737644
Switzerland,CHE,2010,82.3,57219.5,7825750
Switzerland,CHE,2011,82.6,58686.0,7914379
Switzerland,CHE,2012,82.6,58750.9,7998927
Switzerland,CHE,2013,82.7,59120.1,8091199
Switzerland,CHE,2014,83.1,59775.5,8190238
Switzerland,CHE,2015,82.8,60070.9,8283940
Switzerland,CHE,2016,83.4,60647.6,8374903
Switzerland,CHE,2017,83.4,60903.2,8453630
Switzerland,CHE,2018,83.6,62185.5,8516341
Switzerland,CHE,2019,83.8,62448.6,8577525
Switzerland,CHE,2020,83.1,60521.3,8640582
Switzerland,CHE,2021,83.6,62595.3,8707019
Switzerland,CHE,2022,83.2,63323.3,8792180
Syria,SYR,1952,44.3,4441.0,3765240
Syria,SYR,1953,45.3,4916.0,3852829
Syria,SYR,1954,46.4,5504.0,3947873
Syria,SYR,1955,47.4,4844.0,4050600
Syria,SYR,1956,48.5,5592.0,4160633
Syria,SYR,1957,49.6,5781.0,4277735
Syria,SYR,1958,50.7,4844.0,4401997
Syria,SYR,1959,51.7,4881.0,4533776
Syria,SYR,1960,52.7,4819.0,4673502
Syria,SYR,1961,53.7,5050.0,4815459
Syria,SYR,1962,54.6,6051.0,4959340
Syria,SYR,1963,55.4,5855.0,5110471
Syria,SYR,1964,56.2,5797.0,5269094
Syria,SYR,1965,56.9,5598.0,5435268
Syria,SYR,1966,57.6,5004.0,5609050
Syria,SYR,1967,58.0,5246.0,5790195
Syria,SYR,1968,59.1,5270.0,5978741
Syria,SYR,1969,59.8,6059.0,6175173
Syria,SYR,1970,60.6,5643.0,6380612
Syria,SYR,1971,61.3,5992.0,6598098
Syria,SYR,1972,62.0,7243.0,6826032
Syria,SYR,1973,60.8,6403.0,7060328
Syria,SYR,1974,63.4,7685.0,7302158
Syria,SYR,1975,64.2,8878.0,7554368
Syria,SYR,1976,64.8,9526.0,7817317
Syria,SYR,1977,65.4,9094.0,8090507
Syria,SYR,1978,65.9,9561.0,8372761
Syria,SYR,1979,66.2,9580.0,8661911
Syria,SYR,1980,66.5,10374.0,8957664
Syria,SYR,1981,64.6,10984.0,9260187
Syria,SYR,1982,60.8,10817.0,9572513
Syria,SYR,1983,67.4,10581.0,9904814
Syria,SYR,1984,67.7,9792.0,10258406
Syria,SYR,1985,68.0,10026.0,10625673
Syria,SYR,1986,68.4,9200.0,11002842
Syria,SYR,1987,68.8,9055.0,11388916
Syria,SYR,1988,69.2,9913.0,11782269
Syria,SYR,1989,69.5,8735.0,12179070
Syria,SYR,1990,69.8,9087.0,12579212
Syria,SYR,1991,70.1,9424.1,12980824
Syria,SYR,1992,70.2,10002.3,13385570
Syria,SYR,1993,70.3,10072.5,13795687
Syria,SYR,1994,70.3,9969.4,14208585
Syria,SYR,1995,70.2,9856.5,14616804
Syria,SYR,1996,70.2,9517.4,15018110
Syria,SYR,1997,70.2,8826.8,15417539
Syria,SYR,1998,70.2,8743.0,15820409
Syria,SYR,1999,70.5,7960.3,16228064
Syria,SYR,2000,70.9,7668.1,16637884
Syria,SYR,2001,71.3,7509.3,17051337
Syria,SYR,2002,71.7,7529.7,17468335
Syria,SYR,2003,72.2,6986.5,17889297
Syria,SYR,2004,72.5,7051.4,18336879
Syria,SYR,2005,72.8,7037.7,18814092
Syria,SYR,2006,73.0,6901.8,19637016
Syria,SYR,2007,73.3,6779.5,20884136
Syria,SYR,2008,73.4,6600.4,21636566
Syria,SYR,2009,73.5,6586.5,21976971
Syria,SYR,2010,73.5,6520.6,22482417
Syria,SYR,2011,72.3,5979.0,22878104
Syria,SYR,2012,66.2,4443.7,22759763
Syria,SYR,2013,65.1,3487.7,21666921
Syria,SYR,2014,65.5,3384.4,20273661
Syria,SYR,2015,63.3,3464.0,19424615
Syria,SYR,2016,65.2,3380.6,19193835
Syria,SYR,2017,65.7,3422.2,19224671
Syria,SYR,2018,67.4,3418.7,19577849
Syria,SYR,2019,71.0,3385.4,20353536
Syria,SYR,2020,71.9,2903.7,21049431
Syria,SYR,2021,72.4,2682.3,21628837
Syria,SYR,2022,72.8,2494.8,22462170
Taiwan,TWN,1952,57.9,1639.0,8148997
Taiwan,TWN,1953,58.6,1728.0,8451375
Taiwan,TWN,1954,58.9,1825.0,8767773
Taiwan,TWN,1955,59.8,1895.0,9104136
Taiwan,TWN,1956,60.3,1926.0,9465707
Taiwan,TWN,1957,61.0,1997.0,9850527
Taiwan,TWN,1958,61.0,2056.0,10246160
Taiwan,TWN,1959,61.6,2118.0,10644179
Taiwan,TWN,1960,62.5,2157.0,11046263
Taiwan,TWN,1961,63.0,2228.0,11453506
Taiwan,TWN,1962,63.8,2326.0,11866670
Taiwan,TWN,1963,64.5,2463.0,12285726
Taiwan,TWN,1964,64.9,2676.0,12706682
Taiwan,TWN,1965,65.7,2885.0,13124808
Taiwan,TWN,1966,66.1,3054.0,13537706
Taiwan,TWN,1967,66.7,3300.0,13901473
Taiwan,TWN,1968,66.8,3484.0,14215584
Taiwan,TWN,1969,67.7,3720.0,14523608
Taiwan,TWN,1970,69.0,4044.0,14815755
Taiwan,TWN,1971,69.4,4470.0,15121137
Taiwan,TWN,1972,69.6,4962.0,15450618
Taiwan,TWN,1973,69.8,5496.0,15772691
Taiwan,TWN,1974,70.3,5455.0,16082315
Taiwan,TWN,1975,70.9,5614.0,16365267
Taiwan,TWN,1976,71.2,6245.0,16671501
Taiwan,TWN,1977,71.3,6752.0,17020095
Taiwan,TWN,1978,71.7,7519.0,17373729
Taiwan,TWN,1979,71.7,7967.0,17735789
Taiwan,TWN,1980,72.0,8384.0,18086521
Taiwan,TWN,1981,72.0,8749.0,18412829
Taiwan,TWN,1982,72.4,8910.0,18723986
Taiwan,TWN,1983,72.4,9530.0,19022629
Taiwan,TWN,1984,73.0,10394.0,19306762
Taiwan,TWN,1985,73.3,10779.0,19571695
Taiwan,TWN,1986,73.3,11918.0,19805981
Taiwan,TWN,1987,73.6,13705.0,20015820
Taiwan,TWN,1988,73.4,14183.0,20223658
Taiwan,TWN,1989,73.7,15203.0,20418913
Taiwan,TWN,1990,73.9,15841.0,20594907
Taiwan,TWN,1991,74.3,16934.8,20781752
Taiwan,TWN,1992,74.3,18101.3,20982088
Taiwan,TWN,1993,74.6,19087.6,21174678
Taiwan,TWN,1994,74.7,20269.3,21357145
Taiwan,TWN,1995,74.6,21329.7,21534497
Taiwan,TWN,1996,74.9,22390.1,21709270
Taiwan,TWN,1997,75.3,23437.8,21885332
Taiwan,TWN,1998,75.5,24131.2,22049226
Taiwan,TWN,1999,75.6,25471.8,22203788
Taiwan,TWN,2000,76.1,26787.4,22332873
Taiwan,TWN,2001,76.5,26204.0,22446254
Taiwan,TWN,2002,76.9,27425.8,22566898
Taiwan,TWN,2003,77.0,28348.9,22664130
Taiwan,TWN,2004,77.2,29975.1,22745432
Taiwan,TWN,2005,77.1,31374.5,22824932
Taiwan,TWN,2006,77.8,32867.4,22914644
Taiwan,TWN,2007,78.0,34761.3,23006921
Taiwan,TWN,2008,78.3,34762.4,23086238
Taiwan,TWN,2009,78.7,33974.5,23164353
Taiwan,TWN,2010,79.0,37385.5,23224049
Taiwan,TWN,2011,78.9,38565.0,23273078
Taiwan,TWN,2012,79.2,39291.2,23345963
Taiwan,TWN,2013,79.6,40140.7,23416870
Taiwan,TWN,2014,79.5,41930.8,23472811
Taiwan,TWN,2015,79.9,42438.5,23529260
Taiwan,TWN,2016,79.7,43262.2,23586140
Taiwan,TWN,2017,80.1,44618.3,23632950
Taiwan,TWN,2018,80.4,45817.9,23659308
Taiwan,TWN,2019,80.6,47200.3,23674137
Taiwan,TWN,2020,81.1,48779.4,23663461
Taiwan,TWN,2021,80.8,51943.9,23558330
Taiwan,TWN,2022,80.2,53143.0,23420107
Tajikistan,TJK,1952,49.9,,1645586
Tajikistan,TJK,1953,50.2,,1701050
Tajikistan,TJK,1954,50.5,,1755691
Tajikistan,TJK,1955,50.8,,1810237
Tajikistan,TJK,1956,51.1,,1865440
Tajikistan,TJK,1957,51.4,,1922135
Tajikistan,TJK,1958,51.8,,1981670
Tajikistan,TJK,1959,52.2,,2045286
Tajikistan,TJK,1960,52.5,,2112136
Tajikistan,TJK,1961,52.9,,2181813
Tajikistan,TJK,1962,53.4,,2255032
Tajikistan,TJK,1963,53.8,,2331737
Tajikistan,TJK,1964,54.2,,2411270
Tajikistan,TJK,1965,54.7,,2493004
Tajikistan,TJK,1966,55.1,,2577187
Tajikistan,TJK,1967,55.5,,2664141
Tajikistan,TJK,1968,55.9,,2753847
Tajikistan,TJK,1969,56.3,,2845276
Tajikistan,TJK,1970,56.6,,2936784
Tajikistan,TJK,1971,56.9,,3028841
Tajikistan,TJK,1972,57.2,,3123696
Tajikistan,TJK,1973,57.4,6527.0,3222299
Tajikistan,TJK,1974,57.7,,3324503
Tajikistan,TJK,1975,57.9,,3430428
Tajikistan,TJK,1976,58.1,,3540077
Tajikistan,TJK,1977,58.2,,3653264
Tajikistan,TJK,1978,58.4,,3768514
Tajikistan,TJK,1979,58.5,,3882697
Tajikistan,TJK,1980,58.6,5746.0,3995258
Tajikistan,TJK,1981,58.8,5622.0,4109026
Tajikistan,TJK,1982,60.2,5498.0,4227177
Tajikistan,TJK,1983,60.5,5547.0,4350877
Tajikistan,TJK,1984,60.7,5469.0,4480027
Tajikistan,TJK,1985,61.0,5364.0,4619006
Tajikistan,TJK,1986,61.8,5319.0,4772150
Tajikistan,TJK,1987,61.6,5040.0,4939063
Tajikistan,TJK,1988,61.8,5515.0,5114988
Tajikistan,TJK,1989,61.7,4962.0,5267255
Tajikistan,TJK,1990,61.6,4803.0,5398773
Tajikistan,TJK,1991,61.7,4270.4,5541200
Tajikistan,TJK,1992,57.1,2832.7,5649397
Tajikistan,TJK,1993,55.5,2482.4,5725001
Tajikistan,TJK,1994,60.1,1928.3,5825371
Tajikistan,TJK,1995,61.4,1666.2,5948588
Tajikistan,TJK,1996,60.8,1559.5,6066524
Tajikistan,TJK,1997,61.9,1552.6,6139829
Tajikistan,TJK,1998,62.4,1589.3,6176403
Tajikistan,TJK,1999,63.1,1621.3,6208373
Tajikistan,TJK,2000,63.5,1723.4,6284737
Tajikistan,TJK,2001,64.2,1845.5,6407376
Tajikistan,TJK,2002,64.9,1982.9,6531674
Tajikistan,TJK,2003,65.9,2135.9,6658575
Tajikistan,TJK,2004,66.6,2301.3,6790555
Tajikistan,TJK,2005,66.5,2416.9,6924722
Tajikistan,TJK,2006,67.0,2524.8,7057566
Tajikistan,TJK,2007,67.4,2647.2,7194479
Tajikistan,TJK,2008,67.9,2801.8,7338402
Tajikistan,TJK,2009,68.2,2853.9,7490232
Tajikistan,TJK,2010,68.4,2975.9,7652144
Tajikistan,TJK,2011,68.7,3111.0,7824788
Tajikistan,TJK,2012,69.1,3283.9,8014087
Tajikistan,TJK,2013,69.6,3464.2,8216733
Tajikistan,TJK,2014,69.7,3631.9,8425559
Tajikistan,TJK,2015,69.7,3784.3,8643839
Tajikistan,TJK,2016,70.0,3978.6,8865623
Tajikistan,TJK,2017,70.5,4192.4,9085942
Tajikistan,TJK,2018,70.7,4440.2,9307345
Tajikistan,TJK,2019,71.0,4695.5,9529970
Tajikistan,TJK,2020,68.6,4828.4,9749312
Tajikistan,TJK,2021,69.6,5205.6,9966912
Tajikistan,TJK,2022,71.6,5507.5,10182228
Tanzania,TZA,1952,41.4,740.0,8009083
Tanzania,TZA,1953,41.5,697.0,8213117
Tanzania,TZA,1954,41.7,735.0,8424792
Tanzania,TZA,1955,41.8,733.0,8644856
Tanzania,TZA,1956,42.0,724.0,8874780
Tanzania,TZA,1957,42.1,720.0,9115792
Tanzania,TZA,1958,42.3,708.0,9367596
Tanzania,TZA,1959,42.5,724.0,9629269
Tanzania,TZA,1960,42.6,732.0,9901422
Tanzania,TZA,1961,42.8,703.0,10187889
Tanzania,TZA,1962,43.2,746.0,10487756
Tanzania,TZA,1963,43.6,770.0,10799530
Tanzania,TZA,1964,44.1,787.0,11127827
Tanzania,TZA,1965,44.5,792.0,11470726
Tanzania,TZA,1966,44.9,867.0,11827462
Tanzania,TZA,1967,45.2,875.0,12200114
Tanzania,TZA,1968,45.6,894.0,12602077
Tanzania,TZA,1969,46.0,883.0,13036701
Tanzania,TZA,1970,46.5,905.0,13492674
Tanzania,TZA,1971,47.0,915.0,13971453
Tanzania,TZA,1972,47.4,945.0,14479311
Tanzania,TZA,1973,47.9,945.0,15010099
Tanzania,TZA,1974,48.4,937.0,15561633
Tanzania,TZA,1975,48.9,956.0,16138364
Tanzania,TZA,1976,49.5,996.0,16736216
Tanzania,TZA,1977,50.0,993.0,17352936
Tanzania,TZA,1978,50.4,993.0,17976569
Tanzania,TZA,1979,50.8,977.0,18592045
Tanzania,TZA,1980,51.3,958.0,19189769
Tanzania,TZA,1981,51.7,920.0,19784713
Tanzania,TZA,1982,52.0,905.0,20398574
Tanzania,TZA,1983,52.2,875.0,21079877
Tanzania,TZA,1984,52.2,870.0,21779064
Tanzania,TZA,1985,52.2,843.0,22501696
Tanzania,TZA,1986,52.2,845.0,23258959
Tanzania,TZA,1987,52.2,859.0,24030376
Tanzania,TZA,1988,52.2,867.0,24769690
Tanzania,TZA,1989,52.1,870.0,25438759
Tanzania,TZA,1990,52.0,875.0,26110210
Tanzania,TZA,1991,51.8,891.9,26780440
Tanzania,TZA,1992,51.4,895.5,27457599
Tanzania,TZA,1993,51.2,900.4,28332691
Tanzania,TZA,1994,51.1,904.8,29442357
Tanzania,TZA,1995,51.0,931.0,30383496
Tanzania,TZA,1996,51.1,979.7,30945761
Tanzania,TZA,1997,51.2,1017.2,31578093
Tanzania,TZA,1998,51.8,1052.1,32420461
Tanzania,TZA,1999,52.4,1100.4,33300335
Tanzania,TZA,2000,53.2,1148.7,34260142
Tanzania,TZA,2001,54.1,1213.6,35198303
Tanzania,TZA,2002,54.9,1293.2,36121301
Tanzania,TZA,2003,55.9,1369.9,37089555
Tanzania,TZA,2004,56.8,1464.4,38109666
Tanzania,TZA,2005,57.7,1554.2,39182083
Tanzania,TZA,2006,58.5,1622.0,40294900
Tanzania,TZA,2007,59.3,1754.5,41435508
Tanzania,TZA,2008,59.9,1848.2,42570728
Tanzania,TZA,2009,60.5,1946.8,43633975
Tanzania,TZA,2010,61.1,2068.9,44758491
Tanzania,TZA,2011,61.6,2227.0,46029371
Tanzania,TZA,2012,62.3,2271.5,47374261
Tanzania,TZA,2013,62.8,2353.3,48824134
Tanzania,TZA,2014,63.4,2436.5,50351506
Tanzania,TZA,2015,63.9,2506.0,52020958
Tanzania,TZA,2016,64.4,2592.7,53824012
Tanzania,TZA,2017,65.0,2683.1,55652888
Tanzania,TZA,2018,65.5,2785.2,57437134
Tanzania,TZA,2019,66.0,2894.6,59174889
Tanzania,TZA,2020,66.8,2948.5,60972803
Tanzania,TZA,2021,66.1,3008.1,62830410
Tanzania,TZA,2022,66.9,3057.3,64711822
Thailand,THA,1952,46.5,1385.0,21527583
Thailand,THA,1953,47.1,1490.0,22109323
Thailand,THA,1954,47.6,1431.0,22713340
Thailand,THA,1955,48.1,1506.0,23343179
Thailand,THA,1956,48.6,1482.0,23997266
Thailand,THA,1957,49.1,1451.0,24674831
Thailand,THA,1958,49.5,1457.0,25367008
Thailand,THA,1959,50.1,1581.0,26088018
Thailand,THA,1960,50.6,1718.0,26851751
Thailand,THA,1961,51.1,1753.0,27650335
Thailand,THA,1962,51.4,1831.0,28481048
Thailand,THA,1963,52.0,1921.0,29342315
Thailand,THA,1964,52.5,1991.0,30232136
Thailand,THA,1965,53.1,2085.0,31149337
Thailand,THA,1966,53.7,2251.0,32086073
Thailand,THA,1967,54.3,2369.0,33037797
Thailand,THA,1968,55.0,2488.0,34002562
Thailand,THA,1969,55.7,2608.0,34973784
Thailand,THA,1970,56.5,2700.0,35954411
Thailand,THA,1971,57.1,2750.0,36937392
Thailand,THA,1972,57.7,2786.0,37933932
Thailand,THA,1973,58.3,2987.0,38947791
Thailand,THA,1974,59.0,3045.0,39952896
Thailand,THA,1975,59.7,3123.0,40939999
Thailand,THA,1976,60.4,3333.0,41896511
Thailand,THA,1977,60.9,3585.0,42843973
Thailand,THA,1978,61.3,3861.0,43788976
Thailand,THA,1979,61.7,3979.0,44718436
Thailand,THA,1980,62.2,4071.0,45650031
Thailand,THA,1981,62.9,4230.0,46575851
Thailand,THA,1982,63.6,4375.0,47494577
Thailand,THA,1983,64.5,4538.0,48423309
Thailand,THA,1984,65.5,4720.0,49351711
Thailand,THA,1985,66.5,4862.0,50270754
Thailand,THA,1986,67.3,5053.0,51177832
Thailand,THA,1987,67.8,5453.0,52074109
Thailand,THA,1988,68.2,6089.0,52969595
Thailand,THA,1989,68.6,6735.0,53848955
Thailand,THA,1990,68.9,7385.0,54738329
Thailand,THA,1991,69.1,7849.7,55637436
Thailand,THA,1992,69.4,8409.0,56528832
Thailand,THA,1993,69.6,8964.3,57408198
Thailand,THA,1994,69.7,9499.5,58260855
Thailand,THA,1995,69.8,10080.2,59098231
Thailand,THA,1996,69.9,10458.4,59920059
Thailand,THA,1997,70.4,9995.6,60724588
Thailand,THA,1998,70.7,9077.7,61522632
Thailand,THA,1999,71.0,9347.1,62299039
Thailand,THA,2000,71.2,9627.1,63007815
Thailand,THA,2001,71.5,9818.7,63651137
Thailand,THA,2002,71.8,10276.4,64266433
Thailand,THA,2003,72.1,10868.8,64868164
Thailand,THA,2004,72.1,11408.3,65452049
Thailand,THA,2005,72.9,11742.1,66017415
Thailand,THA,2006,73.3,12180.7,66567685
Thailand,THA,2007,73.8,12694.7,67102388
Thailand,THA,2008,74.2,12768.1,67619835
Thailand,THA,2009,74.7,12543.4,68121077
Thailand,THA,2010,75.0,13343.5,68579443
Thailand,THA,2011,75.3,13318.0,69007212
Thailand,THA,2012,75.6,14202.3,69436091
Thailand,THA,2013,76.0,14504.2,69845112
Thailand,THA,2014,76.3,14572.0,70216362
Thailand,THA,2015,76.6,14960.9,70540787
Thailand,THA,2016,76.8,15411.5,70859835
Thailand,THA,2017,77.0,15994.5,71160183
Thailand,THA,2018,77.2,16610.0,71376081
Thailand,THA,2019,77.2,16905.3,71522264
Thailand,THA,2020,77.3,15815.9,71641484
Thailand,THA,2021,77.6,16019.5,71727338
Thailand,THA,2022,75.3,16421.1,71735321
Togo,TGO,1952,42.2,899.0,1449922
Togo,TGO,1953,42.3,913.0,1476069
Togo,TGO,1954,42.5,928.0,1502761
Togo,TGO,1955,42.7,940.0,1529948
Togo,TGO,1956,42.8,955.0,1557633
Togo,TGO,1957,42.9,969.0,1585871
Togo,TGO,1958,43.1,982.0,1614630
Togo,TGO,1959,43.3,995.0,1643753
Togo,TGO,1960,43.5,1058.0,1673110
Togo,TGO,1961,43.7,1103.0,1702713
Togo,TGO,1962,44.0,1117.0,1732956
Togo,TGO,1963,44.3,1143.0,1765060
Togo,TGO,1964,44.6,1275.0,1799407
Togo,TGO,1965,44.9,1412.0,1835587
Togo,TGO,1966,45.2,1503.0,1873490
Togo,TGO,1967,45.6,1546.0,1912768
Togo,TGO,1968,46.0,1581.0,1953523
Togo,TGO,1969,46.4,1707.0,2043417
Togo,TGO,1970,46.8,1631.0,2149480
Togo,TGO,1971,47.2,1699.0,2219828
Togo,TGO,1972,47.7,1709.0,2283857
Togo,TGO,1973,48.1,1591.0,2344511
Togo,TGO,1974,48.6,1612.0,2404290
Togo,TGO,1975,49.0,1556.0,2463792
Togo,TGO,1976,49.5,1505.0,2523483
Togo,TGO,1977,50.2,1543.0,2583984
Togo,TGO,1978,50.9,1650.0,2646505
Togo,TGO,1979,51.5,1698.0,2714356
Togo,TGO,1980,52.1,1572.0,2791409
Togo,TGO,1981,52.8,1423.0,2879439
Togo,TGO,1982,53.3,1323.0,2961651
Togo,TGO,1983,53.8,1211.0,3033081
Togo,TGO,1984,54.1,1239.0,3105744
Togo,TGO,1985,54.4,1240.0,3194544
Togo,TGO,1986,54.6,1237.0,3296341
Togo,TGO,1987,54.8,1165.0,3397614
Togo,TGO,1988,54.9,1239.0,3501544
Togo,TGO,1989,54.7,1246.0,3606911
Togo,TGO,1990,54.6,1275.0,3714023
Togo,TGO,1991,54.3,1249.2,3822637
Togo,TGO,1992,54.1,1181.9,3932581
Togo,TGO,1993,53.9,1003.2,3887976
Togo,TGO,1994,53.7,1145.8,3904183
Togo,TGO,1995,53.7,1170.6,4110452
Togo,TGO,1996,53.8,1215.7,4291129
Togo,TGO,1997,53.8,1226.3,4438798
Togo,TGO,1998,54.0,1174.9,4551633
Togo,TGO,1999,54.3,1183.0,4665757
Togo,TGO,2000,54.6,1150.4,4783721
Togo,TGO,2001,54.7,1115.6,4904135
Togo,TGO,2002,55.0,1081.7,5027128
Togo,TGO,2003,55.3,1114.5,5154113
Togo,TGO,2004,55.6,1121.8,5281320
Togo,TGO,2005,55.9,1119.8,5413151
Togo,TGO,2006,56.1,1144.9,5569659
Togo,TGO,2007,56.4,1145.9,5748437
Togo,TGO,2008,56.7,1150.4,5936140
Togo,TGO,2009,56.9,1165.9,6130944
Togo,TGO,2010,57.2,1191.1,6325791
Togo,TGO,2011,57.6,1227.0,6500577
Togo,TGO,2012,57.9,1263.0,6653719
Togo,TGO,2013,58.3,1292.0,6798851
Togo,TGO,2014,58.8,1334.0,6937647
Togo,TGO,2015,59.2,1370.0,7071500
Togo,TGO,2016,59.7,1413.0,7200883
Togo,TGO,2017,60.1,1433.8,7324379
Togo,TGO,2018,60.6,1466.3,7458205
Togo,TGO,2019,61.1,1501.9,7619916
Togo,TGO,2020,61.1,1482.8,7788058
Togo,TGO,2021,61.3,1534.8,7936185
Togo,TGO,2022,62.3,1586.6,8068616
Tokelau,TKL,1952,55.5,,1586
Tokelau,TKL,1953,55.8,,1598
Tokelau,TKL,1954,56.2,,1606
Tokelau,TKL,1955,56.6,,1616
Tokelau,TKL,1956,57.0,,1625
Tokelau,TKL,1957,57.4,,1655
Tokelau,TKL,1958,57.8,,1703
Tokelau,TKL,1959,58.2,,1749
Tokelau,TKL,1960,58.6,,1805
Tokelau,TKL,1961,59.0,,1857
Tokelau,TKL,1962,59.4,,1887
Tokelau,TKL,1963,59.8,,1902
Tokelau,TKL,1964,60.1,,1910
Tokelau,TKL,1965,60.5,,1919
Tokelau,TKL,1966,60.9,,1918
Tokelau,TKL,1967,61.3,,1894
Tokelau,TKL,1968,61.6,,1844
Tokelau,TKL,1969,62.0,,1795
Tokelau,TKL,1970,62.3,,1740
Tokelau,TKL,1971,62.6,,1684
Tokelau,TKL,1972,62.8,,1663
Tokelau,TKL,1973,63.0,,1664
Tokelau,TKL,1974,63.3,,1664
Tokelau,TKL,1975,63.5,,1661
Tokelau,TKL,1976,63.7,,1660
Tokelau,TKL,1977,64.0,,1671
Tokelau,TKL,1978,64.4,,1681
Tokelau,TKL,1979,64.7,,1685
Tokelau,TKL,1980,65.2,,1679
Tokelau,TKL,1981,65.6,,1680
Tokelau,TKL,1982,66.1,,1686
Tokelau,TKL,1983,66.5,,1709
Tokelau,TKL,1984,66.9,,1748
Tokelau,TKL,1985,67.3,,1781
Tokelau,TKL,1986,67.7,,1803
Tokelau,TKL,1987,68.1,,1798
Tokelau,TKL,1988,68.5,,1787
Tokelau,TKL,1989,69.0,,1782
Tokelau,TKL,1990,69.4,,1785
Tokelau,TKL,1991,69.8,,1792
Tokelau,TKL,1992,70.2,,1797
Tokelau,TKL,1993,70.6,,1795
Tokelau,TKL,1994,70.9,,1790
Tokelau,TKL,1995,71.2,,1792
Tokelau,TKL,1996,71.5,,1795
Tokelau,TKL,1997,71.7,,1803
Tokelau,TKL,1998,71.8,,1817
Tokelau,TKL,1999,72.0,,1844
Tokelau,TKL,2000,72.2,,1866
Tokelau,TKL,2001,72.4,,1887
Tokelau,TKL,2002,72.7,,1864
Tokelau,TKL,2003,72.9,,1793
Tokelau,TKL,2004,73.1,,1726
Tokelau,TKL,2005,73.3,,1652
Tokelau,TKL,2006,73.6,,1593
Tokelau,TKL,2007,73.8,,1573
Tokelau,TKL,2008,74.0,,1585
Tokelau,TKL,2009,74.3,,1597
Tokelau,TKL,2010,74.5,,1610
Tokelau,TKL,2011,74.8,,1625
Tokelau,TKL,2012,75.0,,1681
Tokelau,TKL,2013,75.3,,1749
Tokelau,TKL,2014,75.5,,1748
Tokelau,TKL,2015,75.7,,1719
Tokelau,TKL,2016,75.9,,1703
Tokelau,TKL,2017,76.1,,1767
Tokelau,TKL,2018,76.2,,1902
Tokelau,TKL,2019,76.5,,2038
Tokelau,TKL,2020,76.6,,2152
Tokelau,TKL,2021,76.7,,2225
Tokelau,TKL,2022,76.9,,2312
Tonga,TON,1952,51.2,,52379
Tonga,TON,1953,52.4,,53895
Tonga,TON,1954,53.6,,55536
Tonga,TON,1955,54.7,,57277
Tonga,TON,1956,55.7,,59118
Tonga,TON,1957,56.5,,60901
Tonga,TON,1958,57.2,,62601
Tonga,TON,1959,57.8,,64368
Tonga,TON,1960,58.3,,66187
Tonga,TON,1961,58.8,,68054
Tonga,TON,1962,59.3,,69958
Tonga,TON,1963,59.8,,71904
Tonga,TON,1964,60.3,,73891
Tonga,TON,1965,60.7,,75942
Tonga,TON,1966,61.2,,78019
Tonga,TON,1967,61.7,,79831
Tonga,TON,1968,62.2,,81367
Tonga,TON,1969,62.7,,82905
Tonga,TON,1970,63.2,,84416
Tonga,TON,1971,63.6,,85914
Tonga,TON,1972,64.1,,87369
Tonga,TON,1973,64.4,,88818
Tonga,TON,1974,64.8,,90699
Tonga,TON,1975,65.1,,93032
Tonga,TON,1976,65.4,,95343
Tonga,TON,1977,65.6,,96740
Tonga,TON,1978,65.9,,97222
Tonga,TON,1979,66.0,,97564
Tonga,TON,1980,66.2,,97785
Tonga,TON,1981,66.4,,97930
Tonga,TON,1982,66.3,,98000
Tonga,TON,1983,66.7,,98016
Tonga,TON,1984,66.8,,98008
Tonga,TON,1985,66.9,,98000
Tonga,TON,1986,67.1,,98025
Tonga,TON,1987,67.2,,98394
Tonga,TON,1988,67.3,,98985
Tonga,TON,1989,67.4,,99419
Tonga,TON,1990,67.5,,99717
Tonga,TON,1991,67.7,,99911
Tonga,TON,1992,67.9,,100045
Tonga,TON,1993,68.2,,100120
Tonga,TON,1994,68.4,,100187
Tonga,TON,1995,68.6,,100240
Tonga,TON,1996,68.8,,100294
Tonga,TON,1997,69.0,,100691
Tonga,TON,1998,69.2,,101406
Tonga,TON,1999,69.4,,102058
Tonga,TON,2000,69.6,,102695
Tonga,TON,2001,69.8,,103305
Tonga,TON,2002,70.0,,103888
Tonga,TON,2003,70.2,,104481
Tonga,TON,2004,70.4,,105088
Tonga,TON,2005,70.6,,105684
Tonga,TON,2006,70.7,,106266
Tonga,TON,2007,70.9,,106744
Tonga,TON,2008,71.0,,107036
Tonga,TON,2009,70.9,,107219
Tonga,TON,2010,71.3,,107415
Tonga,TON,2011,71.4,,107584
Tonga,TON,2012,71.5,,107476
Tonga,TON,2013,71.6,,107093
Tonga,TON,2014,71.7,,106627
Tonga,TON,2015,71.9,,106110
Tonga,TON,2016,72.0,,105536
Tonga,TON,2017,72.1,,105373
Tonga,TON,2018,72.2,,105590
Tonga,TON,2019,72.3,,105688
Tonga,TON,2020,72.4,,105721
Tonga,TON,2021,72.1,,105504
Tonga,TON,2022,72.6,,105053
Trinidad and Tobago,TTO,1952,57.7,6282.0,683442
Trinidad and Tobago,TTO,1953,58.3,6303.0,701870
Trinidad and Tobago,TTO,1954,59.1,6239.0,721160
Trinidad and Tobago,TTO,1955,59.7,6880.0,741247
Trinidad and Tobago,TTO,1956,60.3,8064.0,761692
Trinidad and Tobago,TTO,1957,60.7,8518.0,782511
Trinidad and Tobago,TTO,1958,61.4,8941.0,803842
Trinidad and Tobago,TTO,1959,61.9,9154.0,825021
Trinidad and Tobago,TTO,1960,62.5,9964.0,844952
Trinidad and Tobago,TTO,1961,63.0,10155.0,863152
Trinidad and Tobago,TTO,1962,63.4,10383.0,880205
Trinidad and Tobago,TTO,1963,63.6,10708.0,896812
Trinidad and Tobago,TTO,1964,64.0,10841.0,912972
Trinidad and Tobago,TTO,1965,64.2,11206.0,928433
Trinidad and Tobago,TTO,1966,64.3,11531.0,942947
Trinidad and Tobago,TTO,1967,64.5,11679.0,956429
Trinidad and Tobago,TTO,1968,64.6,12248.0,969006
Trinidad and Tobago,TTO,1969,64.8,12588.0,980713
Trinidad and Tobago,TTO,1970,64.9,13141.0,991480
Trinidad and Tobago,TTO,1971,64.9,13185.0,1002588
Trinidad and Tobago,TTO,1972,65.2,13753.0,1014927
Trinidad and Tobago,TTO,1973,65.4,13844.0,1027860
Trinidad and Tobago,TTO,1974,65.5,14430.0,1040768
Trinidad and Tobago,TTO,1975,65.6,14534.0,1053468
Trinidad and Tobago,TTO,1976,66.0,15696.0,1066314
Trinidad and Tobago,TTO,1977,66.2,16412.0,1079560
Trinidad and Tobago,TTO,1978,66.2,18042.0,1093393
Trinidad and Tobago,TTO,1979,66.4,18568.0,1107652
Trinidad and Tobago,TTO,1980,66.5,19734.0,1121750
Trinidad and Tobago,TTO,1981,66.5,20298.0,1135140
Trinidad and Tobago,TTO,1982,66.4,18771.0,1147932
Trinidad and Tobago,TTO,1983,66.4,16982.0,1160537
Trinidad and Tobago,TTO,1984,66.6,17680.0,1172985
Trinidad and Tobago,TTO,1985,66.7,16671.0,1187370
Trinidad and Tobago,TTO,1986,66.9,15871.0,1203132
Trinidad and Tobago,TTO,1987,67.1,14929.0,1217367
Trinidad and Tobago,TTO,1988,67.4,14198.0,1230071
Trinidad and Tobago,TTO,1989,67.5,13970.0,1241606
Trinidad and Tobago,TTO,1990,67.6,14112.0,1252215
Trinidad and Tobago,TTO,1991,67.8,14060.7,1262174
Trinidad and Tobago,TTO,1992,67.8,14196.0,1271681
Trinidad and Tobago,TTO,1993,67.8,13745.8,1280474
Trinidad and Tobago,TTO,1994,67.8,13350.9,1288353
Trinidad and Tobago,TTO,1995,68.0,14187.7,1295167
Trinidad and Tobago,TTO,1996,68.0,15004.3,1300937
Trinidad and Tobago,TTO,1997,68.1,15931.7,1305838
Trinidad and Tobago,TTO,1998,68.3,17013.8,1310226
Trinidad and Tobago,TTO,1999,68.5,18159.9,1314711
Trinidad and Tobago,TTO,2000,68.6,19179.9,1319781
Trinidad and Tobago,TTO,2001,68.9,19736.7,1325573
Trinidad and Tobago,TTO,2002,69.2,21052.4,1332017
Trinidad and Tobago,TTO,2003,69.5,23814.1,1338718
Trinidad and Tobago,TTO,2004,69.9,25403.3,1345386
Trinidad and Tobago,TTO,2005,70.2,26651.8,1352040
Trinidad and Tobago,TTO,2006,70.4,29792.4,1358706
Trinidad and Tobago,TTO,2007,70.8,30806.2,1365381
Trinidad and Tobago,TTO,2008,71.1,31434.3,1372090
Trinidad and Tobago,TTO,2009,71.4,29657.5,1379056
Trinidad and Tobago,TTO,2010,71.8,30236.0,1386657
Trinidad and Tobago,TTO,2011,72.2,29745.0,1394990
Trinidad and Tobago,TTO,2012,72.5,30944.2,1403814
Trinidad and Tobago,TTO,2013,72.8,31977.0,1412658
Trinidad and Tobago,TTO,2014,72.9,32878.2,1421135
Trinidad and Tobago,TTO,2015,72.9,32480.6,1429190
Trinidad and Tobago,TTO,2016,72.9,30158.1,1437031
Trinidad and Tobago,TTO,2017,73.0,28618.2,1445265
Trinidad and Tobago,TTO,2018,72.7,27863.4,1470522
Trinidad and Tobago,TTO,2019,72.8,27582.6,1484898
Trinidad and Tobago,TTO,2020,72.6,25548.5,1481026
Trinidad and Tobago,TTO,2021,71.1,25237.7,1487715
Trinidad and Tobago,TTO,2022,73.3,25773.0,1495923
Tunisia,TUN,1952,39.3,1945.0,3758189
Tunisia,TUN,1953,39.7,1983.0,3837404
Tunisia,TUN,1954,40.0,1991.0,3919526
Tunisia,TUN,1955,40.8,1855.0,4005135
Tunisia,TUN,1956,41.3,1949.0,4082608
Tunisia,TUN,1957,42.1,1847.0,4136609
Tunisia,TUN,1958,42.7,2058.0,4177717
Tunisia,TUN,1959,43.4,1940.0,4220907
Tunisia,TUN,1960,44.0,2141.0,4267299
Tunisia,TUN,1961,44.3,2289.0,4316281
Tunisia,TUN,1962,45.6,2198.0,4369139
Tunisia,TUN,1963,46.4,2480.0,4427131
Tunisia,TUN,1964,47.3,2533.0,4489875
Tunisia,TUN,1965,48.2,2635.0,4561390
Tunisia,TUN,1966,49.2,2636.0,4652294
Tunisia,TUN,1967,50.2,2558.0,4760975
Tunisia,TUN,1968,51.3,2766.0,4879909
Tunisia,TUN,1969,52.3,2805.0,5004694
Tunisia,TUN,1970,53.8,2912.0,5131394
Tunisia,TUN,1971,54.9,3159.0,5261660
Tunisia,TUN,1972,56.1,3645.0,5396564
Tunisia,TUN,1973,57.1,3540.0,5537244
Tunisia,TUN,1974,58.3,3735.0,5684686
Tunisia,TUN,1975,59.3,3899.0,5839266
Tunisia,TUN,1976,60.3,4095.0,5996993
Tunisia,TUN,1977,61.3,4132.0,6155927
Tunisia,TUN,1978,62.1,4304.0,6309393
Tunisia,TUN,1979,62.9,4481.0,6456418
Tunisia,TUN,1980,63.7,4693.0,6606194
Tunisia,TUN,1981,64.4,4830.0,6758291
Tunisia,TUN,1982,65.0,4713.0,6908649
Tunisia,TUN,1983,65.7,4844.0,7053797
Tunisia,TUN,1984,66.3,4890.0,7220050
Tunisia,TUN,1985,66.9,5039.0,7409907
Tunisia,TUN,1986,67.4,4841.0,7600300
Tunisia,TUN,1987,68.0,5043.0,7789990
Tunisia,TUN,1988,68.5,4940.0,7974447
Tunisia,TUN,1989,68.8,5023.0,8151665
Tunisia,TUN,1990,69.1,5316.0,8324509
Tunisia,TUN,1991,69.4,5446.2,8501826
Tunisia,TUN,1992,69.7,5790.0,8682509
Tunisia,TUN,1993,70.0,5843.1,8857916
Tunisia,TUN,1994,70.4,5968.8,9018447
Tunisia,TUN,1995,70.8,6048.7,9161263
Tunisia,TUN,1996,71.2,6388.4,9294433
Tunisia,TUN,1997,71.7,6680.1,9421273
Tunisia,TUN,1998,72.1,6944.7,9541669
Tunisia,TUN,1999,72.3,7297.5,9655966
Tunisia,TUN,2000,72.6,7548.4,9764940
Tunisia,TUN,2001,72.8,7848.1,9869679
Tunisia,TUN,2002,73.1,7916.7,9971521
Tunisia,TUN,2003,73.3,8281.7,10071638
Tunisia,TUN,2004,73.5,8705.1,10166170
Tunisia,TUN,2005,73.7,8983.4,10255474
Tunisia,TUN,2006,73.9,9420.0,10346408
Tunisia,TUN,2007,74.0,9932.9,10441705
Tunisia,TUN,2008,74.2,10294.9,10542637
Tunisia,TUN,2009,74.3,10533.2,10650682
Tunisia,TUN,2010,74.4,10721.8,10765984
Tunisia,TUN,2011,74.5,10437.0,10886041
Tunisia,TUN,2012,74.6,10750.8,11009649
Tunisia,TUN,2013,74.7,10881.5,11141365
Tunisia,TUN,2014,74.8,11084.8,11274295
Tunisia,TUN,2015,74.9,11063.1,11402270
Tunisia,TUN,2016,75.0,11064.0,11528676
Tunisia,TUN,2017,75.2,11194.4,11650504
Tunisia,TUN,2018,75.4,11376.3,11765515
Tunisia,TUN,2019,75.6,11451.9,11875084
Tunisia,TUN,2020,75.0,10354.2,11974058
Tunisia,TUN,2021,72.9,10726.3,12048625
Tunisia,TUN,2022,76.1,10913.8,12119338
Turkey,TUR,1952,48.1,2522.0,22290093
Turkey,TUR,1953,48.2,2745.0,22958552
Turkey,TUR,1954,48.8,2609.0,23636110
Turkey,TUR,1955,49.1,2754.0,24310513
Turkey,TUR,1956,49.5,2777.0,25057603
Turkey,TUR,1957,49.2,2920.0,25880920
Turkey,TUR,1958,49.2,2973.0,26704966
Turkey,TUR,1959,50.1,3030.0,27526336
Turkey,TUR,1960,50.8,3041.0,28329895
Turkey,TUR,1961,51.6,3022.0,29119235
Turkey,TUR,1962,52.3,3142.0,29916149
Turkey,TUR,1963,53.1,3374.0,30726846
Turkey,TUR,1964,53.6,3453.0,31543074
Turkey,TUR,1965,54.1,3481.0,32345213
Turkey,TUR,1966,54.6,3824.0,33177679
Turkey,TUR,1967,55.2,3929.0,34050420
Turkey,TUR,1968,55.6,4122.0,34921681
Turkey,TUR,1969,56.2,4267.0,35787778
Turkey,TUR,1970,56.7,4398.0,36638458
Turkey,TUR,1971,57.2,4715.0,37518610
Turkey,TUR,1972,58.0,4929.0,38430215
Turkey,TUR,1973,58.5,5050.0,39329533
Turkey,TUR,1974,59.0,5353.0,40210234
Turkey,TUR,1975,59.5,5719.0,41053123
Turkey,TUR,1976,60.0,6110.0,41899990
Turkey,TUR,1977,60.8,6271.0,42773301
Turkey,TUR,1978,61.6,6350.0,43645306
Turkey,TUR,1979,62.2,6204.0,44510430
Turkey,TUR,1980,62.7,6070.0,45408818
Turkey,TUR,1981,63.2,6201.0,46321190
Turkey,TUR,1982,63.7,6381.0,47322104
Turkey,TUR,1983,64.3,6489.0,48447413
Turkey,TUR,1984,64.8,6736.0,49574065
Turkey,TUR,1985,65.3,6958.0,50687118
Turkey,TUR,1986,65.9,7323.0,51777768
Turkey,TUR,1987,66.4,7838.0,52843671
Turkey,TUR,1988,66.9,8019.0,53909628
Turkey,TUR,1989,67.4,7992.0,54976719
Turkey,TUR,1990,67.8,8606.0,56015627
Turkey,TUR,1991,68.3,8658.4,57009892
Turkey,TUR,1992,68.6,9150.4,57990121
Turkey,TUR,1993,69.0,9865.3,58999164
Turkey,TUR,1994,69.4,9308.7,60033832
Turkey,TUR,1995,69.7,9962.5,61024501
Turkey,TUR,1996,70.2,10644.6,61951134
Turkey,TUR,1997,70.7,11432.4,62852968
Turkey,TUR,1998,71.1,11772.8,63734385
Turkey,TUR,1999,70.8,11151.7,64591916
Turkey,TUR,2000,71.9,11904.0,65425957
Turkey,TUR,2001,72.3,10951.0,66245125
Turkey,TUR,2002,72.6,11754.0,67048792
Turkey,TUR,2003,72.9,12380.2,67831735
Turkey,TUR,2004,73.2,13423.8,68592621
Turkey,TUR,2005,73.5,14487.8,69329557
Turkey,TUR,2006,73.8,15425.2,70045351
Turkey,TUR,2007,74.1,16090.8,70750593
Turkey,TUR,2008,74.4,16182.7,71562343
Turkey,TUR,2009,74.7,15188.4,72464846
Turkey,TUR,2010,75.0,16528.1,73346766
Turkey,TUR,2011,74.8,17919.0,74215203
Turkey,TUR,2012,75.6,18539.2,75197196
Turkey,TUR,2013,76.2,19855.7,76403032
Turkey,TUR,2014,76.5,20557.4,78036154
Turkey,TUR,2015,76.5,21519.3,80014222
Turkey,TUR,2016,76.6,21937.2,81652087
Turkey,TUR,2017,77.0,23279.0,83083667
Turkey,TUR,2018,77.5,23650.5,84415966
Turkey,TUR,2019,77.7,23497.5,85357670
Turkey,TUR,2020,76.5,23721.9,86091691
Turkey,TUR,2021,75.7,26175.9,86686254
Turkey,TUR,2022,77.6,27362.0,87058469
Turkmenistan,TKM,1952,49.0,,1320542
Turkmenistan,TKM,1953,49.4,,1349681
Turkmenistan,TKM,1954,49.8,,1382365
Turkmenistan,TKM,1955,50.2,,1418174
Turkmenistan,TKM,1956,50.6,,1457212
Turkmenistan,TKM,1957,51.0,,1499562
Turkmenistan,TKM,1958,51.4,,1545182
Turkmenistan,TKM,1959,51.8,,1593426
Turkmenistan,TKM,1960,52.1,,1643462
Turkmenistan,TKM,1961,52.5,,1695407
Turkmenistan,TKM,1962,52.9,,1749224
Turkmenistan,TKM,1963,53.2,,1804267
Turkmenistan,TKM,1964,53.6,,1860001
Turkmenistan,TKM,1965,54.0,,1915919
Turkmenistan,TKM,1966,54.4,,1971746
Turkmenistan,TKM,1967,54.8,,2027402
Turkmenistan,TKM,1968,55.3,,2083075
Turkmenistan,TKM,1969,55.7,,2139031
Turkmenistan,TKM,1970,56.0,,2195617
Turkmenistan,TKM,1971,56.3,,2253123
Turkmenistan,TKM,1972,56.6,,2311431
Turkmenistan,TKM,1973,56.8,7693.0,2370918
Turkmenistan,TKM,1974,57.0,,2432032
Turkmenistan,TKM,1975,57.2,,2494573
Turkmenistan,TKM,1976,57.4,,2558525
Turkmenistan,TKM,1977,57.7,,2623946
Turkmenistan,TKM,1978,58.3,,2691095
Turkmenistan,TKM,1979,59.1,,2760361
Turkmenistan,TKM,1980,60.2,6763.0,2832201
Turkmenistan,TKM,1981,61.0,6666.0,2907193
Turkmenistan,TKM,1982,61.6,6575.0,2985566
Turkmenistan,TKM,1983,62.0,6535.0,3067535
Turkmenistan,TKM,1984,62.4,6314.0,3154080
Turkmenistan,TKM,1985,62.8,6186.0,3247541
Turkmenistan,TKM,1986,63.2,6204.0,3347813
Turkmenistan,TKM,1987,63.5,6194.0,3452736
Turkmenistan,TKM,1988,63.7,6601.0,3559364
Turkmenistan,TKM,1989,63.8,5915.0,3662464
Turkmenistan,TKM,1990,63.9,5796.0,3760561
Turkmenistan,TKM,1991,63.8,5457.8,3855902
Turkmenistan,TKM,1992,63.8,4587.8,3944689
Turkmenistan,TKM,1993,63.6,4604.4,4032415
Turkmenistan,TKM,1994,63.5,3769.6,4116662
Turkmenistan,TKM,1995,63.5,3473.7,4191207
Turkmenistan,TKM,1996,63.5,3227.0,4263818
Turkmenistan,TKM,1997,63.7,2856.1,4336732
Turkmenistan,TKM,1998,64.0,3037.7,4410511
Turkmenistan,TKM,1999,64.5,3527.2,4492174
Turkmenistan,TKM,2000,64.9,4173.2,4582675
Turkmenistan,TKM,2001,65.3,5014.1,4675416
Turkmenistan,TKM,2002,65.6,5795.6,4769473
Turkmenistan,TKM,2003,65.9,6784.6,4863871
Turkmenistan,TKM,2004,66.1,7781.7,4958091
Turkmenistan,TKM,2005,66.3,8791.7,5052260
Turkmenistan,TKM,2006,66.6,9752.4,5147103
Turkmenistan,TKM,2007,67.0,10829.4,5244047
Turkmenistan,TKM,2008,67.6,12426.7,5345033
Turkmenistan,TKM,2009,68.2,13188.4,5451597
Turkmenistan,TKM,2010,68.6,14397.1,5564356
Turkmenistan,TKM,2011,68.9,16518.0,5683413
Turkmenistan,TKM,2012,69.0,17333.7,5808548
Turkmenistan,TKM,2013,69.0,17080.5,5939348
Turkmenistan,TKM,2014,69.0,17536.8,6075286
Turkmenistan,TKM,2015,69.1,17857.3,6215773
Turkmenistan,TKM,2016,69.1,17484.6,6360041
Turkmenistan,TKM,2017,69.2,18104.4,6507065
Turkmenistan,TKM,2018,69.3,18064.1,6655523
Turkmenistan,TKM,2019,69.4,17264.2,6803943
Turkmenistan,TKM,2020,68.8,16580.8,6949915
Turkmenistan,TKM,2021,69.4,17169.1,7092042
Turkmenistan,TKM,2022,69.9,17234.6,7230197
Turks and Caicos Islands,TCA,1952,50.3,,5038
Turks and Caicos Islands,TCA,1953,51.1,,5008
Turks and Caicos Islands,TCA,1954,51.9,,5049
Turks and Caicos Islands,TCA,1955,52.7,,5157
Turks and Caicos Islands,TCA,1956,53.3,,5271
Turks and Caicos Islands,TCA,1957,54.1,,5383
Turks and Caicos Islands,TCA,1958,54.8,,5468
Turks and Caicos Islands,TCA,1959,55.6,,5557
Turks and Caicos Islands,TCA,1960,56.3,,5620
Turks and Caicos Islands,TCA,1961,57.1,,5643
Turks and Caicos Islands,TCA,1962,57.7,,5657
Turks and Caicos Islands,TCA,1963,58.4,,5674
Turks and Caicos Islands,TCA,1964,59.1,,5681
Turks and Caicos Islands,TCA,1965,59.8,,5683
Turks and Caicos Islands,TCA,1966,60.4,,5675
Turks and Caicos Islands,TCA,1967,61.0,,5684
Turks and Caicos Islands,TCA,1968,61.6,,5679
Turks and Caicos Islands,TCA,1969,62.1,,5674
Turks and Caicos Islands,TCA,1970,62.7,,5686
Turks and Caicos Islands,TCA,1971,63.3,,5773
Turks and Caicos Islands,TCA,1972,63.8,,5936
Turks and Caicos Islands,TCA,1973,64.2,,6112
Turks and Caicos Islands,TCA,1974,64.7,,6296
Turks and Caicos Islands,TCA,1975,65.2,,6486
Turks and Caicos Islands,TCA,1976,65.6,,6677
Turks and Caicos Islands,TCA,1977,66.0,,6885
Turks and Caicos Islands,TCA,1978,66.4,,7105
Turks and Caicos Islands,TCA,1979,66.8,,7327
Turks and Caicos Islands,TCA,1980,67.1,,7584
Turks and Caicos Islands,TCA,1981,67.4,,7927
Turks and Caicos Islands,TCA,1982,67.7,,8316
Turks and Caicos Islands,TCA,1983,68.1,,8722
Turks and Caicos Islands,TCA,1984,68.4,,9127
Turks and Caicos Islands,TCA,1985,68.7,,9545
Turks and Caicos Islands,TCA,1986,69.0,,9962
Turks and Caicos Islands,TCA,1987,69.3,,10384
Turks and Caicos Islands,TCA,1988,69.6,,10800
Turks and Caicos Islands,TCA,1989,69.9,,11213
Turks and Caicos Islands,TCA,1990,70.2,,11708
Turks and Caicos Islands,TCA,1991,70.5,,12328
Turks and Caicos Islands,TCA,1992,70.9,,12992
Turks and Caicos Islands,TCA,1993,71.2,,13670
Turks and Caicos Islands,TCA,1994,71.6,,14368
Turks and Caicos Islands,TCA,1995,71.9,,15074
Turks and Caicos Islands,TCA,1996,72.3,,15786
Turks and Caicos Islands,TCA,1997,72.7,,16505
Turks and Caicos Islands,TCA,1998,73.1,,17236
Turks and Caicos Islands,TCA,1999,73.5,,17981
Turks and Caicos Islands,TCA,2000,74.0,,18754
Turks and Caicos Islands,TCA,2001,74.4,,19603
Turks and Caicos Islands,TCA,2002,74.8,,20619
Turks and Caicos Islands,TCA,2003,75.3,,21749
Turks and Caicos Islands,TCA,2004,75.6,,22881
Turks and Caicos Islands,TCA,2005,76.0,,24011
Turks and Caicos Islands,TCA,2006,76.2,,25146
Turks and Caicos Islands,TCA,2007,76.4,,26290
Turks and Caicos Islands,TCA,2008,76.1,,27452
Turks and Caicos Islands,TCA,2009,76.7,,28610
Turks and Caicos Islands,TCA,2010,76.8,,29763
Turks and Caicos Islands,TCA,2011,76.9,,30870
Turks and Caicos Islands,TCA,2012,77.0,,32152
Turks and Caicos Islands,TCA,2013,77.1,,33675
Turks and Caicos Islands,TCA,2014,77.2,,35077
Turks and Caicos Islands,TCA,2015,77.3,,36632
Turks and Caicos Islands,TCA,2016,77.4,,38342
Turks and Caicos Islands,TCA,2017,77.5,,39931
Turks and Caicos Islands,TCA,2018,77.6,,41580
Turks and Caicos Islands,TCA,2019,77.7,,43191
Turks and Caicos Islands,TCA,2020,77.5,,44405
Turks and Caicos Islands,TCA,2021,77.2,,45262
Turks and Caicos Islands,TCA,2022,77.9,,45869
Tuvalu,TUV,1952,41.7,,5072
Tuvalu,TUV,1953,42.5,,5198
Tuvalu,TUV,1954,43.4,,5292
Tuvalu,TUV,1955,44.2,,5361
Tuvalu,TUV,1956,45.0,,5408
Tuvalu,TUV,1957,45.8,,5455
Tuvalu,TUV,1958,46.7,,5517
Tuvalu,TUV,1959,47.5,,5577
Tuvalu,TUV,1960,48.3,,5619
Tuvalu,TUV,1961,49.0,,5669
Tuvalu,TUV,1962,49.8,,5721
Tuvalu,TUV,1963,50.6,,5773
Tuvalu,TUV,1964,51.3,,5771
Tuvalu,TUV,1965,52.1,,5731
Tuvalu,TUV,1966,52.8,,5705
Tuvalu,TUV,1967,53.5,,5674
Tuvalu,TUV,1968,54.1,,5644
Tuvalu,TUV,1969,54.7,,5653
Tuvalu,TUV,1970,55.3,,5684
Tuvalu,TUV,1971,56.0,,5704
Tuvalu,TUV,1972,54.7,,5712
Tuvalu,TUV,1973,57.2,,5704
Tuvalu,TUV,1974,57.7,,5844
Tuvalu,TUV,1975,58.3,,6133
Tuvalu,TUV,1976,58.8,,6427
Tuvalu,TUV,1977,59.2,,6708
Tuvalu,TUV,1978,59.6,,6980
Tuvalu,TUV,1979,59.9,,7207
Tuvalu,TUV,1980,60.2,,7387
Tuvalu,TUV,1981,60.5,,7545
Tuvalu,TUV,1982,60.7,,7686
Tuvalu,TUV,1983,60.9,,7809
Tuvalu,TUV,1984,61.1,,7926
Tuvalu,TUV,1985,61.1,,8068
Tuvalu,TUV,1986,61.2,,8238
Tuvalu,TUV,1987,61.3,,8393
Tuvalu,TUV,1988,61.4,,8539
Tuvalu,TUV,1989,61.5,,8685
Tuvalu,TUV,1990,61.6,,8821
Tuvalu,TUV,1991,61.8,,8953
Tuvalu,TUV,1992,60.3,,9060
Tuvalu,TUV,1993,62.1,,9146
Tuvalu,TUV,1994,62.3,,9231
Tuvalu,TUV,1995,62.5,,9299
Tuvalu,TUV,1996,62.7,,9363
Tuvalu,TUV,1997,62.9,,9425
Tuvalu,TUV,1998,63.2,,9469
Tuvalu,TUV,1999,63.3,,9518
Tuvalu,TUV,2000,63.5,,9566
Tuvalu,TUV,2001,63.7,,9608
Tuvalu,TUV,2002,63.8,,9645
Tuvalu,TUV,2003,63.9,,9715
Tuvalu,TUV,2004,64.0,,9839
Tuvalu,TUV,2005,64.1,,9964
Tuvalu,TUV,2006,64.2,,10078
Tuvalu,TUV,2007,64.4,,10204
Tuvalu,TUV,2008,64.5,,10344
Tuvalu,TUV,2009,64.7,,10479
Tuvalu,TUV,2010,64.8,,10635
Tuvalu,TUV,2011,65.0,,10804
Tuvalu,TUV,2012,65.1,,10960
Tuvalu,TUV,2013,65.2,,11028
Tuvalu,TUV,2014,65.3,,11007
Tuvalu,TUV,2015,65.4,,10985
Tuvalu,TUV,2016,65.5,,10951
Tuvalu,TUV,2017,65.7,,10892
Tuvalu,TUV,2018,65.9,,10775
Tuvalu,TUV,2019,66.1,,10603
Tuvalu,TUV,2020,66.4,,10423
Tuvalu,TUV,2021,65.8,,10214
Tuvalu,TUV,2022,66.9,,10012
Uganda,UGA,1952,40.8,1058.0,6077045
Uganda,UGA,1953,41.3,1076.0,6249442
Uganda,UGA,1954,41.8,1033.0,6428381
Uganda,UGA,1955,42.4,1071.0,6613776
Uganda,UGA,1956,43.0,1100.0,6805457
Uganda,UGA,1957,43.7,1116.0,7003888
Uganda,UGA,1958,44.3,1092.0,7209760
Uganda,UGA,1959,45.0,1116.0,7423432
Uganda,UGA,1960,45.6,1137.0,7640975
Uganda,UGA,1961,46.3,1093.0,7862221
Uganda,UGA,1962,46.8,1106.0,8092231
Uganda,UGA,1963,47.4,1197.0,8333660
Uganda,UGA,1964,47.8,1251.0,8586366
Uganda,UGA,1965,48.3,1242.0,8849209
Uganda,UGA,1966,48.5,1280.0,9122864
Uganda,UGA,1967,49.0,1310.0,9408922
Uganda,UGA,1968,49.3,1304.0,9708633
Uganda,UGA,1969,49.5,1404.0,10014863
Uganda,UGA,1970,49.6,1382.0,10321608
Uganda,UGA,1971,47.1,1385.0,10618207
Uganda,UGA,1972,47.2,1364.0,10885795
Uganda,UGA,1973,47.0,1331.0,11144237
Uganda,UGA,1974,46.9,1302.0,11424845
Uganda,UGA,1975,46.5,1243.0,11725240
Uganda,UGA,1976,46.2,1219.0,12037302
Uganda,UGA,1977,45.8,1207.0,12359671
Uganda,UGA,1978,45.6,1111.0,12692122
Uganda,UGA,1979,45.4,966.0,13002167
Uganda,UGA,1980,43.5,912.0,13275751
Uganda,UGA,1981,43.5,923.0,13556457
Uganda,UGA,1982,43.3,972.0,13873637
Uganda,UGA,1983,43.5,1014.0,14221891
Uganda,UGA,1984,43.7,897.0,14607679
Uganda,UGA,1985,45.5,886.0,15023679
Uganda,UGA,1986,45.7,858.0,15467581
Uganda,UGA,1987,47.4,877.0,15954165
Uganda,UGA,1988,47.5,902.0,16470485
Uganda,UGA,1989,47.5,929.0,17010704
Uganda,UGA,1990,47.6,932.0,17569895
Uganda,UGA,1991,47.5,915.4,18155901
Uganda,UGA,1992,47.7,934.8,18785037
Uganda,UGA,1993,47.7,959.2,19445161
Uganda,UGA,1994,47.7,994.5,20108804
Uganda,UGA,1995,47.7,1054.7,20665673
Uganda,UGA,1996,47.8,1091.5,21231553
Uganda,UGA,1997,48.0,1107.5,21856044
Uganda,UGA,1998,48.3,1137.6,22515809
Uganda,UGA,1999,49.0,1185.4,23257279
Uganda,UGA,2000,49.6,1192.0,24000158
Uganda,UGA,2001,50.6,1255.9,24745678
Uganda,UGA,2002,51.4,1301.1,25532872
Uganda,UGA,2003,52.4,1335.0,26352124
Uganda,UGA,2004,53.7,1364.7,27154513
Uganda,UGA,2005,54.9,1451.1,27963287
Uganda,UGA,2006,56.1,1501.4,28794005
Uganda,UGA,2007,57.2,1569.8,29653437
Uganda,UGA,2008,58.3,1679.4,30539547
Uganda,UGA,2009,59.2,1757.4,31451147
Uganda,UGA,2010,60.0,1831.3,32390801
Uganda,UGA,2011,60.8,1890.0,33354541
Uganda,UGA,2012,61.6,1878.9,34337436
Uganda,UGA,2013,62.4,1895.5,35337050
Uganda,UGA,2014,63.1,1941.2,36395542
Uganda,UGA,2015,63.8,2026.8,37531444
Uganda,UGA,2016,64.5,1953.1,38799153
Uganda,UGA,2017,65.2,1998.6,40177384
Uganda,UGA,2018,65.8,2036.3,41565839
Uganda,UGA,2019,66.4,2128.9,42999636
Uganda,UGA,2020,66.4,2032.3,44457148
Uganda,UGA,2021,66.4,2083.8,45910931
Uganda,UGA,2022,67.7,2122.0,47312718
Ukraine,UKR,1952,62.1,,38306714
Ukraine,UKR,1953,63.0,,38806088
Ukraine,UKR,1954,64.1,,39320025
Ukraine,UKR,1955,65.3,,39859717
Ukraine,UKR,1956,66.3,,40419148
Ukraine,UKR,1957,67.2,,40998772
Ukraine,UKR,1958,67.7,,41627069
Ukraine,UKR,1959,68.7,,42244271
Ukraine,UKR,1960,69.4,,42824099
Ukraine,UKR,1961,70.0,,43399769
Ukraine,UKR,1962,70.4,,43943675
Ukraine,UKR,1963,70.7,,44462370
Ukraine,UKR,1964,71.0,,44951157
Ukraine,UKR,1965,71.1,,45386896
Ukraine,UKR,1966,71.2,,45802523
Ukraine,UKR,1967,71.1,,46215989
Ukraine,UKR,1968,71.0,,46614333
Ukraine,UKR,1969,70.8,,46976251
Ukraine,UKR,1970,70.8,,47261309
Ukraine,UKR,1971,70.9,,47573291
Ukraine,UKR,1972,71.0,,47946893
Ukraine,UKR,1973,70.8,7849.0,48277120
Ukraine,UKR,1974,70.6,,48576573
Ukraine,UKR,1975,70.4,,48865230
Ukraine,UKR,1976,70.1,,49120842
Ukraine,UKR,1977,70.0,,49336485
Ukraine,UKR,1978,69.8,,49521243
Ukraine,UKR,1979,69.8,,49721384
Ukraine,UKR,1980,69.8,8467.0,49955147
Ukraine,UKR,1981,69.8,8695.0,50189280
Ukraine,UKR,1982,69.9,8934.0,50402724
Ukraine,UKR,1983,69.9,9288.0,50637026
Ukraine,UKR,1984,70.0,9476.0,50887600
Ukraine,UKR,1985,70.4,9387.0,51108771
Ukraine,UKR,1986,70.8,9408.0,51318738
Ukraine,UKR,1987,71.2,9648.0,51515727
Ukraine,UKR,1988,71.0,9704.0,51724854
Ukraine,UKR,1989,70.8,10082.0,51917825
Ukraine,UKR,1990,70.4,9607.0,52054096
Ukraine,UKR,1991,69.7,8899.1,52170967
Ukraine,UKR,1992,68.9,8130.3,52323675
Ukraine,UKR,1993,68.3,7090.3,52350122
Ukraine,UKR,1994,67.5,5585.4,52076000
Ukraine,UKR,1995,67.1,5024.2,51665535
Ukraine,UKR,1996,67.1,4636.6,51226111
Ukraine,UKR,1997,67.7,4612.4,50786881
Ukraine,UKR,1998,68.0,4640.2,50379728
Ukraine,UKR,1999,68.0,4751.3,49976445
Ukraine,UKR,2000,67.8,5165.8,49556654
Ukraine,UKR,2001,67.7,5793.7,49106854
Ukraine,UKR,2002,67.7,6263.0,48677280
Ukraine,UKR,2003,67.6,7029.6,48315133
Ukraine,UKR,2004,67.5,8049.4,47979502
Ukraine,UKR,2005,67.5,8496.7,47585558
Ukraine,UKR,2006,67.5,9356.0,47278691
Ukraine,UKR,2007,67.7,10355.8,47062802
Ukraine,UKR,2008,68.3,10824.1,46819168
Ukraine,UKR,2009,69.2,9381.2,46623731
Ukraine,UKR,2010,70.2,9601.2,46455997
Ukraine,UKR,2011,70.7,10333.0,46307854
Ukraine,UKR,2012,71.1,10381.6,46210051
Ukraine,UKR,2013,71.5,10405.4,46126760
Ukraine,UKR,2014,71.8,9817.5,45972379
Ukraine,UKR,2015,72.7,8959.2,45784904
Ukraine,UKR,2016,73.4,9221.6,45616831
Ukraine,UKR,2017,74.0,9477.5,45436037
Ukraine,UKR,2018,73.6,9827.2,45208903
Ukraine,UKR,2019,73.9,10139.8,44957451
Ukraine,UKR,2020,73.3,9769.8,44680008
Ukraine,UKR,2021,71.6,10133.9,44298642
Ukraine,UKR,2022,72.7,7749.1,41048768
United Arab Emirates,ARE,1952,43.6,27490.0,84780
United Arab Emirates,ARE,1953,44.4,29358.0,90166
United Arab Emirates,ARE,1954,45.2,31695.0,95670
United Arab Emirates,ARE,1955,46.0,31374.0,101272
United Arab Emirates,ARE,1956,46.9,32481.0,106976
United Arab Emirates,ARE,1957,47.8,32329.0,112797
United Arab Emirates,ARE,1958,48.8,32473.0,118776
United Arab Emirates,ARE,1959,49.7,34153.0,124949
United Arab Emirates,ARE,1960,50.7,35758.0,131348
United Arab Emirates,ARE,1961,51.6,36949.0,138002
United Arab Emirates,ARE,1962,52.5,38654.0,144963
United Arab Emirates,ARE,1963,53.5,39889.0,152223
United Arab Emirates,ARE,1964,54.5,40927.0,159702
United Arab Emirates,ARE,1965,55.5,41705.0,167121
United Arab Emirates,ARE,1966,56.6,42213.0,173988
United Arab Emirates,ARE,1967,57.6,42416.0,179708
United Arab Emirates,ARE,1968,58.7,42040.0,199432
United Arab Emirates,ARE,1969,59.8,40639.0,239676
United Arab Emirates,ARE,1970,60.8,39135.0,286553
United Arab Emirates,ARE,1971,61.8,39540.0,335042
United Arab Emirates,ARE,1972,62.7,39540.0,385025
United Arab Emirates,ARE,1973,63.5,39669.0,436407
United Arab Emirates,ARE,1974,64.4,45347.0,489098
United Arab Emirates,ARE,1975,65.1,40591.0,542868
United Arab Emirates,ARE,1976,65.8,40803.0,615871
United Arab Emirates,ARE,1977,66.5,41915.0,710216
United Arab Emirates,ARE,1978,67.1,35936.0,809285
United Arab Emirates,ARE,1979,67.6,39534.0,912016
United Arab Emirates,ARE,1980,68.2,44168.0,1015711
United Arab Emirates,ARE,1981,68.6,42456.0,1099864
United Arab Emirates,ARE,1982,69.1,36635.0,1166383
United Arab Emirates,ARE,1983,69.4,32737.0,1235309
United Arab Emirates,ARE,1984,69.8,32135.0,1306005
United Arab Emirates,ARE,1985,70.1,29562.0,1377918
United Arab Emirates,ARE,1986,70.4,21949.0,1467386
United Arab Emirates,ARE,1987,70.6,21487.0,1574258
United Arab Emirates,ARE,1988,70.8,20215.0,1681797
United Arab Emirates,ARE,1989,71.0,21072.0,1789858
United Arab Emirates,ARE,1990,71.1,22254.0,1898220
United Arab Emirates,ARE,1991,71.1,,2006630
United Arab Emirates,ARE,1992,71.2,,2114738
United Arab Emirates,ARE,1993,71.2,25558.8,2222098
United Arab Emirates,ARE,1994,71.2,28334.6,2328191
United Arab Emirates,ARE,1995,71.4,31239.9,2434667
United Arab Emirates,ARE,1996,71.8,34042.7,2597570
United Arab Emirates,ARE,1997,72.6,38168.5,2817410
United Arab Emirates,ARE,1998,73.7,39667.8,3040432
United Arab Emirates,ARE,1999,75.0,42372.4,3266011
United Arab Emirates,ARE,2000,76.3,48888.0,3493583
United Arab Emirates,ARE,2001,77.6,51263.4,3723596
United Arab Emirates,ARE,2002,78.7,54077.5,3956829
United Arab Emirates,ARE,2003,79.6,59823.3,4192465
United Arab Emirates,ARE,2004,80.3,64925.7,4428964
United Arab Emirates,ARE,2005,80.8,65599.1,4664797
United Arab Emirates,ARE,2006,81.2,67830.9,5009106
United Arab Emirates,ARE,2007,81.4,65412.8,5624640
United Arab Emirates,ARE,2008,81.6,63862.1,6302669
United Arab Emirates,ARE,2009,81.7,58860.5,6707063
United Arab Emirates,ARE,2010,81.9,60112.4,6938372
United Arab Emirates,ARE,2011,81.9,65307.0,7199436
United Arab Emirates,ARE,2012,81.9,66007.0,7497122
United Arab Emirates,ARE,2013,82.0,66825.3,7831851
United Arab Emirates,ARE,2014,82.0,67791.4,8236880
United Arab Emirates,ARE,2015,82.1,71319.6,8674633
United Arab Emirates,ARE,2016,82.2,74293.0,9030873
United Arab Emirates,ARE,2017,82.4,73973.3,9234330
United Arab Emirates,ARE,2018,82.4,74206.5,9346870
United Arab Emirates,ARE,2019,82.6,74396.1,9377855
United Arab Emirates,ARE,2020,81.9,70188.3,9448529
United Arab Emirates,ARE,2021,79.1,72460.0,9789055
United Arab Emirates,ARE,2022,80.5,77203.7,10242085
United Kingdom,GBR,1952,69.5,11303.0,50496231
United Kingdom,GBR,1953,69.8,11709.0,50727035
United Kingdom,GBR,1954,70.2,12145.0,50958246
United Kingdom,GBR,1955,70.1,12541.0,51176749
United Kingdom,GBR,1956,70.4,12639.0,51400458
United Kingdom,GBR,1957,70.5,12779.0,51655911
United Kingdom,GBR,1958,70.7,12698.0,51935640
United Kingdom,GBR,1959,70.8,13134.0,52226466
United Kingdom,GBR,1960,71.0,13780.0,52538548
United Kingdom,GBR,1961,70.8,14118.0,52884952
United Kingdom,GBR,1962,70.9,14131.0,53272836
United Kingdom,GBR,1963,70.8,14583.0,53652939
United Kingdom,GBR,1964,71.5,15251.0,54009130
United Kingdom,GBR,1965,71.5,15545.0,54359022
United Kingdom,GBR,1966,71.4,15757.0,54676346
United Kingdom,GBR,1967,72.1,16018.0,54973661
United Kingdom,GBR,1968,71.7,16593.0,55240654
United Kingdom,GBR,1969,71.7,16820.0,55456208
United Kingdom,GBR,1970,71.9,17162.0,55663801
United Kingdom,GBR,1971,72.2,17440.0,55890372
United Kingdom,GBR,1972,72.0,18002.0,56079239
United Kingdom,GBR,1973,72.2,19168.0,56188787
United Kingdom,GBR,1974,72.4,18903.0,56224550
United Kingdom,GBR,1975,72.6,18884.0,56220139
United Kingdom,GBR,1976,72.6,19311.0,56201143
United Kingdom,GBR,1977,73.1,19740.0,56175829
United Kingdom,GBR,1978,73.0,20448.0,56175553
United Kingdom,GBR,1979,73.2,20988.0,56218759
United Kingdom,GBR,1980,73.6,20612.0,56282102
United Kingdom,GBR,1981,73.9,20319.0,56304590
United Kingdom,GBR,1982,74.0,20650.0,56292761
United Kingdom,GBR,1983,74.3,21366.0,56332060
United Kingdom,GBR,1984,74.7,21869.0,56451312
United Kingdom,GBR,1985,74.5,22579.0,56606416
United Kingdom,GBR,1986,74.8,23498.0,56751926
United Kingdom,GBR,1987,75.1,24536.0,56886021
United Kingdom,GBR,1988,75.3,25679.0,57026539
United Kingdom,GBR,1989,75.4,26164.0,57182137
United Kingdom,GBR,1990,75.7,26189.0,57367867
United Kingdom,GBR,1991,75.9,25792.0,57555199
United Kingdom,GBR,1992,76.3,25790.2,57719273
United Kingdom,GBR,1993,76.2,26349.3,57861037
United Kingdom,GBR,1994,76.7,27277.5,58003200
United Kingdom,GBR,1995,76.6,27861.2,58154632
United Kingdom,GBR,1996,76.9,28472.2,58298563
United Kingdom,GBR,1997,77.1,29259.8,58447091
United Kingdom,GBR,1998,77.3,30077.4,58626822
United Kingdom,GBR,1999,77.4,30932.5,58838663
United Kingdom,GBR,2000,77.8,31946.0,59057333
United Kingdom,GBR,2001,78.1,32660.4,59288095
United Kingdom,GBR,2002,78.2,33271.3,59540764
United Kingdom,GBR,2003,78.3,34232.4,59820385
United Kingdom,GBR,2004,78.9,34865.8,60169964
United Kingdom,GBR,2005,79.1,35623.6,60596107
United Kingdom,GBR,2006,79.3,36214.1,61051093
United Kingdom,GBR,2007,79.5,36816.7,61535859
United Kingdom,GBR,2008,79.7,36264.8,62027303
United Kingdom,GBR,2009,80.2,34402.4,62506222
United Kingdom,GBR,2010,80.4,34754.5,63006482
United Kingdom,GBR,2011,80.8,34971.0,63509285
United Kingdom,GBR,2012,80.9,35243.6,63960488
United Kingdom,GBR,2013,80.9,35660.6,64389386
United Kingdom,GBR,2014,81.2,36521.9,64865914
United Kingdom,GBR,2015,80.9,37101.2,65382107
United Kingdom,GBR,2016,81.1,37593.9,65893359
United Kingdom,GBR,2017,81.2,38283.9,66354473
United Kingdom,GBR,2018,81.1,38704.6,66752473
United Kingdom,GBR,2019,81.4,39113.0,67110958
United Kingdom,GBR,2020,80.4,34651.2,67351860
United Kingdom,GBR,2021,80.7,37134.3,67668788
United Kingdom,GBR,2022,81.1,38406.5,68179315
United States,USA,1952,68.4,16444.0,158794223
United States,USA,1953,68.7,16917.0,161168320
United States,USA,1954,69.5,16512.0,163636303
United States,USA,1955,69.6,17370.0,166200028
United States,USA,1956,69.6,17397.0,168824962
United States,USA,1957,69.4,17406.0,171499234
United States,USA,1958,69.7,16946.0,174215305
United States,USA,1959,69.9,17900.0,177145772
United States,USA,1960,69.8,18057.0,180274556
United States,USA,1961,70.3,18175.0,183489491
United States,USA,1962,70.1,18976.0,186724275
United States,USA,1963,69.9,19514.0,189825225
United States,USA,1964,70.2,20360.0,192819457
United States,USA,1965,70.2,21390.0,195653774
United States,USA,1966,70.2,22529.0,198265400
United States,USA,1967,70.5,22842.0,200699913
United States,USA,1968,70.2,23691.0,203011020
United States,USA,1969,70.5,24195.0,205300034
United States,USA,1970,70.7,23958.0,207796338
United States,USA,1971,71.1,24394.0,210426423
United States,USA,1972,71.2,25414.0,212842571
United States,USA,1973,71.4,26602.0,215006548
United States,USA,1974,72.0,26286.0,217076475
United States,USA,1975,72.5,25956.0,219129299
United States,USA,1976,72.8,27058.0,221168755
United States,USA,1977,73.2,28001.0,223259417
United States,USA,1978,73.4,29286.0,225396097
United States,USA,1979,73.8,29949.0,227575082
United States,USA,1980,73.7,29611.0,229858656
United States,USA,1981,74.1,30056.0,232201613
United States,USA,1982,74.5,29210.0,234583155
United States,USA,1983,74.6,30158.0,236986362
United States,USA,1984,74.7,32076.0,239353967
United States,USA,1985,74.6,33023.0,241690438
United States,USA,1986,74.7,33850.0,243953807
United States,USA,1987,74.9,34730.0,246161292
United States,USA,1988,74.8,35863.0,248393236
United States,USA,1989,75.1,36756.0,250675047
United States,USA,1990,75.4,36982.0,253373387
United States,USA,1991,75.5,36464.0,256471424
United States,USA,1992,75.8,37240.3,259606021
United States,USA,1993,75.6,37761.5,262633229
United States,USA,1994,75.7,38807.3,265474811
United States,USA,1995,75.9,39390.6,268205796
United States,USA,1996,76.2,40412.8,270860695
United States,USA,1997,76.5,41722.7,273468014
United States,USA,1998,76.7,43072.8,276119323
United States,USA,1999,76.7,44575.8,278785482
United States,USA,2000,76.8,45886.5,281484126
United States,USA,2001,76.9,45878.0,284279634
United States,USA,2002,77.0,46266.3,287084335
United States,USA,2003,77.1,47158.0,289908091
United States,USA,2004,77.5,48492.7,292786248
United States,USA,2005,77.5,49654.8,295716666
United States,USA,2006,77.8,50489.9,298730208
United States,USA,2007,78.0,50901.7,301844223
United States,USA,2008,78.1,50275.7,304970325
United States,USA,2009,78.5,48452.9,308023452
United States,USA,2010,78.7,49266.9,311062785
United States,USA,2011,78.7,49675.0,314105075
United States,USA,2012,78.8,50436.4,317115349
United States,USA,2013,78.8,51010.8,320110752
United States,USA,2014,78.9,51796.6,323115377
United States,USA,2015,78.7,52808.2,326126496
United States,USA,2016,78.7,53301.0,329179423
United States,USA,2017,78.6,54152.4,332204657
United States,USA,2018,78.8,55454.7,335056492
United States,USA,2019,78.9,56469.3,337790069
United States,USA,2020,77.0,54379.2,339436156
United States,USA,2021,76.4,57522.7,340161438
United States,USA,2022,78.0,58487.5,341534041
United States Virgin Islands,VIR,1952,58.9,,28219
United States Virgin Islands,VIR,1953,61.5,,28672
United States Virgin Islands,VIR,1954,63.8,,29184
United States Virgin Islands,VIR,1955,62.9,,29680
United States Virgin Islands,VIR,1956,60.9,,30157
United States Virgin Islands,VIR,1957,61.8,,30636
United States Virgin Islands,VIR,1958,64.6,,31150
United States Virgin Islands,VIR,1959,61.8,,31715
United States Virgin Islands,VIR,1960,62.7,,33041
United States Virgin Islands,VIR,1961,63.2,,35452
United States Virgin Islands,VIR,1962,62.8,,38338
United States Virgin Islands,VIR,1963,61.5,,41465
United States Virgin Islands,VIR,1964,64.2,,44857
United States Virgin Islands,VIR,1965,64.8,,48401
United States Virgin Islands,VIR,1966,63.7,,51783
United States Virgin Islands,VIR,1967,64.5,,54927
United States Virgin Islands,VIR,1968,65.2,,57848
United States Virgin Islands,VIR,1969,65.8,,60555
United States Virgin Islands,VIR,1970,66.4,,63874
United States Virgin Islands,VIR,1971,67.0,,67929
United States Virgin Islands,VIR,1972,65.5,,71931
United States Virgin Islands,VIR,1973,67.0,,75742
United States Virgin Islands,VIR,1974,67.3,,79320
United States Virgin Islands,VIR,1975,67.6,,82621
United States Virgin Islands,VIR,1976,67.9,,85719
United States Virgin Islands,VIR,1977,68.1,,88731
United States Virgin Islands,VIR,1978,68.3,,91629
United States Virgin Islands,VIR,1979,68.5,,94448
United States Virgin Islands,VIR,1980,68.7,,96580
United States Virgin Islands,VIR,1981,68.9,,97772
United States Virgin Islands,VIR,1982,69.1,,98653
United States Virgin Islands,VIR,1983,69.4,,99454
United States Virgin Islands,VIR,1984,69.5,,100178
United States Virgin Islands,VIR,1985,69.7,,100812
United States Virgin Islands,VIR,1986,70.0,,101347
United States Virgin Islands,VIR,1987,70.2,,101743
United States Virgin Islands,VIR,1988,70.4,,101957
United States Virgin Islands,VIR,1989,70.5,,101937
United States Virgin Islands,VIR,1990,70.7,,102318
United States Virgin Islands,VIR,1991,70.8,,103355
United States Virgin Islands,VIR,1992,71.0,,104430
United States Virgin Islands,VIR,1993,71.1,,105396
United States Virgin Islands,VIR,1994,71.2,,106242
United States Virgin Islands,VIR,1995,71.2,,106985
United States Virgin Islands,VIR,1996,71.6,,107608
United States Virgin Islands,VIR,1997,70.9,,108097
United States Virgin Islands,VIR,1998,71.3,,108441
United States Virgin Islands,VIR,1999,71.1,,108588
United States Virgin Islands,VIR,2000,71.8,,108591
United States Virgin Islands,VIR,2001,72.2,,108535
United States Virgin Islands,VIR,2002,72.1,,108433
United States Virgin Islands,VIR,2003,72.0,,108186
United States Virgin Islands,VIR,2004,71.8,,107851
United States Virgin Islands,VIR,2005,72.2,,107622
United States Virgin Islands,VIR,2006,72.5,,107463
United States Virgin Islands,VIR,2007,72.6,,107238
United States Virgin Islands,VIR,2008,72.7,,106971
United States Virgin Islands,VIR,2009,72.9,,106767
United States Virgin Islands,VIR,2010,73.2,,106325
United States Virgin Islands,VIR,2011,73.4,,105398
United States Virgin Islands,VIR,2012,73.7,,104307
United States Virgin Islands,VIR,2013,73.9,,103168
United States Virgin Islands,VIR,2014,74.2,,102012
United States Virgin Islands,VIR,2015,74.3,,100251
United States Virgin Islands,VIR,2016,74.4,,97795
United States Virgin Islands,VIR,2017,74.4,,95124
United States Virgin Islands,VIR,2018,74.7,,92317
United States Virgin Islands,VIR,2019,74.9,,89390
United States Virgin Islands,VIR,2020,74.7,,87724
United States Virgin Islands,VIR,2021,74.6,,87238
United States Virgin Islands,VIR,2022,75.0,,86521
Uruguay,URY,1952,66.1,7353.0,2281110
Uruguay,URY,1953,66.3,8030.0,2308051
Uruguay,URY,1954,66.5,8273.0,2336875
Uruguay,URY,1955,66.7,8176.0,2367035
Uruguay,URY,1956,66.9,8225.0,2398370
Uruguay,URY,1957,67.1,8176.0,2430772
Uruguay,URY,1958,67.3,7788.0,2463868
Uruguay,URY,1959,67.5,7450.0,2497153
Uruguay,URY,1960,67.7,7643.0,2529964
Uruguay,URY,1961,67.8,7740.0,2562047
Uruguay,URY,1962,67.9,7498.0,2593294
Uruguay,URY,1963,68.0,7450.0,2623767
Uruguay,URY,1964,68.1,7498.0,2653182
Uruguay,URY,1965,68.2,7498.0,2681172
Uruguay,URY,1966,68.3,7693.0,2707655
Uruguay,URY,1967,68.4,7305.0,2732283
Uruguay,URY,1968,68.5,7353.0,2754605
Uruguay,URY,1969,68.6,7740.0,2773985
Uruguay,URY,1970,68.7,8030.0,2790811
Uruguay,URY,1971,68.9,7933.0,2806462
Uruguay,URY,1972,69.2,7643.0,2821648
Uruguay,URY,1973,69.3,7885.0,2837143
Uruguay,URY,1974,69.5,8176.0,2853947
Uruguay,URY,1975,69.7,8563.0,2872328
Uruguay,URY,1976,69.9,8853.0,2891395
Uruguay,URY,1977,70.1,8950.0,2909469
Uruguay,URY,1978,70.3,9483.0,2925714
Uruguay,URY,1979,70.3,9966.0,2939906
Uruguay,URY,1980,70.5,10546.0,2951956
Uruguay,URY,1981,71.0,10643.0,2963250
Uruguay,URY,1982,71.5,9578.0,2975490
Uruguay,URY,1983,71.6,8950.0,2988779
Uruguay,URY,1984,71.7,8805.0,3002495
Uruguay,URY,1985,71.9,8901.0,3017044
Uruguay,URY,1986,72.2,9628.0,3032846
Uruguay,URY,1987,72.2,10305.0,3049896
Uruguay,URY,1988,72.4,10256.0,3067957
Uruguay,URY,1989,72.6,10305.0,3086254
Uruguay,URY,1990,73.0,10305.0,3104404
Uruguay,URY,1991,73.2,10586.4,3122357
Uruguay,URY,1992,73.2,11349.5,3139704
Uruguay,URY,1993,73.1,11581.7,3156351
Uruguay,URY,1994,73.2,12344.2,3172839
Uruguay,URY,1995,73.5,12092.6,3189438
Uruguay,URY,1996,73.8,12660.2,3206329
Uruguay,URY,1997,73.9,13226.5,3223349
Uruguay,URY,1998,74.0,13744.3,3239286
Uruguay,URY,1999,74.3,13348.8,3254020
Uruguay,URY,2000,74.7,13050.1,3266212
Uruguay,URY,2001,75.0,12463.9,3274257
Uruguay,URY,2002,75.0,11399.6,3278868
Uruguay,URY,2003,75.1,11438.7,3281188
Uruguay,URY,2004,75.3,11955.3,3283157
Uruguay,URY,2005,75.8,12757.5,3285776
Uruguay,URY,2006,75.9,13223.8,3289508
Uruguay,URY,2007,76.2,13976.4,3295155
Uruguay,URY,2008,76.3,14869.9,3302184
Uruguay,URY,2009,76.7,15144.0,3310093
Uruguay,URY,2010,76.7,16415.6,3318581
Uruguay,URY,2011,76.6,17211.0,3326829
Uruguay,URY,2012,76.7,17776.0,3335406
Uruguay,URY,2013,77.0,18553.3,3345335
Uruguay,URY,2014,77.2,19104.3,3356343
Uruguay,URY,2015,77.3,19123.6,3368022
Uruguay,URY,2016,77.4,19394.0,3379279
Uruguay,URY,2017,77.6,19656.6,3388444
Uruguay,URY,2018,77.5,19697.8,3394538
Uruguay,URY,2019,77.5,19714.1,3397206
Uruguay,URY,2020,78.4,18460.0,3398966
Uruguay,URY,2021,75.4,19222.3,3396693
Uruguay,URY,2022,76.5,20181.9,3390913
Uzbekistan,UZB,1952,54.0,,6536522
Uzbekistan,UZB,1953,54.3,,6698118
Uzbekistan,UZB,1954,54.6,,6869811
Uzbekistan,UZB,1955,54.9,,7054038
Uzbekistan,UZB,1956,55.2,,7252046
Uzbekistan,UZB,1957,55.5,,7463066
Uzbekistan,UZB,1958,55.9,,7689160
Uzbekistan,UZB,1959,56.2,,7935475
Uzbekistan,UZB,1960,56.5,,8209125
Uzbekistan,UZB,1961,56.9,,8517722
Uzbekistan,UZB,1962,57.2,,8854368
Uzbekistan,UZB,1963,57.6,,9202243
Uzbekistan,UZB,1964,57.9,,9557610
Uzbekistan,UZB,1965,58.3,,9921681
Uzbekistan,UZB,1966,58.6,,10289299
Uzbekistan,UZB,1967,59.0,,10659181
Uzbekistan,UZB,1968,59.4,,11032154
Uzbekistan,UZB,1969,59.7,,11403157
Uzbekistan,UZB,1970,60.1,,11762643
Uzbekistan,UZB,1971,60.4,,12111512
Uzbekistan,UZB,1972,60.8,,12465108
Uzbekistan,UZB,1973,61.1,8125.0,12831046
Uzbekistan,UZB,1974,61.4,,13209013
Uzbekistan,UZB,1975,61.6,,13598521
Uzbekistan,UZB,1976,61.9,,13998620
Uzbekistan,UZB,1977,62.2,,14408815
Uzbekistan,UZB,1978,62.4,,14816350
Uzbekistan,UZB,1979,62.7,,15215588
Uzbekistan,UZB,1980,63.0,7453.0,15619935
Uzbekistan,UZB,1981,63.2,7527.0,16035031
Uzbekistan,UZB,1982,63.5,7594.0,16462742
Uzbekistan,UZB,1983,63.8,7672.0,16908402
Uzbekistan,UZB,1984,64.1,7189.0,17378855
Uzbekistan,UZB,1985,64.6,7181.0,17875337
Uzbekistan,UZB,1986,65.0,6904.0,18395621
Uzbekistan,UZB,1987,65.5,6680.0,18930068
Uzbekistan,UZB,1988,65.8,7101.0,19460634
Uzbekistan,UZB,1989,65.8,7093.0,19977192
Uzbekistan,UZB,1990,65.8,6790.0,20464963
Uzbekistan,UZB,1991,65.5,6485.5,20962908
Uzbekistan,UZB,1992,65.2,5530.5,21485095
Uzbekistan,UZB,1993,64.9,5193.5,21987960
Uzbekistan,UZB,1994,64.7,4744.5,22463295
Uzbekistan,UZB,1995,64.7,4535.3,22917588
Uzbekistan,UZB,1996,64.8,4452.9,23351981
Uzbekistan,UZB,1997,65.0,4529.3,23758961
Uzbekistan,UZB,1998,65.2,4576.0,24134930
Uzbekistan,UZB,1999,65.3,4630.7,24476013
Uzbekistan,UZB,2000,65.5,4667.3,24787052
Uzbekistan,UZB,2001,65.9,4725.3,25090289
Uzbekistan,UZB,2002,66.4,4777.3,25399987
Uzbekistan,UZB,2003,66.9,4844.7,25711261
Uzbekistan,UZB,2004,67.2,5068.2,26029350
Uzbekistan,UZB,2005,67.5,5284.0,26356977
Uzbekistan,UZB,2006,67.9,5535.1,26699046
Uzbekistan,UZB,2007,68.5,5908.0,27076013
Uzbekistan,UZB,2008,69.0,6278.3,27494780
Uzbekistan,UZB,2009,69.5,6618.1,27939333
Uzbekistan,UZB,2010,69.8,7002.9,28385509
Uzbekistan,UZB,2011,70.1,7396.0,28823194
Uzbekistan,UZB,2012,70.4,7847.1,29261908
Uzbekistan,UZB,2013,70.7,8341.0,29724065
Uzbekistan,UZB,2014,71.0,8831.6,30222994
Uzbekistan,UZB,2015,71.3,9381.3,30749349
Uzbekistan,UZB,2016,71.6,9845.4,31284565
Uzbekistan,UZB,2017,71.7,10182.7,31819172
Uzbekistan,UZB,2018,72.0,10682.4,32373489
Uzbekistan,UZB,2019,72.1,11219.2,32964700
Uzbekistan,UZB,2020,71.5,11341.9,33586373
Uzbekistan,UZB,2021,71.7,12076.1,34243696
Uzbekistan,UZB,2022,72.1,12559.4,34938953
Vanuatu,VUT,1952,45.3,,53285
Vanuatu,VUT,1953,45.8,,54316
Vanuatu,VUT,1954,46.5,,55435
Vanuatu,VUT,1955,47.1,,56650
Vanuatu,VUT,1956,47.7,,57941
Vanuatu,VUT,1957,48.2,,59391
Vanuatu,VUT,1958,48.7,,60999
Vanuatu,VUT,1959,49.3,,62683
Vanuatu,VUT,1960,49.8,,64446
Vanuatu,VUT,1961,50.4,,66279
Vanuatu,VUT,1962,50.9,,68188
Vanuatu,VUT,1963,51.5,,70171
Vanuatu,VUT,1964,52.0,,72232
Vanuatu,VUT,1965,52.5,,74375
Vanuatu,VUT,1966,53.1,,76605
Vanuatu,VUT,1967,53.7,,78935
Vanuatu,VUT,1968,54.2,,81334
Vanuatu,VUT,1969,54.8,,83770
Vanuatu,VUT,1970,55.3,,86283
Vanuatu,VUT,1971,55.9,,88881
Vanuatu,VUT,1972,56.4,,91578
Vanuatu,VUT,1973,57.0,,94379
Vanuatu,VUT,1974,57.6,,97273
Vanuatu,VUT,1975,58.1,,100288
Vanuatu,VUT,1976,58.7,,103402
Vanuatu,VUT,1977,59.2,,106634
Vanuatu,VUT,1978,59.9,,109980
Vanuatu,VUT,1979,60.9,,113061
Vanuatu,VUT,1980,61.3,,115683
Vanuatu,VUT,1981,61.9,,118268
Vanuatu,VUT,1982,62.5,,121051
Vanuatu,VUT,1983,63.1,,124013
Vanuatu,VUT,1984,63.5,,127125
Vanuatu,VUT,1985,63.9,,130375
Vanuatu,VUT,1986,64.6,,133737
Vanuatu,VUT,1987,64.4,,137206
Vanuatu,VUT,1988,65.7,,140769
Vanuatu,VUT,1989,66.0,,144410
Vanuatu,VUT,1990,66.7,,148073
Vanuatu,VUT,1991,67.1,,151807
Vanuatu,VUT,1992,67.4,,155619
Vanuatu,VUT,1993,67.7,,159475
Vanuatu,VUT,1994,68.0,,163328
Vanuatu,VUT,1995,68.1,,167155
Vanuatu,VUT,1996,68.2,,170926
Vanuatu,VUT,1997,68.3,,174638
Vanuatu,VUT,1998,68.4,,178322
Vanuatu,VUT,1999,67.9,,182056
Vanuatu,VUT,2000,68.6,,186290
Vanuatu,VUT,2001,68.7,,191047
Vanuatu,VUT,2002,68.8,,195871
Vanuatu,VUT,2003,68.9,,200760
Vanuatu,VUT,2004,69.0,,205720
Vanuatu,VUT,2005,69.2,,210772
Vanuatu,VUT,2006,69.1,,215939
Vanuatu,VUT,2007,69.1,,221291
Vanuatu,VUT,2008,69.3,,226908
Vanuatu,VUT,2009,69.4,,232740
Vanuatu,VUT,2010,69.6,,238256
Vanuatu,VUT,2011,69.7,,243483
Vanuatu,VUT,2012,69.9,,248894
Vanuatu,VUT,2013,70.0,,254495
Vanuatu,VUT,2014,70.0,,260247
Vanuatu,VUT,2015,70.2,,266115
Vanuatu,VUT,2016,70.4,,272097
Vanuatu,VUT,2017,70.5,,278518
Vanuatu,VUT,2018,70.6,,285273
Vanuatu,VUT,2019,70.8,,291995
Vanuatu,VUT,2020,70.4,,298867
Vanuatu,VUT,2021,70.0,,305882
Vanuatu,VUT,2022,71.3,,313061
Vatican,VAT,1952,65.7,,901
Vatican,VAT,1953,66.3,,907
Vatican,VAT,1954,67.5,,914
Vatican,VAT,1955,67.8,,921
Vatican,VAT,1956,67.3,,926
Vatican,VAT,1957,67.5,,928
Vatican,VAT,1958,68.7,,930
Vatican,VAT,1959,69.2,,931
Vatican,VAT,1960,69.2,,929
Vatican,VAT,1961,69.8,,926
Vatican,VAT,1962,69.2,,928
Vatican,VAT,1963,69.3,,929
Vatican,VAT,1964,70.3,,931
Vatican,VAT,1965,70.1,,901
Vatican,VAT,1966,70.9,,854
Vatican,VAT,1967,70.9,,816
Vatican,VAT,1968,70.7,,785
Vatican,VAT,1969,70.7,,769
Vatican,VAT,1970,71.5,,758
Vatican,VAT,1971,71.7,,750
Vatican,VAT,1972,72.0,,746
Vatican,VAT,1973,71.9,,745
Vatican,VAT,1974,72.7,,743
Vatican,VAT,1975,72.6,,742
Vatican,VAT,1976,72.9,,746
Vatican,VAT,1977,73.3,,749
Vatican,VAT,1978,73.7,,752
Vatican,VAT,1979,74.0,,755
Vatican,VAT,1980,74.1,,754
Vatican,VAT,1981,74.3,,753
Vatican,VAT,1982,74.8,,750
Vatican,VAT,1983,74.7,,747
Vatican,VAT,1984,75.1,,744
Vatican,VAT,1985,75.5,,741
Vatican,VAT,1986,75.7,,740
Vatican,VAT,1987,76.2,,740
Vatican,VAT,1988,76.4,,737
Vatican,VAT,1989,76.8,,737
Vatican,VAT,1990,76.9,,736
Vatican,VAT,1991,76.9,,737
Vatican,VAT,1992,77.3,,736
Vatican,VAT,1993,77.0,,729
Vatican,VAT,1994,77.7,,720
Vatican,VAT,1995,77.8,,714
Vatican,VAT,1996,78.5,,709
Vatican,VAT,1997,78.2,,706
Vatican,VAT,1998,78.3,,707
Vatican,VAT,1999,78.7,,706
Vatican,VAT,2000,79.3,,701
Vatican,VAT,2001,79.9,,691
Vatican,VAT,2002,80.0,,684
Vatican,VAT,2003,79.8,,674
Vatican,VAT,2004,80.2,,667
Vatican,VAT,2005,80.6,,667
Vatican,VAT,2006,81.2,,664
Vatican,VAT,2007,81.3,,657
Vatican,VAT,2008,81.4,,648
Vatican,VAT,2009,81.3,,637
Vatican,VAT,2010,81.5,,629
Vatican,VAT,2011,81.7,,624
Vatican,VAT,2012,82.0,,612
Vatican,VAT,2013,82.5,,598
Vatican,VAT,2014,82.6,,587
Vatican,VAT,2015,82.5,,579
Vatican,VAT,2016,82.9,,571
Vatican,VAT,2017,82.7,,563
Vatican,VAT,2018,83.3,,552
Vatican,VAT,2019,83.6,,543
Vatican,VAT,2020,83.0,,536
Vatican,VAT,2021,82.9,,527
Vatican,VAT,2022,83.3,,513
Venezuela,VEN,1952,52.7,9309.0,5981378
Venezuela,VEN,1953,53.4,9500.0,6234772
Venezuela,VEN,1954,54.1,10020.0,6492813
Venezuela,VEN,1955,54.8,10501.0,6755819
Venezuela,VEN,1956,55.5,11136.0,7024324
Venezuela,VEN,1957,56.2,11923.0,7299445
Venezuela,VEN,1958,56.9,11615.0,7581981
Venezuela,VEN,1959,57.7,12078.0,7869228
Venezuela,VEN,1960,58.4,12116.0,8160087
Venezuela,VEN,1961,59.1,12231.0,8455921
Venezuela,VEN,1962,59.7,12848.0,8756880
Venezuela,VEN,1963,60.5,13232.0,9064019
Venezuela,VEN,1964,61.2,14019.0,9377715
Venezuela,VEN,1965,61.9,14347.0,9697793
Venezuela,VEN,1966,62.9,14174.0,10024858
Venezuela,VEN,1967,63.6,14250.0,10358514
Venezuela,VEN,1968,63.9,14520.0,10697538
Venezuela,VEN,1969,63.8,14655.0,11040279
Venezuela,VEN,1970,64.8,15289.0,11387795
Venezuela,VEN,1971,65.2,15192.0,11741013
Venezuela,VEN,1972,65.6,15135.0,12099184
Venezuela,VEN,1973,65.7,15540.0,12463539
Venezuela,VEN,1974,66.2,15943.0,12835356
Venezuela,VEN,1975,66.7,16385.0,13215889
Venezuela,VEN,1976,67.3,17174.0,13606286
Venezuela,VEN,1977,67.7,17693.0,14006819
Venezuela,VEN,1978,68.1,17481.0,14416680
Venezuela,VEN,1979,68.2,17135.0,14834551
Venezuela,VEN,1980,68.2,16270.0,15258225
Venezuela,VEN,1981,68.7,15750.0,15687305
Venezuela,VEN,1982,69.0,15423.0,16121876
Venezuela,VEN,1983,69.5,14155.0,16562202
Venezuela,VEN,1984,69.7,13597.0,17008838
Venezuela,VEN,1985,70.0,13270.0,17461433
Venezuela,VEN,1986,70.5,13751.0,17923542
Venezuela,VEN,1987,70.7,13866.0,18394970
Venezuela,VEN,1988,70.8,14308.0,18871021
Venezuela,VEN,1989,70.8,12750.0,19348925
Venezuela,VEN,1990,71.0,13251.0,19827005
Venezuela,VEN,1991,71.2,14274.5,20304898
Venezuela,VEN,1992,71.2,14901.6,20780946
Venezuela,VEN,1993,71.4,14693.9,21254525
Venezuela,VEN,1994,71.3,14129.3,21725186
Venezuela,VEN,1995,71.7,14448.3,22193822
Venezuela,VEN,1996,71.9,14211.8,22662117
Venezuela,VEN,1997,72.6,14894.3,23131691
Venezuela,VEN,1998,72.4,14739.1,23601341
Venezuela,VEN,1999,72.1,13669.5,24066595
Venezuela,VEN,2000,72.4,13992.6,24526707
Venezuela,VEN,2001,71.0,14298.0,24979934
Venezuela,VEN,2002,72.8,12856.0,25435674
Venezuela,VEN,2003,72.1,11728.2,25892710
Venezuela,VEN,2004,72.8,13713.0,26340843
Venezuela,VEN,2005,73.1,14944.3,26785797
Venezuela,VEN,2006,73.0,16253.7,27224691
Venezuela,VEN,2007,73.3,17386.1,27649369
Venezuela,VEN,2008,72.6,18019.1,28053694
Venezuela,VEN,2009,72.8,17242.9,28438296
Venezuela,VEN,2010,73.1,17105.6,28813101
Venezuela,VEN,2011,73.1,17746.0,29185220
Venezuela,VEN,2012,73.1,18486.5,29553829
Venezuela,VEN,2013,73.1,18484.2,29912195
Venezuela,VEN,2014,72.8,17579.2,30254080
Venezuela,VEN,2015,73.0,16333.1,30573968
Venezuela,VEN,2016,72.0,13428.8,30765719
Venezuela,VEN,2017,71.9,11364.0,30565331
Venezuela,VEN,2018,72.6,9446.2,29807591
Venezuela,VEN,2019,72.8,7061.8,28938096
Venezuela,VEN,2020,72.4,4952.5,28444080
Venezuela,VEN,2021,71.5,4896.8,28237830
Venezuela,VEN,2022,72.6,5267.2,28213015
Vietnam,VNM,1952,49.4,1106.0,26143915
Vietnam,VNM,1953,50.0,1135.0,26757963
Vietnam,VNM,1954,52.0,1167.0,27427907
Vietnam,VNM,1955,54.8,1195.0,28166451
Vietnam,VNM,1956,55.5,1218.0,28922317
Vietnam,VNM,1957,56.2,1235.0,29754431
Vietnam,VNM,1958,56.8,1251.0,30658455
Vietnam,VNM,1959,57.4,1262.0,31585551
Vietnam,VNM,1960,58.0,1274.0,32531929
Vietnam,VNM,1961,58.5,1294.0,33409060
Vietnam,VNM,1962,58.2,1411.0,34288562
Vietnam,VNM,1963,56.9,1406.0,35249107
Vietnam,VNM,1964,57.5,1427.0,36201568
Vietnam,VNM,1965,57.0,1398.0,37129660
Vietnam,VNM,1966,56.9,1369.0,38024835
Vietnam,VNM,1967,56.7,1165.0,38895083
Vietnam,VNM,1968,52.7,1114.0,39734609
Vietnam,VNM,1969,54.8,1178.0,40582097
Vietnam,VNM,1970,54.9,1172.0,41475227
Vietnam,VNM,1971,55.6,1202.0,42449281
Vietnam,VNM,1972,51.9,1278.0,43429169
Vietnam,VNM,1973,55.7,1333.0,44409864
Vietnam,VNM,1974,54.8,1248.0,45413538
Vietnam,VNM,1975,61.9,1132.0,46482905
Vietnam,VNM,1976,63.7,1290.0,47684927
Vietnam,VNM,1977,64.1,1304.0,48954875
Vietnam,VNM,1978,64.5,1285.0,50249551
Vietnam,VNM,1979,65.0,1267.0,51378214
Vietnam,VNM,1980,65.3,1207.0,52490098
Vietnam,VNM,1981,65.8,1223.0,53738141
Vietnam,VNM,1982,66.2,1293.0,55011292
Vietnam,VNM,1983,66.5,1333.0,56337918
Vietnam,VNM,1984,66.9,1420.0,57706071
Vietnam,VNM,1985,67.2,1471.0,59060622
Vietnam,VNM,1986,67.6,1481.0,60347044
Vietnam,VNM,1987,68.0,1500.0,61584645
Vietnam,VNM,1988,68.6,1556.0,62843234
Vietnam,VNM,1989,68.8,1588.0,64147354
Vietnam,VNM,1990,69.0,1634.0,65504551
Vietnam,VNM,1991,69.3,1688.2,66891778
Vietnam,VNM,1992,69.6,1792.7,68260336
Vietnam,VNM,1993,70.0,1894.9,69586394
Vietnam,VNM,1994,70.4,2018.4,70854393
Vietnam,VNM,1995,70.9,2167.0,72049945
Vietnam,VNM,1996,71.3,2323.0,73156456
Vietnam,VNM,1997,71.7,2466.9,74226890
Vietnam,VNM,1998,72.3,2564.3,75299665
Vietnam,VNM,1999,72.6,2641.3,76287454
Vietnam,VNM,2000,72.7,2773.1,77154016
Vietnam,VNM,2001,73.0,2915.7,77969357
Vietnam,VNM,2002,73.1,3070.7,78772227
Vietnam,VNM,2003,73.2,3242.3,79563778
Vietnam,VNM,2004,73.1,3437.7,80338977
Vietnam,VNM,2005,73.2,3637.7,81088309
Vietnam,VNM,2006,73.3,3828.9,82167901
Vietnam,VNM,2007,73.4,4037.2,83633374
Vietnam,VNM,2008,73.5,4200.2,85175789
Vietnam,VNM,2009,73.5,4360.1,86460023
Vietnam,VNM,2010,73.6,4571.8,87455148
Vietnam,VNM,2011,73.7,4786.0,88468315
Vietnam,VNM,2012,73.8,4988.0,89510355
Vietnam,VNM,2013,73.8,5199.8,90573103
Vietnam,VNM,2014,73.9,5465.5,91679582
Vietnam,VNM,2015,74.0,5776.5,92823254
Vietnam,VNM,2016,74.0,6089.6,94000115
Vietnam,VNM,2017,74.0,6437.7,95176978
Vietnam,VNM,2018,74.1,6842.1,96237319
Vietnam,VNM,2019,74.2,7266.0,97173778
Vietnam,VNM,2020,75.4,7395.4,98079196
Vietnam,VNM,2021,74.1,7507.8,98935101
Vietnam,VNM,2022,74.5,8050.4,99680656
Wallis and Futuna,WLF,1952,44.4,,9201
Wallis and Futuna,WLF,1953,44.7,,9572
Wallis and Futuna,WLF,1954,45.0,,9739
Wallis and Futuna,WLF,1955,45.3,,9665
Wallis and Futuna,WLF,1956,45.7,,9538
Wallis and Futuna,WLF,1957,46.1,,9359
Wallis and Futuna,WLF,1958,46.5,,9155
Wallis and Futuna,WLF,1959,46.9,,8921
Wallis and Futuna,WLF,1960,47.3,,8646
Wallis and Futuna,WLF,1961,47.7,,8326
Wallis and Futuna,WLF,1962,48.2,,8173
Wallis and Futuna,WLF,1963,48.6,,8217
Wallis and Futuna,WLF,1964,49.1,,8277
Wallis and Futuna,WLF,1965,49.6,,8300
Wallis and Futuna,WLF,1966,50.1,,8324
Wallis and Futuna,WLF,1967,50.6,,8409
Wallis and Futuna,WLF,1968,51.1,,8521
Wallis and Futuna,WLF,1969,51.7,,8675
Wallis and Futuna,WLF,1970,52.3,,8857
Wallis and Futuna,WLF,1971,52.9,,9014
Wallis and Futuna,WLF,1972,53.5,,9160
Wallis and Futuna,WLF,1973,54.1,,9285
Wallis and Futuna,WLF,1974,54.8,,9383
Wallis and Futuna,WLF,1975,55.5,,9357
Wallis and Futuna,WLF,1976,56.2,,9426
Wallis and Futuna,WLF,1977,56.9,,9770
Wallis and Futuna,WLF,1978,57.7,,10201
Wallis and Futuna,WLF,1979,58.5,,10660
Wallis and Futuna,WLF,1980,59.3,,11139
Wallis and Futuna,WLF,1981,60.1,,11642
Wallis and Futuna,WLF,1982,61.0,,12163
Wallis and Futuna,WLF,1983,61.9,,12525
Wallis and Futuna,WLF,1984,62.9,,12688
Wallis and Futuna,WLF,1985,64.0,,12822
Wallis and Futuna,WLF,1986,65.0,,12956
Wallis and Futuna,WLF,1987,66.5,,13085
Wallis and Futuna,WLF,1988,67.8,,13224
Wallis and Futuna,WLF,1989,68.9,,13364
Wallis and Futuna,WLF,1990,69.9,,13503
Wallis and Futuna,WLF,1991,70.6,,13654
Wallis and Futuna,WLF,1992,71.1,,13799
Wallis and Futuna,WLF,1993,70.6,,13949
Wallis and Futuna,WLF,1994,72.0,,14084
Wallis and Futuna,WLF,1995,72.5,,14222
Wallis and Futuna,WLF,1996,73.1,,14340
Wallis and Futuna,WLF,1997,73.8,,14438
Wallis and Futuna,WLF,1998,74.5,,14553
Wallis and Futuna,WLF,1999,75.0,,14675
Wallis and Futuna,WLF,2000,75.4,,14804
Wallis and Futuna,WLF,2001,75.6,,14931
Wallis and Futuna,WLF,2002,75.7,,15048
Wallis and Futuna,WLF,2003,75.8,,15071
Wallis and Futuna,WLF,2004,75.9,,14916
Wallis and Futuna,WLF,2005,76.1,,14635
Wallis and Futuna,WLF,2006,76.3,,14333
Wallis and Futuna,WLF,2007,76.5,,14020
Wallis and Futuna,WLF,2008,76.7,,13706
Wallis and Futuna,WLF,2009,76.8,,13436
Wallis and Futuna,WLF,2010,76.8,,13189
Wallis and Futuna,WLF,2011,76.9,,12942
Wallis and Futuna,WLF,2012,77.0,,12709
Wallis and Futuna,WLF,2013,77.2,,12500
Wallis and Futuna,WLF,2014,77.3,,12328
Wallis and Futuna,WLF,2015,77.5,,12185
Wallis and Futuna,WLF,2016,77.5,,12057
Wallis and Futuna,WLF,2017,77.6,,11945
Wallis and Futuna,WLF,2018,77.8,,11827
Wallis and Futuna,WLF,2019,78.0,,11711
Wallis and Futuna,WLF,2020,78.2,,11640
Wallis and Futuna,WLF,2021,77.5,,11590
Wallis and Futuna,WLF,2022,78.5,,11501
Western Sahara,ESH,1952,35.7,,15559
Western Sahara,ESH,1953,36.0,,16990
Western Sahara,ESH,1954,36.4,,18553
Western Sahara,ESH,1955,36.8,,20230
Western Sahara,ESH,1956,37.2,,22024
Western Sahara,ESH,1957,37.6,,23920
Western Sahara,ESH,1958,37.9,,25937
Western Sahara,ESH,1959,38.3,,28084
Western Sahara,ESH,1960,38.7,,30344
Western Sahara,ESH,1961,39.1,,32743
Western Sahara,ESH,1962,39.5,,35270
Western Sahara,ESH,1963,39.8,,37914
Western Sahara,ESH,1964,40.2,,40679
Western Sahara,ESH,1965,40.6,,43550
Western Sahara,ESH,1966,41.0,,46543
Western Sahara,ESH,1967,41.3,,50647
Western Sahara,ESH,1968,41.8,,56002
Western Sahara,ESH,1969,42.2,,61663
Western Sahara,ESH,1970,42.7,,71745
Western Sahara,ESH,1971,42.9,,78738
Western Sahara,ESH,1972,43.5,,78269
Western Sahara,ESH,1973,44.2,,77665
Western Sahara,ESH,1974,45.0,,76496
Western Sahara,ESH,1975,36.0,,66911
Western Sahara,ESH,1976,36.3,,64509
Western Sahara,ESH,1977,38.3,,77407
Western Sahara,ESH,1978,40.4,,90904
Western Sahara,ESH,1979,37.5,,104999
Western Sahara,ESH,1980,39.4,,117389
Western Sahara,ESH,1981,44.2,,126906
Western Sahara,ESH,1982,45.2,,134496
Western Sahara,ESH,1983,46.1,,140600
Western Sahara,ESH,1984,46.9,,146165
Western Sahara,ESH,1985,47.8,,151772
Western Sahara,ESH,1986,48.5,,157376
Western Sahara,ESH,1987,48.8,,162892
Western Sahara,ESH,1988,52.1,,168420
Western Sahara,ESH,1989,51.4,,173937
Western Sahara,ESH,1990,57.7,,179553
Western Sahara,ESH,1991,58.2,,185312
Western Sahara,ESH,1992,58.7,,190948
Western Sahara,ESH,1993,59.2,,196484
Western Sahara,ESH,1994,59.7,,201927
Western Sahara,ESH,1995,60.2,,209941
Western Sahara,ESH,1996,60.7,,221402
Western Sahara,ESH,1997,61.2,,233786
Western Sahara,ESH,1998,61.7,,246315
Western Sahara,ESH,1999,62.2,,258979
Western Sahara,ESH,2000,62.7,,271946
Western Sahara,ESH,2001,63.2,,285197
Western Sahara,ESH,2002,63.7,,298468
Western Sahara,ESH,2003,64.2,,311791
Western Sahara,ESH,2004,64.7,,325197
Western Sahara,ESH,2005,65.2,,338704
Western Sahara,ESH,2006,65.7,,352658
Western Sahara,ESH,2007,66.1,,366874
Western Sahara,ESH,2008,66.6,,380834
Western Sahara,ESH,2009,67.1,,394959
Western Sahara,ESH,2010,67.5,,409722
Western Sahara,ESH,2011,67.9,,425093
Western Sahara,ESH,2012,68.2,,441033
Western Sahara,ESH,2013,68.6,,457436
Western Sahara,ESH,2014,69.0,,472591
Western Sahara,ESH,2015,69.3,,486232
Western Sahara,ESH,2016,69.6,,499658
Western Sahara,ESH,2017,69.9,,512851
Western Sahara,ESH,2018,70.1,,525790
Western Sahara,ESH,2019,70.4,,538450
Western Sahara,ESH,2020,70.6,,549374
Western Sahara,ESH,2021,70.9,,558625
Western Sahara,ESH,2022,71.1,,568746
Yemen,YEM,1952,29.6,1473.0,4758168
Yemen,YEM,1953,30.0,1482.0,4837297
Yemen,YEM,1954,30.4,1492.0,4921135
Yemen,YEM,1955,30.8,1502.0,5009669
Yemen,YEM,1956,31.3,1508.0,5103102
Yemen,YEM,1957,31.8,1516.0,5201614
Yemen,YEM,1958,32.4,1522.0,5305739
Yemen,YEM,1959,32.9,1529.0,5415917
Yemen,YEM,1960,33.5,1537.0,5532299
Yemen,YEM,1961,34.1,1545.0,5655237
Yemen,YEM,1962,33.7,1554.0,5782227
Yemen,YEM,1963,33.4,1568.0,5911141
Yemen,YEM,1964,34.9,1576.0,6048014
Yemen,YEM,1965,35.6,1588.0,6195597
Yemen,YEM,1966,36.3,1605.0,6351492
Yemen,YEM,1967,37.1,1624.0,6516449
Yemen,YEM,1968,38.0,1639.0,6690524
Yemen,YEM,1969,39.6,1658.0,6875859
Yemen,YEM,1970,40.6,1961.0,7065279
Yemen,YEM,1971,41.8,2254.0,7257468
Yemen,YEM,1972,42.7,2383.0,7460068
Yemen,YEM,1973,43.6,2614.0,7672798
Yemen,YEM,1974,44.5,2703.0,7896789
Yemen,YEM,1975,45.5,2844.0,8133602
Yemen,YEM,1976,46.4,3193.0,8384119
Yemen,YEM,1977,47.4,3446.0,8648223
Yemen,YEM,1978,48.5,3636.0,8926592
Yemen,YEM,1979,49.5,3733.0,9224198
Yemen,YEM,1980,50.6,3650.0,9543358
Yemen,YEM,1981,51.7,3767.0,9882368
Yemen,YEM,1982,52.4,3724.0,10241006
Yemen,YEM,1983,53.6,3827.0,10621498
Yemen,YEM,1984,54.6,3861.0,11025596
Yemen,YEM,1985,55.4,3717.0,11453825
Yemen,YEM,1986,54.0,3684.0,11901045
Yemen,YEM,1987,56.8,3712.0,12369914
Yemen,YEM,1988,57.4,3747.0,12859720
Yemen,YEM,1989,58.0,3751.0,13364180
Yemen,YEM,1990,58.5,3622.0,13887863
Yemen,YEM,1991,58.8,3661.9,14430205
Yemen,YEM,1992,59.3,3759.7,14989497
Yemen,YEM,1993,59.7,3712.3,15563919
Yemen,YEM,1994,59.8,3775.1,16149147
Yemen,YEM,1995,60.5,3823.3,16740057
Yemen,YEM,1996,60.9,3855.6,17313181
Yemen,YEM,1997,61.3,3927.7,17873943
Yemen,YEM,1998,61.8,4044.1,18446015
Yemen,YEM,1999,62.3,4080.2,19029421
Yemen,YEM,2000,62.8,4212.1,19624139
Yemen,YEM,2001,63.3,4249.0,20226146
Yemen,YEM,2002,63.8,4292.1,20835092
Yemen,YEM,2003,64.4,4326.5,21456379
Yemen,YEM,2004,64.9,4371.4,22095161
Yemen,YEM,2005,65.4,4485.6,22790082
Yemen,YEM,2006,65.8,4497.3,23543090
Yemen,YEM,2007,66.2,4516.1,24318090
Yemen,YEM,2008,66.6,4549.0,25111941
Yemen,YEM,2009,66.9,4593.5,25927723
Yemen,YEM,2010,67.2,4812.3,26754383
Yemen,YEM,2011,67.4,4088.0,27582902
Yemen,YEM,2012,67.6,4064.3,28433655
Yemen,YEM,2013,68.0,4139.8,29312955
Yemen,YEM,2014,68.0,4019.4,30226311
Yemen,YEM,2015,66.8,2820.6,31159378
Yemen,YEM,2016,67.1,2495.5,32109023
Yemen,YEM,2017,67.1,2315.0,33090923
Yemen,YEM,2018,65.9,2281.5,34085181
Yemen,YEM,2019,66.6,2265.3,35111416
Yemen,YEM,2020,66.4,2031.4,36134867
Yemen,YEM,2021,66.0,1972.2,37140234
Yemen,YEM,2022,68.0,1959.3,38222878
Zambia,ZMB,1952,47.6,1140.0,2467263
Zambia,ZMB,1953,48.0,1184.0,2543546
Zambia,ZMB,1954,48.4,1231.0,2622276
Zambia,ZMB,1955,48.8,1173.0,2703549
Zambia,ZMB,1956,49.1,1280.0,2787416
Zambia,ZMB,1957,49.5,1302.0,2874074
Zambia,ZMB,1958,49.9,1237.0,2963872
Zambia,ZMB,1959,50.3,1458.0,3057056
Zambia,ZMB,1960,50.6,1530.0,3153730
Zambia,ZMB,1961,51.0,1495.0,3254085
Zambia,ZMB,1962,51.3,1443.0,3358098
Zambia,ZMB,1963,51.6,1438.0,3465914
Zambia,ZMB,1964,51.2,1588.0,3577015
Zambia,ZMB,1965,52.1,1828.0,3692088
Zambia,ZMB,1966,52.3,1683.0,3812003
Zambia,ZMB,1967,52.5,1765.0,3936350
Zambia,ZMB,1968,52.7,1741.0,4065601
Zambia,ZMB,1969,53.0,1683.0,4197117
Zambia,ZMB,1970,53.4,1710.0,4321726
Zambia,ZMB,1971,53.9,1661.0,4442528
Zambia,ZMB,1972,54.4,1761.0,4569311
Zambia,ZMB,1973,54.9,1693.0,4702694
Zambia,ZMB,1974,55.4,1776.0,4842750
Zambia,ZMB,1975,55.7,1659.0,4990087
Zambia,ZMB,1976,56.1,1707.0,5143847
Zambia,ZMB,1977,56.3,1578.0,5302477
Zambia,ZMB,1978,56.3,1541.0,5465379
Zambia,ZMB,1979,56.0,1451.0,5631734
Zambia,ZMB,1980,55.5,1452.0,5802841
Zambia,ZMB,1981,55.0,1492.0,5983299
Zambia,ZMB,1982,54.4,1398.0,6178638
Zambia,ZMB,1983,53.7,1320.0,6381045
Zambia,ZMB,1984,52.9,1269.0,6580497
Zambia,ZMB,1985,52.0,1250.0,6780953
Zambia,ZMB,1986,51.1,1215.0,6986475
Zambia,ZMB,1987,50.4,1203.0,7191285
Zambia,ZMB,1988,49.7,1239.0,7391450
Zambia,ZMB,1989,48.9,1215.0,7589226
Zambia,ZMB,1990,48.2,1285.0,7786163
Zambia,ZMB,1991,47.4,1279.8,7981653
Zambia,ZMB,1992,47.0,1308.9,8176677
Zambia,ZMB,1993,46.7,1312.3,8373920
Zambia,ZMB,1994,46.3,1142.2,8576270
Zambia,ZMB,1995,46.1,1180.9,8785768
Zambia,ZMB,1996,45.8,1260.7,9004059
Zambia,ZMB,1997,45.7,1311.4,9237064
Zambia,ZMB,1998,45.7,1309.0,9482414
Zambia,ZMB,1999,45.9,1373.9,9740013
Zambia,ZMB,2000,46.6,1428.5,10017633
Zambia,ZMB,2001,47.4,1504.4,10325186
Zambia,ZMB,2002,48.5,1579.0,10647955
Zambia,ZMB,2003,49.6,1698.6,10983604
Zambia,ZMB,2004,50.5,1828.3,11338201
Zambia,ZMB,2005,51.6,1970.0,11718819
Zambia,ZMB,2006,52.7,2133.6,12129560
Zambia,ZMB,2007,53.7,2318.6,12565093
Zambia,ZMB,2008,54.8,2504.8,13021327
Zambia,ZMB,2009,55.9,2743.3,13490395
Zambia,ZMB,2010,56.9,3032.1,13965592
Zambia,ZMB,2011,57.8,3205.0,14437796
Zambia,ZMB,2012,58.7,3344.9,14913631
Zambia,ZMB,2013,59.4,3409.3,15399000
Zambia,ZMB,2014,60.1,3461.1,15895320
Zambia,ZMB,2015,60.7,3454.4,16399092
Zambia,ZMB,2016,61.1,3476.9,16914428
Zambia,ZMB,2017,61.6,3489.9,17441328
Zambia,ZMB,2018,62.1,3521.5,17973574
Zambia,ZMB,2019,62.9,3466.2,18513839
Zambia,ZMB,2020,63.4,3270.6,19059394
Zambia,ZMB,2021,62.4,3321.6,19603610
Zambia,ZMB,2022,65.3,3342.4,20152935
Zimbabwe,ZWE,1952,50.2,1154.0,2972913
Zimbabwe,ZWE,1953,50.6,1211.0,3067172
Zimbabwe,ZWE,1954,51.0,1231.0,3163884
Zimbabwe,ZWE,1955,51.4,1288.0,3263221
Zimbabwe,ZWE,1956,51.8,1422.0,3365533
Zimbabwe,ZWE,1957,52.2,1473.0,3471158
Zimbabwe,ZWE,1958,52.6,1444.0,3580185
Zimbabwe,ZWE,1959,53.0,1474.0,3692810
Zimbabwe,ZWE,1960,53.5,1495.0,3809392
Zimbabwe,ZWE,1961,54.0,1524.0,3930402
Zimbabwe,ZWE,1962,54.5,1497.0,4055968
Zimbabwe,ZWE,1963,54.9,1436.0,4185875
Zimbabwe,ZWE,1964,55.4,1519.0,4320004
Zimbabwe,ZWE,1965,55.9,1568.0,4458457
Zimbabwe,ZWE,1966,56.4,1541.0,4601223
Zimbabwe,ZWE,1967,56.8,1618.0,4748309
Zimbabwe,ZWE,1968,57.1,1592.0,4900440
Zimbabwe,ZWE,1969,57.5,1731.0,5058185
Zimbabwe,ZWE,1970,57.8,2043.0,5215919
Zimbabwe,ZWE,1971,58.0,2157.0,5374719
Zimbabwe,ZWE,1972,58.2,2268.0,5542444
Zimbabwe,ZWE,1973,58.1,2283.0,5720413
Zimbabwe,ZWE,1974,58.2,2275.0,5908337
Zimbabwe,ZWE,1975,58.2,2235.0,6098653
Zimbabwe,ZWE,1976,57.6,2163.0,6287107
Zimbabwe,ZWE,1977,57.0,1946.0,6449517
Zimbabwe,ZWE,1978,54.7,1964.0,6543573
Zimbabwe,ZWE,1979,54.9,1930.0,6647557
Zimbabwe,ZWE,1980,59.1,2064.0,7041304
Zimbabwe,ZWE,1981,59.4,2243.0,7498641
Zimbabwe,ZWE,1982,59.9,2240.0,7796503
Zimbabwe,ZWE,1983,60.0,2190.0,8098408
Zimbabwe,ZWE,1984,60.6,2067.0,8391494
Zimbabwe,ZWE,1985,60.9,2128.0,8686815
Zimbabwe,ZWE,1986,61.0,2107.0,8982579
Zimbabwe,ZWE,1987,60.7,2004.0,9284649
Zimbabwe,ZWE,1988,60.2,2114.0,9583099
Zimbabwe,ZWE,1989,59.4,2181.0,9864797
Zimbabwe,ZWE,1990,58.3,2160.0,10137287
Zimbabwe,ZWE,1991,57.0,2222.3,10404820
Zimbabwe,ZWE,1992,55.6,1971.4,10702697
Zimbabwe,ZWE,1993,54.0,1948.9,10860285
Zimbabwe,ZWE,1994,52.5,2110.7,10873146
Zimbabwe,ZWE,1995,51.1,2102.9,10974607
Zimbabwe,ZWE,1996,49.0,2292.5,11158364
Zimbabwe,ZWE,1997,48.5,2326.5,11369833
Zimbabwe,ZWE,1998,47.6,2369.0,11594299
Zimbabwe,ZWE,1999,46.4,2323.0,11783454
Zimbabwe,ZWE,2000,46.0,2211.2,11892055
Zimbabwe,ZWE,2001,44.5,2193.7,11971904
Zimbabwe,ZWE,2002,45.9,2025.3,12087661
Zimbabwe,ZWE,2003,45.4,1701.0,12232324
Zimbabwe,ZWE,2004,46.0,1604.5,12365901
Zimbabwe,ZWE,2005,46.6,1496.0,12483433
Zimbabwe,ZWE,2006,47.1,1455.7,12636442
Zimbabwe,ZWE,2007,47.6,1422.2,12804062
Zimbabwe,ZWE,2008,48.5,1197.5,12959154
Zimbabwe,ZWE,2009,49.7,1285.0,13142791
Zimbabwe,ZWE,2010,51.9,1401.9,13356551
Zimbabwe,ZWE,2011,53.9,1515.0,13595421
Zimbabwe,ZWE,2012,55.4,1749.9,13817887
Zimbabwe,ZWE,2013,56.8,1766.4,14013811
Zimbabwe,ZWE,2014,58.1,1789.0,14207367
Zimbabwe,ZWE,2015,59.0,1798.8,14399008
Zimbabwe,ZWE,2016,59.8,1782.8,14600297
Zimbabwe,ZWE,2017,60.3,1843.9,14812484
Zimbabwe,ZWE,2018,60.9,1900.2,15034457
Zimbabwe,ZWE,2019,61.1,1753.0,15271377
Zimbabwe,ZWE,2020,61.5,1586.0,15526887
Zimbabwe,ZWE,2021,60.1,1687.3,15797220
Zimbabwe,ZWE,2022,62.4,1703.5,16069061
